-- RiverScout Database Seed
-- Generated 2026-04-08T02:57:02.645Z
-- 48 states, counting rivers...

-- ══ STATES ══
INSERT INTO public.states (key, name, abbr, label, filters, filter_labels) VALUES ('mi', 'Michigan', 'MI', 'Michigan Rivers', ARRAY['all','lp','up','wild','nat','ww'], '{"all":"All","lp":"Lower Peninsula","up":"Upper Peninsula","wild":"Wild & Scenic","nat":"Natural River","ww":"Whitewater"}') ON CONFLICT (key) DO NOTHING;
INSERT INTO public.states (key, name, abbr, label, filters, filter_labels) VALUES ('wv', 'West Virginia', 'WV', 'West Virginia Rivers', ARRAY['all','ww','wild','mtnst','flat'], '{"all":"All","ww":"Whitewater","wild":"Wild & Scenic","mtnst":"Mountain Classics","flat":"Scenic / Flatwater"}') ON CONFLICT (key) DO NOTHING;
INSERT INTO public.states (key, name, abbr, label, filters, filter_labels) VALUES ('co', 'Colorado', 'CO', 'Colorado Rivers', ARRAY['all','ww','wild','mtn','front'], '{"all":"All","ww":"Whitewater","wild":"Wild & Scenic","mtn":"Mountain","front":"Front Range"}') ON CONFLICT (key) DO NOTHING;
INSERT INTO public.states (key, name, abbr, label, filters, filter_labels) VALUES ('id', 'Idaho', 'ID', 'Idaho Rivers', ARRAY['all','ww','wild','remote','mtn'], '{"all":"All","ww":"Whitewater","wild":"Wild & Scenic","remote":"Backcountry","mtn":"Mountain"}') ON CONFLICT (key) DO NOTHING;
INSERT INTO public.states (key, name, abbr, label, filters, filter_labels) VALUES ('or', 'Oregon', 'OR', 'Oregon Rivers', ARRAY['all','ww','wild','coastal','desert'], '{"all":"All","ww":"Whitewater","wild":"Wild & Scenic","coastal":"Cascades","desert":"High Desert"}') ON CONFLICT (key) DO NOTHING;
INSERT INTO public.states (key, name, abbr, label, filters, filter_labels) VALUES ('wa', 'Washington', 'WA', 'Washington Rivers', ARRAY['all','ww','wild','pnw','eastside'], '{"all":"All","ww":"Whitewater","wild":"Wild & Scenic","pnw":"West Cascades","eastside":"East Cascades"}') ON CONFLICT (key) DO NOTHING;
INSERT INTO public.states (key, name, abbr, label, filters, filter_labels) VALUES ('pa', 'Pennsylvania', 'PA', 'Pennsylvania Rivers', ARRAY['all','ww','wild','nat','scenic'], '{"all":"All","ww":"Whitewater","wild":"Wild & Scenic","nat":"Natural Area","scenic":"Scenic"}') ON CONFLICT (key) DO NOTHING;
INSERT INTO public.states (key, name, abbr, label, filters, filter_labels) VALUES ('mt', 'Montana', 'MT', 'Montana Rivers', ARRAY['all','ww','wild','remote','fishing'], '{"all":"All","ww":"Whitewater","wild":"Wild & Scenic","remote":"Backcountry","fishing":"Blue-Ribbon Fishing"}') ON CONFLICT (key) DO NOTHING;
INSERT INTO public.states (key, name, abbr, label, filters, filter_labels) VALUES ('tn', 'Tennessee', 'TN', 'Tennessee Rivers', ARRAY['all','ww','wild','nat','appalachian'], '{"all":"All","ww":"Whitewater","wild":"Wild & Scenic","nat":"Natural Area","appalachian":"Appalachians"}') ON CONFLICT (key) DO NOTHING;
INSERT INTO public.states (key, name, abbr, label, filters, filter_labels) VALUES ('ca', 'California', 'CA', 'California Rivers', ARRAY['all','ww','wild','sierra','coastal'], '{"all":"All","ww":"Whitewater","wild":"Wild & Scenic","sierra":"Sierra Nevada","coastal":"Coast Ranges"}') ON CONFLICT (key) DO NOTHING;
INSERT INTO public.states (key, name, abbr, label, filters, filter_labels) VALUES ('va', 'Virginia', 'VA', 'Virginia Rivers', ARRAY['all','ww','wild','appalachian','piedmont'], '{"all":"All","ww":"Whitewater","wild":"Wild & Scenic","appalachian":"Appalachians","piedmont":"Piedmont"}') ON CONFLICT (key) DO NOTHING;
INSERT INTO public.states (key, name, abbr, label, filters, filter_labels) VALUES ('ky', 'Kentucky', 'KY', 'Kentucky Rivers', ARRAY['all','ww','wild','scenic','cave'], '{"all":"All","ww":"Whitewater","wild":"Wild & Scenic","scenic":"Scenic","cave":"Cave Country"}') ON CONFLICT (key) DO NOTHING;
INSERT INTO public.states (key, name, abbr, label, filters, filter_labels) VALUES ('nc', 'North Carolina', 'NC', 'North Carolina Rivers', ARRAY['all','ww','wild','appalachian','piedmont'], '{"all":"All","ww":"Whitewater","wild":"Wild & Scenic","appalachian":"Appalachians","piedmont":"Piedmont"}') ON CONFLICT (key) DO NOTHING;
INSERT INTO public.states (key, name, abbr, label, filters, filter_labels) VALUES ('az', 'Arizona', 'AZ', 'Arizona Rivers', ARRAY['all','ww','wild','desert','canyon'], '{"all":"All","ww":"Whitewater","wild":"Wild & Scenic","desert":"Desert Rivers","canyon":"Canyon Country"}') ON CONFLICT (key) DO NOTHING;
INSERT INTO public.states (key, name, abbr, label, filters, filter_labels) VALUES ('wy', 'Wyoming', 'WY', 'Wyoming Rivers', ARRAY['all','ww','wild','remote','fishing'], '{"all":"All","ww":"Whitewater","wild":"Wild & Scenic","remote":"Backcountry","fishing":"Blue-Ribbon Fishing"}') ON CONFLICT (key) DO NOTHING;
INSERT INTO public.states (key, name, abbr, label, filters, filter_labels) VALUES ('ut', 'Utah', 'UT', 'Utah Rivers', ARRAY['all','ww','wild','desert','canyon'], '{"all":"All","ww":"Whitewater","wild":"Wild & Scenic","desert":"Desert Rivers","canyon":"Canyon Country"}') ON CONFLICT (key) DO NOTHING;
INSERT INTO public.states (key, name, abbr, label, filters, filter_labels) VALUES ('nm', 'New Mexico', 'NM', 'New Mexico Rivers', ARRAY['all','ww','wild','desert','canyon'], '{"all":"All","ww":"Whitewater","wild":"Wild & Scenic","desert":"Desert Rivers","canyon":"Canyon Country"}') ON CONFLICT (key) DO NOTHING;
INSERT INTO public.states (key, name, abbr, label, filters, filter_labels) VALUES ('me', 'Maine', 'ME', 'Maine Rivers', ARRAY['all','ww','wild','remote','fishing'], '{"all":"All","ww":"Whitewater","wild":"Wild & Scenic","remote":"Backcountry","fishing":"Brook Trout"}') ON CONFLICT (key) DO NOTHING;
INSERT INTO public.states (key, name, abbr, label, filters, filter_labels) VALUES ('ny', 'New York', 'NY', 'New York Rivers', ARRAY['all','ww','wild','scenic','adirondack'], '{"all":"All","ww":"Whitewater","wild":"Wild & Scenic","scenic":"Scenic","adirondack":"Adirondacks"}') ON CONFLICT (key) DO NOTHING;
INSERT INTO public.states (key, name, abbr, label, filters, filter_labels) VALUES ('ga', 'Georgia', 'GA', 'Georgia Rivers', ARRAY['all','ww','wild','piedmont','appalachian'], '{"all":"All","ww":"Whitewater","wild":"Wild & Scenic","piedmont":"Piedmont","appalachian":"Appalachians"}') ON CONFLICT (key) DO NOTHING;
INSERT INTO public.states (key, name, abbr, label, filters, filter_labels) VALUES ('mn', 'Minnesota', 'MN', 'Minnesota Rivers', ARRAY['all','ww','wild','bwca','fishing'], '{"all":"All","ww":"Whitewater","wild":"Wild & Scenic","bwca":"Boundary Waters","fishing":"Fishing"}') ON CONFLICT (key) DO NOTHING;
INSERT INTO public.states (key, name, abbr, label, filters, filter_labels) VALUES ('wi', 'Wisconsin', 'WI', 'Wisconsin Rivers', ARRAY['all','ww','wild','northwoods','fishing'], '{"all":"All","ww":"Whitewater","wild":"Wild & Scenic","northwoods":"Northwoods","fishing":"Fishing"}') ON CONFLICT (key) DO NOTHING;
INSERT INTO public.states (key, name, abbr, label, filters, filter_labels) VALUES ('ia', 'Iowa', 'IA', 'Iowa Rivers', ARRAY['all','scenic','fishing','prairie','bluffs'], '{"all":"All","scenic":"Scenic","fishing":"Fishing","prairie":"Prairie Rivers","bluffs":"Bluff Country"}') ON CONFLICT (key) DO NOTHING;
INSERT INTO public.states (key, name, abbr, label, filters, filter_labels) VALUES ('mo', 'Missouri', 'MO', 'Missouri Rivers', ARRAY['all','ww','scenic','ozark','spring'], '{"all":"All","ww":"Whitewater","scenic":"Scenic","ozark":"Ozarks","spring":"Spring-Fed"}') ON CONFLICT (key) DO NOTHING;
INSERT INTO public.states (key, name, abbr, label, filters, filter_labels) VALUES ('ar', 'Arkansas', 'AR', 'Arkansas Rivers', ARRAY['all','ww','scenic','ozark','spring'], '{"all":"All","ww":"Whitewater","scenic":"Scenic","ozark":"Ozarks","spring":"Spring-Fed"}') ON CONFLICT (key) DO NOTHING;
INSERT INTO public.states (key, name, abbr, label, filters, filter_labels) VALUES ('la', 'Louisiana', 'LA', 'Louisiana Rivers', ARRAY['all','scenic','swamp','bayou','fishing'], '{"all":"All","scenic":"Scenic","swamp":"Swamp/Bayou","bayou":"Bayou Country","fishing":"Fishing"}') ON CONFLICT (key) DO NOTHING;
INSERT INTO public.states (key, name, abbr, label, filters, filter_labels) VALUES ('ms', 'Mississippi', 'MS', 'Mississippi Rivers', ARRAY['all','scenic','bluff','delta','fishing'], '{"all":"All","scenic":"Scenic","bluff":"Bluff Country","delta":"Delta","fishing":"Fishing"}') ON CONFLICT (key) DO NOTHING;
INSERT INTO public.states (key, name, abbr, label, filters, filter_labels) VALUES ('al', 'Alabama', 'AL', 'Alabama Rivers', ARRAY['all','ww','scenic','appalachian','coastal'], '{"all":"All","ww":"Whitewater","scenic":"Scenic","appalachian":"Appalachians","coastal":"Coastal Plain"}') ON CONFLICT (key) DO NOTHING;
INSERT INTO public.states (key, name, abbr, label, filters, filter_labels) VALUES ('fl', 'Florida', 'FL', 'Florida Rivers', ARRAY['all','spring','scenic','coastal','wildlife'], '{"all":"All","spring":"Spring-Fed","scenic":"Scenic","coastal":"Coastal","wildlife":"Wildlife"}') ON CONFLICT (key) DO NOTHING;
INSERT INTO public.states (key, name, abbr, label, filters, filter_labels) VALUES ('sc', 'South Carolina', 'SC', 'South Carolina Rivers', ARRAY['all','ww','scenic','piedmont','lowcountry'], '{"all":"All","ww":"Whitewater","scenic":"Scenic","piedmont":"Piedmont","lowcountry":"Lowcountry"}') ON CONFLICT (key) DO NOTHING;
INSERT INTO public.states (key, name, abbr, label, filters, filter_labels) VALUES ('ne', 'Nebraska', 'NE', 'Nebraska Rivers', ARRAY['all','scenic','prairie','sandhills','fishing'], '{"all":"All","scenic":"Scenic","prairie":"Prairie","sandhills":"Sandhills","fishing":"Fishing"}') ON CONFLICT (key) DO NOTHING;
INSERT INTO public.states (key, name, abbr, label, filters, filter_labels) VALUES ('sd', 'South Dakota', 'SD', 'South Dakota Rivers', ARRAY['all','scenic','prairie','badlands','fishing'], '{"all":"All","scenic":"Scenic","prairie":"Prairie","badlands":"Badlands","fishing":"Fishing"}') ON CONFLICT (key) DO NOTHING;
INSERT INTO public.states (key, name, abbr, label, filters, filter_labels) VALUES ('nd', 'North Dakota', 'ND', 'North Dakota Rivers', ARRAY['all','scenic','prairie','badlands','fishing'], '{"all":"All","scenic":"Scenic","prairie":"Prairie","badlands":"Badlands","fishing":"Fishing"}') ON CONFLICT (key) DO NOTHING;
INSERT INTO public.states (key, name, abbr, label, filters, filter_labels) VALUES ('ks', 'Kansas', 'KS', 'Kansas Rivers', ARRAY['all','scenic','prairie','flinthills','fishing'], '{"all":"All","scenic":"Scenic","prairie":"Prairie","flinthills":"Flint Hills","fishing":"Fishing"}') ON CONFLICT (key) DO NOTHING;
INSERT INTO public.states (key, name, abbr, label, filters, filter_labels) VALUES ('ok', 'Oklahoma', 'OK', 'Oklahoma Rivers', ARRAY['all','ww','scenic','ozark','prairie'], '{"all":"All","ww":"Whitewater","scenic":"Scenic","ozark":"Ozarks","prairie":"Prairie"}') ON CONFLICT (key) DO NOTHING;
INSERT INTO public.states (key, name, abbr, label, filters, filter_labels) VALUES ('tx', 'Texas', 'TX', 'Texas Rivers', ARRAY['all','ww','scenic','desert','spring'], '{"all":"All","ww":"Whitewater","scenic":"Scenic","desert":"Desert Rivers","spring":"Spring-Fed"}') ON CONFLICT (key) DO NOTHING;
INSERT INTO public.states (key, name, abbr, label, filters, filter_labels) VALUES ('nv', 'Nevada', 'NV', 'Nevada Rivers', ARRAY['all','desert','mtn'], '{"all":"All","desert":"Desert / Basin","mtn":"Mountain"}') ON CONFLICT (key) DO NOTHING;
INSERT INTO public.states (key, name, abbr, label, filters, filter_labels) VALUES ('oh', 'Ohio', 'OH', 'Ohio Rivers', ARRAY['all','ww','scenic','flat'], '{"all":"All","ww":"Whitewater","scenic":"Scenic / Natural","flat":"Flatwater"}') ON CONFLICT (key) DO NOTHING;
INSERT INTO public.states (key, name, abbr, label, filters, filter_labels) VALUES ('in', 'Indiana', 'IN', 'Indiana Rivers', ARRAY['all','ww','scenic','flat'], '{"all":"All","ww":"Whitewater","scenic":"Scenic / Natural","flat":"Flatwater"}') ON CONFLICT (key) DO NOTHING;
INSERT INTO public.states (key, name, abbr, label, filters, filter_labels) VALUES ('il', 'Illinois', 'IL', 'Illinois Rivers', ARRAY['all','ww','scenic','flat'], '{"all":"All","ww":"Whitewater","scenic":"Scenic / Natural","flat":"Flatwater"}') ON CONFLICT (key) DO NOTHING;
INSERT INTO public.states (key, name, abbr, label, filters, filter_labels) VALUES ('nh', 'New Hampshire', 'NH', 'New Hampshire Rivers', ARRAY['all','ww','scenic','wild'], '{"all":"All","ww":"Whitewater","scenic":"Scenic / Canoe","wild":"Wild & Remote"}') ON CONFLICT (key) DO NOTHING;
INSERT INTO public.states (key, name, abbr, label, filters, filter_labels) VALUES ('vt', 'Vermont', 'VT', 'Vermont Rivers', ARRAY['all','ww','scenic'], '{"all":"All","ww":"Whitewater","scenic":"Scenic / Canoe"}') ON CONFLICT (key) DO NOTHING;
INSERT INTO public.states (key, name, abbr, label, filters, filter_labels) VALUES ('ct', 'Connecticut', 'CT', 'Connecticut Rivers', ARRAY['all','ww','scenic'], '{"all":"All","ww":"Whitewater","scenic":"Scenic / Canoe"}') ON CONFLICT (key) DO NOTHING;
INSERT INTO public.states (key, name, abbr, label, filters, filter_labels) VALUES ('ri', 'Rhode Island', 'RI', 'Rhode Island Rivers', ARRAY['all','scenic','flat'], '{"all":"All","scenic":"Scenic / Natural","flat":"Flatwater / Tidal"}') ON CONFLICT (key) DO NOTHING;
INSERT INTO public.states (key, name, abbr, label, filters, filter_labels) VALUES ('nj', 'New Jersey', 'NJ', 'New Jersey Rivers', ARRAY['all','ww','flat'], '{"all":"All","ww":"Whitewater / Rapids","flat":"Flatwater / Scenic"}') ON CONFLICT (key) DO NOTHING;
INSERT INTO public.states (key, name, abbr, label, filters, filter_labels) VALUES ('de', 'Delaware', 'DE', 'Delaware Rivers', ARRAY['all','scenic','tidal'], '{"all":"All","scenic":"Scenic / Creek","tidal":"Tidal / Estuary"}') ON CONFLICT (key) DO NOTHING;
INSERT INTO public.states (key, name, abbr, label, filters, filter_labels) VALUES ('md', 'Maryland', 'MD', 'Maryland Rivers', ARRAY['all','ww','scenic'], '{"all":"All","ww":"Whitewater","scenic":"Scenic / Flatwater"}') ON CONFLICT (key) DO NOTHING;
INSERT INTO public.states (key, name, abbr, label, filters, filter_labels) VALUES ('ma', 'Massachusetts', 'MA', 'Massachusetts Rivers', ARRAY['all','ww','scenic'], '{"all":"All","ww":"Whitewater","scenic":"Scenic / Canoe"}') ON CONFLICT (key) DO NOTHING;

-- ══ RIVERS ══
INSERT INTO public.rivers (id, state_key, name, county, length, class, optimal_cfs, usgs_gauge, avg_cfs, hist_flow, map_x, map_y, description, designations, sections, filter_flags) VALUES ('pine_mi', 'mi', 'Pine River', 'Lake / Osceola Co.', '60 mi', 'I', '150–350', '04125460', 248, 230, 238, 250, 'Michigan''s premier whitewater river — the Pine runs cold, clear, and fast through the Manistee National Forest. Designated Wild & Scenic in 1978 among the first eight rivers in the eastern U.S. to receive that honor. Crystal spring-fed water stays below 65°F year-round, supporting one of Michigan''s finest wild brook trout populations.', 'National Wild & Scenic River (1978) · Michigan Natural River', ARRAY['Lincoln Bridge to Low Bridge — 12 mi, popular day trip, flatwater with occasional riffles','Low Bridge to Peterson Bridge — 11 mi, faster current, Class II rapids, most visited stretch','Peterson Bridge to Elm Flats — 9 mi, Class II–III, Pine River Rush and Silver Creek confluence','Elm Flats to Stronach Reservoir — 10 mi, mellow close-out, excellent campsites'], '{"lp":true,"up":false,"wild":true,"nat":true,"ww":false}') ON CONFLICT (id) DO NOTHING;
INSERT INTO public.river_history (river_id, era, year, title, body, source, sort_order) VALUES ('pine_mi', 'native', 'Pre-contact', 'Odawa Homeland — ''Clear Water River''', 'The Pine River watershed was central Odawa (Ottawa) territory. Its clear cold water and exceptional brook trout runs sustained communities for thousands of years. The river was a natural highway through the dense LP interior, connecting settlements in what is now Lake and Osceola counties. The Odawa name for the river emphasized its purity — a quality the spring-fed Pine has maintained to this day.', 'Michigan Historical Center; Little River Band of Ottawa Indians', 0);
INSERT INTO public.river_history (river_id, era, year, title, body, source, sort_order) VALUES ('pine_mi', 'logging', '1860s–1895', 'White Pine Drives on the Pine River', 'The Pine River was a critical logging artery during Michigan''s white pine era. Lumberjacks floated millions of board feet of white pine logs downstream each spring to mills at Muskegon and Manistee. By 1895 the great pines were gone — clear-cut from headwaters to mouth. What saved the river was the sandy, spring-fed streambed: unlike many LP rivers, the Pine rebounded quickly once logging pressure eased.', 'Michigan DNR Historical Records; Lake County Historical Society', 1);
INSERT INTO public.river_history (river_id, era, year, title, body, source, sort_order) VALUES ('pine_mi', 'survey', '1968', 'USGS Hydrological Survey — Michigan Trout Streams', 'A landmark USGS study documented the Pine as one of Michigan''s most significant coldwater streams — averaging below 65°F even in August due to the exceptional volume of groundwater springs entering from the Sandy soil of the Manistee National Forest. The study noted brook trout density comparable to rivers three times the size.', 'USGS Open-File Report (1968)', 2);
INSERT INTO public.river_history (river_id, era, year, title, body, source, sort_order) VALUES ('pine_mi', 'survey', '1978', 'National Wild & Scenic River Designation', 'Congress designated the Pine River a National Wild & Scenic River in 1978, one of only eight rivers east of the Mississippi to receive that honor in the original designation wave. The 26-mile protected corridor through the Manistee National Forest remains one of the most pristine river environments in the Midwest.', 'USFS Huron-Manistee National Forest; National Wild & Scenic Rivers Council', 3);
INSERT INTO public.river_history (river_id, era, year, title, body, source, sort_order) VALUES ('pine_mi', 'modern', '2019', 'Pine River Corridor Initiative', 'The USFS Huron-Manistee initiated a comprehensive restoration study of the Pine River corridor, documenting 47 active cold-water springs entering the main stem — each maintaining water temperatures 10–15°F cooler than air temperature in summer. The study confirmed the Pine as one of Michigan''s highest-priority brook trout conservation streams.', 'USFS Huron-Manistee National Forests (2019)', 4);
INSERT INTO public.river_documents (river_id, title, source, year, doc_type, pages, url) VALUES ('pine_mi', 'Pine National Scenic River Management Plan', 'USFS Huron-Manistee', 2010, 'Federal', 145, 'https://www.rivers.gov/sites/rivers/files/documents/plans/pine-plan.pdf');
INSERT INTO public.river_documents (river_id, title, source, year, doc_type, pages, url) VALUES ('pine_mi', 'Pine River Natural River Plan', 'Michigan DNR', 1999, 'Survey', 58, 'https://mrwa.org/wp-content/uploads/repository/pineplan.pdf');
INSERT INTO public.river_reviews (river_id, username, review_date, stars, body, is_seed) VALUES ('pine_mi', 'northernmichigan_paddle', 'Jul 2024', 5, 'Peterson Bridge to Elm Flats at 320 cfs — Pine River Rush was rowdy and fun. Water cold enough to chill drinks and clear enough to count rocks at 8 feet. Best day on a Michigan river this year.', true);
INSERT INTO public.river_reviews (river_id, username, review_date, stars, body, is_seed) VALUES ('pine_mi', 'troutbum_lp', 'Jun 2024', 5, 'Brook trout everywhere below Lincoln Bridge. Dry fly fishing at 180 cfs was stupid good. The Wild & Scenic designation shows — zero development, perfect riparian zone.', true);
INSERT INTO public.river_reviews (river_id, username, review_date, stars, body, is_seed) VALUES ('pine_mi', 'familyfloat_mi', 'Aug 2024', 4, 'Low Bridge to Peterson with the kids at 200 cfs. Mild enough for beginners, beautiful forest canopy the whole way. One Class II rapid that woke everyone up.', true);
INSERT INTO public.river_outfitters (river_id, name, description, link, is_seed) VALUES ('pine_mi', 'Pine River Paddlesports Center', 'Full-service outfitter, shuttles, gear, camping', 'thepineriver.com', true);
INSERT INTO public.river_outfitters (river_id, name, description, link, is_seed) VALUES ('pine_mi', 'Horina Canoe & Kayak Rental', 'Budget-friendly rentals, multiple access points', 'horinacanoe.com', true);
INSERT INTO public.rivers (id, state_key, name, county, length, class, optimal_cfs, usgs_gauge, avg_cfs, hist_flow, map_x, map_y, description, designations, sections, filter_flags) VALUES ('ausable', 'mi', 'Au Sable River', 'Crawford / Oscoda Co.', '140 mi', 'Riffles', '200–800', '04137500', 410, 390, 265, 254, 'Michigan''s most celebrated canoe river — 140 miles of spring-fed water from Grayling to Lake Huron. Birthplace of Trout Unlimited (1959) and home of the legendary Au Sable Canoe Marathon, 120 miles nonstop each July since 1947.', 'National Wild & Scenic River (1984) · Michigan Natural River', ARRAY['Grayling to Mio — 50 mi, popular family float','Mio to Oscoda — 70 mi, multi-day tripping','South Branch — 20 mi, solitary and wild'], '{"lp":true,"up":false,"wild":true,"nat":true,"ww":false}') ON CONFLICT (id) DO NOTHING;
INSERT INTO public.river_history (river_id, era, year, title, body, source, sort_order) VALUES ('ausable', 'native', 'Pre-1600s', 'Ojibwe Homeland — Ziibiiwiing (The River)', 'The Au Sable watershed was Ojibwe (Anishinaabe) territory for thousands of years. The river''s exceptional brook trout runs fed communities. The 1836 Treaty of Washington ceded much of the Lower Peninsula, fundamentally altering Ojibwe life along the river.', 'Michigan Historical Center; Ziibiwing Center of Anishinabe Culture', 0);
INSERT INTO public.river_history (river_id, era, year, title, body, source, sort_order) VALUES ('ausable', 'logging', '1850s–1895', 'White Pine Log Drives — 300 Million Board Feet Annually', 'The Au Sable became the backbone of Michigan''s white pine lumber industry. Each spring, millions of logs were floated from Crawford and Oscoda counties to mills at Oscoda. By 1882 over 300 million board feet were driven annually — the great pines were gone by 1900.', 'Michigan Log Marks (WPA, 1941); Oscoda County Historical Society', 1);
INSERT INTO public.river_history (river_id, era, year, title, body, source, sort_order) VALUES ('ausable', 'survey', '1984', 'National Wild & Scenic River Designation', 'After decades of conservation effort led by Trout Unlimited — founded on the Au Sable in 1959 — Congress designated the main stem a Wild & Scenic River, permanently protecting it from dams.', 'USFS Huron-Manistee National Forest', 2);
INSERT INTO public.river_history (river_id, era, year, title, body, source, sort_order) VALUES ('ausable', 'modern', '1959', 'Trout Unlimited Founded on the Au Sable', 'Concerned about declining trout from pollution and overfishing, anglers gathered near the Au Sable and founded Trout Unlimited, now 300,000 members strong. The Au Sable is the spiritual home of the modern coldwater conservation movement.', 'Trout Unlimited; Michigan DNR', 3);
INSERT INTO public.river_documents (river_id, title, source, year, doc_type, pages, url) VALUES ('ausable', 'Au Sable River Natural River Plan', 'Michigan DNR', 2006, 'Survey', 210, 'https://www.michigan.gov/-/media/Project/Websites/dnr/Documents/Fisheries/NaturalRivers/AuSable_plan.pdf');
INSERT INTO public.river_documents (river_id, title, source, year, doc_type, pages, url) VALUES ('ausable', 'Au Sable River Assessment', 'Michigan DNR Fisheries', 2002, 'Ecology', 88, 'https://www.researchgate.net/publication/265100820_Au_Sable_River_Assessment');
INSERT INTO public.river_reviews (river_id, username, review_date, stars, body, is_seed) VALUES ('ausable', 'paddle_mi_daily', 'Aug 2024', 5, 'Grayling to Mio in two days. Camped at Smith Bridge. Water gin-clear at 340 cfs. Watched a bald eagle take a trout 20 feet off my bow.', true);
INSERT INTO public.river_reviews (river_id, username, review_date, stars, body, is_seed) VALUES ('ausable', 'graylingsup', 'Jul 2024', 5, 'Four browns before noon at 420 cfs. Perfect water, perfect day.', true);
INSERT INTO public.river_outfitters (river_id, name, description, link, is_seed) VALUES ('ausable', 'Carlisle Canoe Livery', 'Grayling-based, full service', 'carlislecanoes.com', true);
INSERT INTO public.river_outfitters (river_id, name, description, link, is_seed) VALUES ('ausable', 'Penrod''s Au Sable', 'Rentals, shuttles, multiple put-ins', 'penrodsausable.com', true);
INSERT INTO public.rivers (id, state_key, name, county, length, class, optimal_cfs, usgs_gauge, avg_cfs, hist_flow, map_x, map_y, description, designations, sections, filter_flags) VALUES ('manistee', 'mi', 'Manistee River', 'Manistee / Wexford Co.', '190 mi', 'Riffles', '300–1200', '04124000', 740, 690, 248, 240, '190 miles through Manistee National Forest — among the finest trout fisheries east of the Rockies. Upper reach is fast and intimate; below Tippy Dam widens into world-class steelhead and Chinook salmon water every fall.', 'National Scenic River · Michigan Natural River', ARRAY['Upper — Gaylord to Hodenpyl Dam, remote','Middle — Hodenpyl to Tippy Dam, classic canoe water','Lower — Tippy Dam to Lake Michigan, steelhead corridor'], '{"lp":true,"up":false,"wild":true,"nat":true,"ww":false}') ON CONFLICT (id) DO NOTHING;
INSERT INTO public.river_history (river_id, era, year, title, body, source, sort_order) VALUES ('manistee', 'native', 'Pre-contact', 'Odawa Homeland — ''Spirit of the Woods''', 'The Odawa (Ottawa) people inhabited western Lower Peninsula for thousands of years. The river''s name derives from an Anishinaabe word meaning ''spirit of the woods.'' The Little River Band of Ottawa Indians, headquartered in Manistee today, are the direct descendants.', 'Little River Band of Ottawa Indians; Manistee County Historical Society', 0);
INSERT INTO public.river_history (river_id, era, year, title, body, source, sort_order) VALUES ('manistee', 'logging', '1847–1895', 'Manistee — Logging Capital of the World', 'By the 1880s, Manistee was processing more lumber than almost any city on earth. The Manistee River was the highway — millions of logs driven downstream each spring. The once-magnificent white pine stands were virtually eliminated in two generations.', 'Manistee County Historical Museum', 1);
INSERT INTO public.river_history (river_id, era, year, title, body, source, sort_order) VALUES ('manistee', 'survey', '1968', 'USGS Reconnaissance of the Manistee River', 'A landmark hydrological survey by USGS documented the river''s recovery from the logging era. The river was already rebounding — cold, clear, supporting brook and brown trout. The study helped build the case for National Scenic River designation.', 'USGS Open-File Report (1968)', 2);
INSERT INTO public.river_history (river_id, era, year, title, body, source, sort_order) VALUES ('manistee', 'survey', '1980', 'Designated National Scenic River', 'Congress designated the Manistee a National Scenic River, protecting the corridor from damming and development.', 'USFS Huron-Manistee National Forest', 3);
INSERT INTO public.river_history (river_id, era, year, title, body, source, sort_order) VALUES ('manistee', 'modern', '2022', 'Tippy Dam Steelhead — World-Record Territory', 'The tailwater below Tippy Dam has become one of the world''s premier steelhead destinations. Fish exceeding 20 pounds move through in peak fall runs. The river hosts an estimated 15,000+ steelhead annually.', 'Michigan DNR Fisheries Division', 4);
INSERT INTO public.river_documents (river_id, title, source, year, doc_type, pages, url) VALUES ('manistee', 'Reconnaissance of the Manistee River', 'USGS', 1968, 'Survey', 42, 'https://pubs.usgs.gov/publication/70048280');
INSERT INTO public.river_reviews (river_id, username, review_date, stars, body, is_seed) VALUES ('manistee', 'chris_upmich', 'Sep 2024', 5, 'Three-day float from Mesick to Tippy. Best Michigan trip in 20 years. Clear at 650 cfs, incredible fall color.', true);
INSERT INTO public.river_reviews (river_id, username, review_date, stars, body, is_seed) VALUES ('manistee', 'salmoncreek99', 'Oct 2024', 4, 'Below Tippy at 900 cfs — king salmon stacking. Epic.', true);
INSERT INTO public.river_outfitters (river_id, name, description, link, is_seed) VALUES ('manistee', 'Pine River Paddlesports Center', 'Lower Manistee trips and rentals', 'thepineriver.com', true);
INSERT INTO public.rivers (id, state_key, name, county, length, class, optimal_cfs, usgs_gauge, avg_cfs, hist_flow, map_x, map_y, description, designations, sections, filter_flags) VALUES ('muskegon', 'mi', 'Muskegon River', 'Mecosta / Newaygo / Muskegon Co.', '216 mi', 'Riffles', '800–3000', '04121970', 1840, 1650, 216, 260, 'Michigan''s longest river entirely within the state. World-class steelhead and Chinook salmon. The world''s first logging railroad was built in 1876 specifically to feed logs into the Muskegon system.', 'Michigan Designated Trout Stream (lower reach)', ARRAY['Upper — Houghton Lake to Newaygo','Lower — Croton Dam to Muskegon Lake'], '{"lp":true,"up":false,"wild":false,"nat":false,"ww":false}') ON CONFLICT (id) DO NOTHING;
INSERT INTO public.river_history (river_id, era, year, title, body, source, sort_order) VALUES ('muskegon', 'native', 'Pre-contact', 'Potawatomi and Odawa — ''Marshy River''', '''Muskegon'' derives from an Anishinaabe word meaning ''marshy river.'' The river''s mouth at Muskegon Lake was a major gathering site for trade and ceremony for the Potawatomi and Odawa peoples.', 'Muskegon County Historical Society', 0);
INSERT INTO public.river_history (river_id, era, year, title, body, source, sort_order) VALUES ('muskegon', 'logging', '1837–1899', 'Muskegon — Lumber Queen of the World', 'By 1883 Muskegon produced over 686 million board feet of lumber annually — more than any city on earth. The first logging railroad in American history (1876) was built to feed logs into the Muskegon system when river levels were too low for drives.', 'Muskegon County Lumbering Records, 1883; Grand Traverse Journal', 1);
INSERT INTO public.river_history (river_id, era, year, title, body, source, sort_order) VALUES ('muskegon', 'modern', '2003', 'Muskegon River Watershed Management Plan', 'Multi-agency plan established long-term conservation goals. The river has seen significant ecological improvement over two decades of restoration.', 'Muskegon River Watershed Assembly', 2);
INSERT INTO public.river_documents (river_id, title, source, year, doc_type, pages, url) VALUES ('muskegon', 'Muskegon River Watershed Management Plan', 'MRWA', 2003, 'Survey', 240, 'https://mrwa.org/wp-content/uploads/repository/MuskegonManagementPlan.pdf');
INSERT INTO public.river_reviews (river_id, username, review_date, stars, body, is_seed) VALUES ('muskegon', 'steelheaddan_mi', 'Mar 2024', 5, 'Croton in spring at 2,200 cfs — chrome steelhead stacked. Even the float between holes is beautiful.', true);
INSERT INTO public.river_outfitters (river_id, name, description, link, is_seed) VALUES ('muskegon', 'Sawmill Canoe Rental', 'Day trips, family-friendly', 'sawmillcanoe.com', true);
INSERT INTO public.rivers (id, state_key, name, county, length, class, optimal_cfs, usgs_gauge, avg_cfs, hist_flow, map_x, map_y, description, designations, sections, filter_flags) VALUES ('pere_marquette', 'mi', 'Pere Marquette River', 'Lake / Mason Co.', '67 mi', 'Riffles', '300–1000', '04122500', 710, 650, 240, 248, 'National Wild & Scenic River and Michigan Natural River, the Pere Marquette is a legendary steelhead and salmon fishery. The upper river features designated fly-fishing-only water, drawing anglers from across the country.', 'National Wild & Scenic River · Michigan Natural River', ARRAY['Upper — M-37 to Bowman Bridge, fly-fishing-only water','Middle — Bowman Bridge to Scottville, classic canoe camping','Lower — Scottville to Ludington, wide and gentle'], '{"lp":true,"up":false,"wild":true,"nat":true,"ww":false}') ON CONFLICT (id) DO NOTHING;
INSERT INTO public.river_history (river_id, era, year, title, body, source, sort_order) VALUES ('pere_marquette', 'native', 'Pre-contact', 'Odawa and Potawatomi Homeland', 'The Pere Marquette watershed was home to the Odawa and Potawatomi peoples for thousands of years. The river provided abundant fish, especially lake-run species, and served as a travel corridor to Lake Michigan. The river was later named for Father Jacques Marquette, the French Jesuit missionary who traveled Michigan''s waterways in the 1670s.', 'Mason County Historical Society; Michigan Historical Center', 0);
INSERT INTO public.river_history (river_id, era, year, title, body, source, sort_order) VALUES ('pere_marquette', 'modern', '1978', 'National Wild & Scenic River Designation', 'Congress designated the Pere Marquette a National Wild & Scenic River in 1978, protecting 66 miles of the main branch. The designation recognized the river''s outstanding fisheries, clear spring-fed water, and relatively undeveloped corridor through the Manistee National Forest.', 'USFS Huron-Manistee National Forest', 1);
INSERT INTO public.river_reviews (river_id, username, review_date, stars, body, is_seed) VALUES ('pere_marquette', 'flyrod_pm', 'Oct 2024', 5, 'Fall steelhead run at 680 cfs — hooked into a chrome hen that peeled 50 yards of line. The PM never disappoints.', true);
INSERT INTO public.river_reviews (river_id, username, review_date, stars, body, is_seed) VALUES ('pere_marquette', 'paddlecraft_mi', 'Aug 2024', 4, 'Bowman Bridge to Indian Bridge at 420 cfs. Gentle current, beautiful cedar-lined banks, perfect family float.', true);
INSERT INTO public.river_outfitters (river_id, name, description, link, is_seed) VALUES ('pere_marquette', 'Baldwin Canoe Rental', 'Full-service outfitter on the upper Pere Marquette', '', true);
INSERT INTO public.river_outfitters (river_id, name, description, link, is_seed) VALUES ('pere_marquette', 'Pere Marquette Expeditions', 'Guided fishing and paddling trips', '', true);
INSERT INTO public.rivers (id, state_key, name, county, length, class, optimal_cfs, usgs_gauge, avg_cfs, hist_flow, map_x, map_y, description, designations, sections, filter_flags) VALUES ('boardman', 'mi', 'Boardman River', 'Grand Traverse / Kalkaska Co.', '40 mi', 'Riffles', '150–500', '04127200', 280, 255, 255, 230, 'Flows into Grand Traverse Bay at Traverse City, the Boardman has seen dramatic ecological revival through recent dam removals restoring fish passage. A cold, clear stream winding through forested terrain to one of Michigan''s most vibrant waterfronts.', 'Michigan Natural River', ARRAY['Upper — Supply Road to Brown Bridge, remote forest paddle','Lower — Boardman Dam to Grand Traverse Bay, urban paddle through Traverse City'], '{"lp":true,"up":false,"wild":false,"nat":true,"ww":false}') ON CONFLICT (id) DO NOTHING;
INSERT INTO public.river_history (river_id, era, year, title, body, source, sort_order) VALUES ('boardman', 'logging', '1850s–1890s', 'Lumber Era on the Boardman', 'The Boardman River was a key logging waterway during Michigan''s timber boom. Logs were driven downstream to mills at Traverse City, which grew rapidly as a lumber town. Multiple dams were built to control water flow for the drives.', 'Grand Traverse County Historical Society', 0);
INSERT INTO public.river_history (river_id, era, year, title, body, source, sort_order) VALUES ('boardman', 'modern', '2012–2020', 'Historic Dam Removals Restore the Boardman', 'A landmark multi-agency effort removed three dams on the Boardman — Brown Bridge (2012), Boardman (2017), and Sabin (2020) — reconnecting 160 miles of river and tributaries for fish passage. It is one of Michigan''s most successful river restoration projects.', 'Grand Traverse Conservation District; Michigan DNR', 1);
INSERT INTO public.river_reviews (river_id, username, review_date, stars, body, is_seed) VALUES ('boardman', 'tc_local_paddle', 'Jul 2024', 4, 'Paddled the lower stretch into town at 240 cfs. Amazing to see the river flowing free where dams used to be. Trout rising everywhere.', true);
INSERT INTO public.river_reviews (river_id, username, review_date, stars, body, is_seed) VALUES ('boardman', 'kayak_northwest_mi', 'Sep 2024', 4, 'Upper Boardman is surprisingly remote for being so close to Traverse City. Beautiful fall color paddle.', true);
INSERT INTO public.river_outfitters (river_id, name, description, link, is_seed) VALUES ('boardman', 'Boardman River Outfitters', 'Kayak and canoe rentals near Traverse City', '', true);
INSERT INTO public.river_outfitters (river_id, name, description, link, is_seed) VALUES ('boardman', 'Ranch Rudolf', 'Canoe and kayak livery on the upper Boardman', '', true);
INSERT INTO public.rivers (id, state_key, name, county, length, class, optimal_cfs, usgs_gauge, avg_cfs, hist_flow, map_x, map_y, description, designations, sections, filter_flags) VALUES ('jordan', 'mi', 'Jordan River', 'Antrim / Charlevoix Co.', '33 mi', 'Riffles', '100–400', '04127800', 180, 165, 260, 225, 'Michigan''s first designated Natural River (1972), the Jordan is a cold spring-fed gem with superb brook trout fishing. Its intimate, winding course through the Jordan River Valley is one of the most scenic paddles in the Lower Peninsula.', 'Michigan Natural River (1972 — first in state)', ARRAY['Graves Crossing to Webster Bridge — upper valley, intimate and wild','Webster Bridge to Lake Charlevoix — lower stretch, gentle current'], '{"lp":true,"up":false,"wild":false,"nat":true,"ww":false}') ON CONFLICT (id) DO NOTHING;
INSERT INTO public.river_history (river_id, era, year, title, body, source, sort_order) VALUES ('jordan', 'native', 'Pre-contact', 'Odawa Territory in the Jordan Valley', 'The Jordan River Valley was Odawa territory for thousands of years. The cold, spring-fed river supported abundant brook trout and served as a travel route between Lake Michigan and the interior highlands of the northern Lower Peninsula.', 'Antrim County Historical Society', 0);
INSERT INTO public.river_history (river_id, era, year, title, body, source, sort_order) VALUES ('jordan', 'modern', '1972', 'Michigan''s First Natural River Designation', 'The Jordan became the first river designated under Michigan''s Natural Rivers Act of 1970, setting the standard for river protection statewide. The designation restricts development along the corridor and preserves the river''s wild character.', 'Michigan DNR Natural Rivers Program', 1);
INSERT INTO public.river_reviews (river_id, username, review_date, stars, body, is_seed) VALUES ('jordan', 'brooktrout_mi', 'Jun 2024', 5, 'Graves Crossing to Webster Bridge at 150 cfs — brook trout in every pool. The Jordan is as good as it gets in the LP.', true);
INSERT INTO public.river_reviews (river_id, username, review_date, stars, body, is_seed) VALUES ('jordan', 'northwoods_canoe', 'Aug 2024', 4, 'Tight turns and overhanging cedars. Canoe skills required but the scenery is worth every stroke.', true);
INSERT INTO public.river_outfitters (river_id, name, description, link, is_seed) VALUES ('jordan', 'Jordan Valley Outfitters', 'Canoe and kayak rentals, shuttle service', '', true);
INSERT INTO public.rivers (id, state_key, name, county, length, class, optimal_cfs, usgs_gauge, avg_cfs, hist_flow, map_x, map_y, description, designations, sections, filter_flags) VALUES ('betsie', 'mi', 'Betsie River', 'Benzie Co.', '55 mi', 'Riffles', '150–500', '04126530', 260, 235, 242, 237, 'Flowing to Lake Michigan at Frankfort near the Sleeping Bear Dunes, the Betsie offers excellent salmon and steelhead runs. A scenic Natural River winding through Benzie County''s rolling forests and farmland.', 'Michigan Natural River', ARRAY['Upper — Grass Lake to Thompsonville, gentle meadow paddle','Lower — Thompsonville to Betsie Lake, faster current through forested corridor'], '{"lp":true,"up":false,"wild":false,"nat":true,"ww":false}') ON CONFLICT (id) DO NOTHING;
INSERT INTO public.river_history (river_id, era, year, title, body, source, sort_order) VALUES ('betsie', 'logging', '1860s–1900', 'Betsie River Log Drives', 'The Betsie was used extensively for log drives during Michigan''s lumber era, floating white pine to mills at Frankfort on Lake Michigan. Dams built for the drives altered the river''s natural flow for decades.', 'Benzie County Historical Society', 0);
INSERT INTO public.river_history (river_id, era, year, title, body, source, sort_order) VALUES ('betsie', 'modern', '1973', 'Michigan Natural River Designation', 'The Betsie was designated a Michigan Natural River, protecting its corridor from development and preserving the river''s ecological value as a coldwater fishery and recreational resource.', 'Michigan DNR Natural Rivers Program', 1);
INSERT INTO public.river_reviews (river_id, username, review_date, stars, body, is_seed) VALUES ('betsie', 'benzie_paddler', 'Sep 2024', 4, 'Fall color float from Thompsonville at 220 cfs. Salmon splashing upstream the whole way. Ended near Frankfort with a Lake Michigan sunset.', true);
INSERT INTO public.river_reviews (river_id, username, review_date, stars, body, is_seed) VALUES ('betsie', 'steelhead_betsie', 'Nov 2024', 5, 'Chrome steelhead stacking at 380 cfs. The Betsie is underrated.', true);
INSERT INTO public.river_outfitters (river_id, name, description, link, is_seed) VALUES ('betsie', 'Betsie River Canoes & Campground', 'Canoe and kayak rentals with riverside camping', '', true);
INSERT INTO public.rivers (id, state_key, name, county, length, class, optimal_cfs, usgs_gauge, avg_cfs, hist_flow, map_x, map_y, description, designations, sections, filter_flags) VALUES ('platte_mi', 'mi', 'Platte River', 'Benzie Co.', '30 mi', 'I', '80–300', '04126740', 150, 135, 247, 234, 'Flowing through Sleeping Bear Dunes National Lakeshore, the Platte is famous for its coho salmon run — one of the first successful Pacific salmon introductions in the Great Lakes. A gentle, crystal-clear paddle to Lake Michigan.', 'Michigan Natural River · Sleeping Bear Dunes National Lakeshore', ARRAY['Upper — Platte River State Hatchery to US-31, gentle meander','Lower — US-31 to Platte Bay, Sleeping Bear Dunes corridor'], '{"lp":true,"up":false,"wild":false,"nat":true,"ww":false}') ON CONFLICT (id) DO NOTHING;
INSERT INTO public.river_history (river_id, era, year, title, body, source, sort_order) VALUES ('platte_mi', 'survey', '1966', 'First Successful Coho Salmon Stocking in the Great Lakes', 'The Michigan DNR planted coho salmon in the Platte River in 1966 — the first successful Pacific salmon introduction in the Great Lakes. The program transformed Great Lakes fisheries and made the Platte internationally famous among anglers.', 'Michigan DNR Fisheries Division', 0);
INSERT INTO public.river_history (river_id, era, year, title, body, source, sort_order) VALUES ('platte_mi', 'modern', '1970', 'Sleeping Bear Dunes National Lakeshore Established', 'The creation of Sleeping Bear Dunes National Lakeshore in 1970 placed much of the lower Platte under federal protection, preserving the river''s undeveloped corridor to Lake Michigan.', 'National Park Service', 1);
INSERT INTO public.river_reviews (river_id, username, review_date, stars, body, is_seed) VALUES ('platte_mi', 'sleepingbear_kayak', 'Jul 2024', 5, 'Platte to Lake Michigan at 120 cfs — water so clear you can see every pebble. The river mouth at Platte Bay is magical.', true);
INSERT INTO public.river_reviews (river_id, username, review_date, stars, body, is_seed) VALUES ('platte_mi', 'salmon_run_mi', 'Oct 2024', 4, 'Coho jumping everywhere at 180 cfs. The fall run on the Platte is a Michigan tradition.', true);
INSERT INTO public.river_outfitters (river_id, name, description, link, is_seed) VALUES ('platte_mi', 'Riverside Canoes', 'Canoe and kayak rentals on the Platte River', '', true);
INSERT INTO public.river_outfitters (river_id, name, description, link, is_seed) VALUES ('platte_mi', 'Platte River Campground', 'NPS campground with river access and Lake Michigan beach', '', true);
INSERT INTO public.rivers (id, state_key, name, county, length, class, optimal_cfs, usgs_gauge, avg_cfs, hist_flow, map_x, map_y, description, designations, sections, filter_flags) VALUES ('rifle', 'mi', 'Rifle River', 'Ogemaw / Arenac Co.', '60 mi', 'Riffles', '200–800', '04142000', 380, 345, 280, 258, 'Flowing through the Rifle River Recreation Area, the Rifle is one of Michigan''s most family-friendly float rivers with good smallmouth bass fishing. A gentle, forested paddle through the eastern LP.', 'Michigan Natural River', ARRAY['Upper — Rifle River Recreation Area, scenic headwaters','Middle — Selkirk to Sterling, popular family float','Lower — Sterling to Saginaw Bay, wider and slower'], '{"lp":true,"up":false,"wild":false,"nat":true,"ww":false}') ON CONFLICT (id) DO NOTHING;
INSERT INTO public.river_history (river_id, era, year, title, body, source, sort_order) VALUES ('rifle', 'logging', '1860s–1890s', 'Rifle River Log Drives', 'The Rifle River served as a major log transport route during Michigan''s lumber era. Its name may derive from the ''rifle'' — a shallow rapids — that characterized the upper river. Massive log jams were common during spring drives.', 'Ogemaw County Historical Society', 0);
INSERT INTO public.river_history (river_id, era, year, title, body, source, sort_order) VALUES ('rifle', 'modern', '1963', 'Rifle River Recreation Area Established', 'Michigan established the Rifle River Recreation Area, protecting 4,329 acres of forests, lakes, and river frontage. The area has become one of the most popular outdoor recreation destinations in Michigan''s eastern LP.', 'Michigan DNR Parks & Recreation', 1);
INSERT INTO public.river_reviews (river_id, username, review_date, stars, body, is_seed) VALUES ('rifle', 'familyfloat_rifle', 'Jul 2024', 4, 'Selkirk to Sterling at 350 cfs with the whole family. Easy current, sandy bottom, great smallmouth fishing. Perfect beginner river.', true);
INSERT INTO public.river_reviews (river_id, username, review_date, stars, body, is_seed) VALUES ('rifle', 'mi_bass_angler', 'Aug 2024', 4, 'Smallmouth on every bend at 280 cfs. The Rifle is an underappreciated gem.', true);
INSERT INTO public.river_outfitters (river_id, name, description, link, is_seed) VALUES ('rifle', 'Russell Canoe Livery', 'Canoe, kayak, and tube rentals on the Rifle River', '', true);
INSERT INTO public.rivers (id, state_key, name, county, length, class, optimal_cfs, usgs_gauge, avg_cfs, hist_flow, map_x, map_y, description, designations, sections, filter_flags) VALUES ('huron_mi', 'mi', 'Huron River', 'Washtenaw / Wayne Co.', '130 mi', 'Riffles', '300–1200', '04174500', 620, 560, 275, 275, 'Michigan''s only National Water Trail at 104 miles, the Huron flows through Ann Arbor and is the most accessible urban paddle in the state. A remarkable blend of city parks, wetlands, and natural areas along a surprisingly wild corridor.', 'National Water Trail (104 mi)', ARRAY['Upper — Proud Lake to Milford, lakes and wetlands','Middle — Dexter to Ann Arbor, urban parks and natural areas','Lower — Flat Rock to Lake Erie, wider river'], '{"lp":true,"up":false,"wild":false,"nat":false,"ww":false}') ON CONFLICT (id) DO NOTHING;
INSERT INTO public.river_history (river_id, era, year, title, body, source, sort_order) VALUES ('huron_mi', 'native', 'Pre-contact', 'Potawatomi and Wyandot Homeland', 'The Huron River watershed was home to the Potawatomi and Wyandot (Huron) peoples. The river''s name honors the Wyandot, whom French explorers called ''Huron.'' The river was a vital transportation and fishing resource connecting interior communities to the Great Lakes.', 'Washtenaw County Historical Society; Michigan Historical Center', 0);
INSERT INTO public.river_history (river_id, era, year, title, body, source, sort_order) VALUES ('huron_mi', 'modern', '2016', 'National Water Trail Designation', 'The Huron River Water Trail was designated a National Water Trail by the U.S. Department of the Interior — the only one in Michigan. The 104-mile trail from Proud Lake to Lake Erie passes through diverse landscapes from rural wetlands to downtown Ann Arbor.', 'National Park Service; Huron River Watershed Council', 1);
INSERT INTO public.river_reviews (river_id, username, review_date, stars, body, is_seed) VALUES ('huron_mi', 'a2_paddler', 'Jun 2024', 4, 'Ann Arbor section at 500 cfs — paddled right through downtown. Herons, turtles, and coffee shops. Urban paddling at its finest.', true);
INSERT INTO public.river_reviews (river_id, username, review_date, stars, body, is_seed) VALUES ('huron_mi', 'huron_water_trail', 'Sep 2024', 4, 'Did four days on the National Water Trail. Surprisingly wild stretches between the towns. Michigan''s most underrated long paddle.', true);
INSERT INTO public.river_outfitters (river_id, name, description, link, is_seed) VALUES ('huron_mi', 'Argo Canoe Livery', 'City of Ann Arbor livery with Argo Cascades access', '', true);
INSERT INTO public.river_outfitters (river_id, name, description, link, is_seed) VALUES ('huron_mi', 'Heavner Canoe Rental', 'Canoe and kayak rentals on the upper Huron', '', true);
INSERT INTO public.rivers (id, state_key, name, county, length, class, optimal_cfs, usgs_gauge, avg_cfs, hist_flow, map_x, map_y, description, designations, sections, filter_flags) VALUES ('flat_river', 'mi', 'Flat River', 'Montcalm / Ionia Co.', '80 mi', 'Riffles', '200–800', '04116000', 520, 470, 250, 265, 'A central Lower Peninsula gem, the Flat River flows past the historic Fallasburg Covered Bridge and offers excellent smallmouth bass and steelhead fishing. Gentle Class I-II water through rolling farmland and hardwood forest.', 'Michigan Designated Trout Stream (upper reach)', ARRAY['Upper — Greenville to Belding, gentle meanders','Middle — Belding to Fallasburg, covered bridge and light rapids','Lower — Fallasburg to Lowell, confluence with Grand River'], '{"lp":true,"up":false,"wild":false,"nat":false,"ww":false}') ON CONFLICT (id) DO NOTHING;
INSERT INTO public.river_history (river_id, era, year, title, body, source, sort_order) VALUES ('flat_river', 'logging', '1850s–1890s', 'Mills and Industry on the Flat River', 'The Flat River powered numerous sawmills and gristmills during the 19th century. Towns like Greenville, Belding, and Lowell grew up around the river''s water power. The Fallasburg Covered Bridge, built in 1871, still spans the river today.', 'Ionia County Historical Society', 0);
INSERT INTO public.river_history (river_id, era, year, title, body, source, sort_order) VALUES ('flat_river', 'modern', '2005', 'Flat River Watershed Conservation Plan', 'A multi-county conservation plan was established to protect water quality and restore fish habitat on the Flat River, with particular focus on the steelhead runs that migrate up from the Grand River.', 'Flat River Watershed Council', 1);
INSERT INTO public.river_reviews (river_id, username, review_date, stars, body, is_seed) VALUES ('flat_river', 'centralmi_kayak', 'Jul 2024', 4, 'Belding to Fallasburg at 450 cfs. Paddled under the covered bridge and caught smallmouth on every riffle. Hidden gem.', true);
INSERT INTO public.river_reviews (river_id, username, review_date, stars, body, is_seed) VALUES ('flat_river', 'flatriver_angler', 'Apr 2024', 4, 'Spring steelhead at 600 cfs — fish stacking at every gravel bar. The Flat gets overlooked but the fishing is excellent.', true);
INSERT INTO public.river_outfitters (river_id, name, description, link, is_seed) VALUES ('flat_river', 'Double R Ranch Resort', 'Canoe and kayak rentals on the Flat River', '', true);
INSERT INTO public.rivers (id, state_key, name, county, length, class, optimal_cfs, usgs_gauge, avg_cfs, hist_flow, map_x, map_y, description, designations, sections, filter_flags) VALUES ('thornapple', 'mi', 'Thornapple River', 'Barry / Eaton Co.', '90 mi', 'Riffles', '300–1200', '04117500', 680, 620, 255, 270, 'Winding through southwest Michigan''s rural farmland, the Thornapple offers good bass fishing and a peaceful, pastoral paddle to its confluence with the Grand River. A quiet alternative to busier northern LP rivers.', 'None', ARRAY['Upper — Vermontville to Hastings, gentle meanders through farmland','Lower — Hastings to Grand Rapids, wider current to Grand River confluence'], '{"lp":true,"up":false,"wild":false,"nat":false,"ww":false}') ON CONFLICT (id) DO NOTHING;
INSERT INTO public.river_history (river_id, era, year, title, body, source, sort_order) VALUES ('thornapple', 'native', 'Pre-contact', 'Potawatomi Homeland', 'The Thornapple River valley was Potawatomi territory. The river''s English name refers to the hawthorn trees (thornapples) that lined its banks. The Potawatomi used the river as a travel and fishing corridor connecting interior villages to the Grand River.', 'Barry County Historical Society', 0);
INSERT INTO public.river_history (river_id, era, year, title, body, source, sort_order) VALUES ('thornapple', 'modern', '2010', 'Thornapple River Watershed Management Plan', 'A comprehensive watershed plan was adopted to address agricultural runoff and improve water quality. Restoration efforts have focused on stabilizing streambanks and improving fish habitat throughout the corridor.', 'Thornapple River Watershed Council', 1);
INSERT INTO public.river_reviews (river_id, username, review_date, stars, body, is_seed) VALUES ('thornapple', 'sw_michigan_paddle', 'Aug 2024', 4, 'Hastings to the Grand River at 600 cfs. Pastoral scenery, good bass fishing, and not another paddler in sight.', true);
INSERT INTO public.river_reviews (river_id, username, review_date, stars, body, is_seed) VALUES ('thornapple', 'thornapple_local', 'Jun 2024', 3, 'Solid local float at 450 cfs. Nothing flashy but peaceful and the smallmouth cooperated.', true);
INSERT INTO public.river_outfitters (river_id, name, description, link, is_seed) VALUES ('thornapple', 'Thornapple River Livery', 'Canoe and kayak rentals in Hastings', '', true);
INSERT INTO public.rivers (id, state_key, name, county, length, class, optimal_cfs, usgs_gauge, avg_cfs, hist_flow, map_x, map_y, description, designations, sections, filter_flags) VALUES ('crystal_mi', 'mi', 'Crystal River (Glen Arbor)', 'Leelanau Co.', '2.5 mi', 'Riffles', '40–150', '04127997', 75, 68, 248, 228, 'The shortest river in Michigan at just 2.5 miles, the Crystal flows with teal-blue, glass-clear water through Sleeping Bear Dunes National Lakeshore. An extremely popular short paddle and one of the most photographed waterways in the state.', 'Sleeping Bear Dunes National Lakeshore', ARRAY['Fisher Road to Glen Lake — 2.5 mi, the complete crystal-clear experience'], '{"lp":true,"up":false,"wild":false,"nat":false,"ww":false}') ON CONFLICT (id) DO NOTHING;
INSERT INTO public.river_history (river_id, era, year, title, body, source, sort_order) VALUES ('crystal_mi', 'survey', '1970', 'Sleeping Bear Dunes National Lakeshore Established', 'The creation of Sleeping Bear Dunes National Lakeshore placed the Crystal River under federal protection, preserving its remarkable water clarity and undeveloped shoreline for future generations.', 'National Park Service', 0);
INSERT INTO public.river_history (river_id, era, year, title, body, source, sort_order) VALUES ('crystal_mi', 'modern', '2014', 'Named ''Most Beautiful Place in America'' by Good Morning America', 'Sleeping Bear Dunes — and the Crystal River flowing through it — gained national attention when voted the Most Beautiful Place in America. Visitation surged, making the Crystal one of Michigan''s most popular short paddles.', 'Good Morning America (ABC); NPS Sleeping Bear Dunes', 1);
INSERT INTO public.river_reviews (river_id, username, review_date, stars, body, is_seed) VALUES ('crystal_mi', 'glenarborlife', 'Jul 2024', 5, 'Two miles of the clearest water you will ever see. Teal blue over white sand. Get there early — it gets crowded by noon.', true);
INSERT INTO public.river_reviews (river_id, username, review_date, stars, body, is_seed) VALUES ('crystal_mi', 'sleeping_bear_fan', 'Aug 2024', 4, 'Short but absolutely stunning at 60 cfs. Bring a mask and snorkel — the underwater visibility is unreal.', true);
INSERT INTO public.river_outfitters (river_id, name, description, link, is_seed) VALUES ('crystal_mi', 'Crystal River Outfitters', 'Kayak and tube rentals in Glen Arbor', '', true);
INSERT INTO public.river_outfitters (river_id, name, description, link, is_seed) VALUES ('crystal_mi', 'Sleeping Bear Surf & Kayak', 'Paddleboard and kayak rentals near the Crystal River', '', true);
INSERT INTO public.rivers (id, state_key, name, county, length, class, optimal_cfs, usgs_gauge, avg_cfs, hist_flow, map_x, map_y, description, designations, sections, filter_flags) VALUES ('ausable_sb', 'mi', 'Au Sable South Branch', 'Crawford / Roscommon Co.', '40 mi', 'Riffles', '100–400', '04135700', 180, 162, 270, 258, 'Quieter and more intimate than the main stem Au Sable, the South Branch winds through state forest with wild brook trout in every pool. A peaceful escape for anglers and paddlers seeking solitude.', 'Michigan Natural River', ARRAY['Chase Bridge to Smith Bridge — upper reach, narrow and wild','Smith Bridge to Roscommon — lower reach, wider meanders'], '{"lp":true,"up":false,"wild":false,"nat":false,"ww":false}') ON CONFLICT (id) DO NOTHING;
INSERT INTO public.river_history (river_id, era, year, title, body, source, sort_order) VALUES ('ausable_sb', 'logging', '1870s–1900', 'South Branch Log Drives', 'The South Branch served as a tributary highway for the Au Sable logging empire, floating white pine to the main stem and onward to Lake Huron mills. The smaller channel made drives more difficult, preserving some of the watershed''s remoteness.', 'Crawford County Historical Society', 0);
INSERT INTO public.river_history (river_id, era, year, title, body, source, sort_order) VALUES ('ausable_sb', 'modern', '1985', 'Wild Brook Trout Conservation', 'Michigan DNR designated key stretches of the South Branch as catch-and-release brook trout water, protecting one of the Lower Peninsula''s last self-sustaining native brook trout populations.', 'Michigan DNR Fisheries Division', 1);
INSERT INTO public.river_reviews (river_id, username, review_date, stars, body, is_seed) VALUES ('ausable_sb', 'brooktrout_angler', 'Jun 2024', 5, 'South Branch at 150 cfs — wild brookies in every bend. So much quieter than the main Au Sable. Don''t tell anyone.', true);
INSERT INTO public.river_reviews (river_id, username, review_date, stars, body, is_seed) VALUES ('ausable_sb', 'lp_canoe_life', 'Aug 2024', 4, 'Intimate paddle through state forest at 200 cfs. Deer, herons, and zero crowds.', true);
INSERT INTO public.river_outfitters (river_id, name, description, link, is_seed) VALUES ('ausable_sb', 'South Branch Canoe Livery', 'Canoe and kayak rentals on the South Branch', '', true);
INSERT INTO public.rivers (id, state_key, name, county, length, class, optimal_cfs, usgs_gauge, avg_cfs, hist_flow, map_x, map_y, description, designations, sections, filter_flags) VALUES ('black_cheboygan', 'mi', 'Black River (Cheboygan)', 'Cheboygan Co.', '40 mi', 'Riffles', '200–800', '04131500', 380, 342, 275, 240, 'Flowing into Black Lake and then to Lake Huron, the Black River traverses some of the most remote northern Lower Peninsula landscape. A quiet, forested paddle far from the crowds of more popular rivers.', 'None', ARRAY['Upper — Clark Bridge to Black Lake, remote forest paddle','Lower — Black Lake outlet to Cheboygan, wider and gentler'], '{"lp":true,"up":false,"wild":false,"nat":false,"ww":false}') ON CONFLICT (id) DO NOTHING;
INSERT INTO public.river_history (river_id, era, year, title, body, source, sort_order) VALUES ('black_cheboygan', 'logging', '1860s–1895', 'Black River Timber Drives', 'The Black River was a key logging artery in Cheboygan County, floating white pine to mills on Lake Huron. The river''s dark, tannin-stained water — the source of its name — made it a distinctive sight during the spring log drives.', 'Cheboygan County Historical Society', 0);
INSERT INTO public.river_history (river_id, era, year, title, body, source, sort_order) VALUES ('black_cheboygan', 'modern', '2000', 'Sturgeon Recovery in Black Lake', 'The Black River-Black Lake system became a focal point for lake sturgeon restoration, with Michigan DNR and tribal partners working to rebuild populations of this ancient species.', 'Michigan DNR Fisheries Division', 1);
INSERT INTO public.river_reviews (river_id, username, review_date, stars, body, is_seed) VALUES ('black_cheboygan', 'northernlp_paddler', 'Jul 2024', 4, 'Clark Bridge to Black Lake at 340 cfs. Remote and wild — felt like the UP but in the Lower Peninsula.', true);
INSERT INTO public.river_reviews (river_id, username, review_date, stars, body, is_seed) VALUES ('black_cheboygan', 'cheboygan_local', 'Aug 2024', 4, 'Great bass fishing at 400 cfs. One of the most underrated rivers in the northern LP.', true);
INSERT INTO public.river_outfitters (river_id, name, description, link, is_seed) VALUES ('black_cheboygan', 'Black River Canoe Outfitters', 'Canoe and kayak rentals in Cheboygan County', '', true);
INSERT INTO public.rivers (id, state_key, name, county, length, class, optimal_cfs, usgs_gauge, avg_cfs, hist_flow, map_x, map_y, description, designations, sections, filter_flags) VALUES ('cass', 'mi', 'Cass River', 'Tuscola Co.', '95 mi', 'Riffles', '200–1200', '04151500', 620, 558, 278, 262, 'Michigan''s Thumb area river flowing through agricultural country, the Cass is a family-friendly paddle with gentle current and easy access. A pleasant introduction to paddling in the eastern Lower Peninsula.', 'None', ARRAY['Upper — Cass City to Caro, gentle farmland meanders','Lower — Caro to Saginaw Bay, wider and slower'], '{"lp":true,"up":false,"wild":false,"nat":false,"ww":false}') ON CONFLICT (id) DO NOTHING;
INSERT INTO public.river_history (river_id, era, year, title, body, source, sort_order) VALUES ('cass', 'native', 'Pre-contact', 'Ojibwe and Sauk Homeland', 'The Cass River watershed in Michigan''s Thumb region was home to Ojibwe and Sauk peoples. The river was named for Lewis Cass, Michigan''s territorial governor, who led a surveying expedition through the region in 1820.', 'Tuscola County Historical Society', 0);
INSERT INTO public.river_history (river_id, era, year, title, body, source, sort_order) VALUES ('cass', 'modern', '2008', 'Cass River Greenway Initiative', 'Local communities established the Cass River Greenway to protect riparian corridors, improve water quality, and create recreational access along the river through the Thumb region.', 'Tuscola County Conservation District', 1);
INSERT INTO public.river_reviews (river_id, username, review_date, stars, body, is_seed) VALUES ('cass', 'thumb_paddler', 'Jul 2024', 4, 'Cass City to Caro at 500 cfs. Easy family float through farm country. Kids loved it.', true);
INSERT INTO public.river_reviews (river_id, username, review_date, stars, body, is_seed) VALUES ('cass', 'mi_flatwater_fan', 'Aug 2024', 3, 'Gentle current at 400 cfs. Nothing flashy but a solid day on the water with the family.', true);
INSERT INTO public.river_outfitters (river_id, name, description, link, is_seed) VALUES ('cass', 'Cass River Paddle Sports', 'Canoe and kayak rentals in Tuscola County', '', true);
INSERT INTO public.rivers (id, state_key, name, county, length, class, optimal_cfs, usgs_gauge, avg_cfs, hist_flow, map_x, map_y, description, designations, sections, filter_flags) VALUES ('chippewa_mi', 'mi', 'Chippewa River', 'Mecosta / Isabella Co.', '90 mi', 'Riffles', '150–600', '04154000', 340, 306, 260, 260, 'Flowing through the Mt. Pleasant area and Central Michigan University''s hometown, the Chippewa is a gentle central LP paddle with good smallmouth bass fishing and easy access from mid-Michigan communities.', 'None', ARRAY['Upper — Mecosta County headwaters, narrow and wooded','Lower — Mt. Pleasant to Midland, wider and gentler'], '{"lp":true,"up":false,"wild":false,"nat":false,"ww":false}') ON CONFLICT (id) DO NOTHING;
INSERT INTO public.river_history (river_id, era, year, title, body, source, sort_order) VALUES ('chippewa_mi', 'native', 'Pre-contact', 'Saginaw Chippewa Homeland', 'The river bears the name of the Chippewa (Ojibwe) people who inhabited the watershed for thousands of years. The Saginaw Chippewa Indian Tribe of Michigan maintains its reservation near Mt. Pleasant along the river today.', 'Saginaw Chippewa Indian Tribe; Isabella County Historical Society', 0);
INSERT INTO public.river_history (river_id, era, year, title, body, source, sort_order) VALUES ('chippewa_mi', 'modern', '2015', 'Chippewa River Water Trail Designation', 'The Chippewa River Water Trail was established to promote recreational paddling and conservation awareness through central Michigan''s communities.', 'Isabella County Parks & Recreation', 1);
INSERT INTO public.river_reviews (river_id, username, review_date, stars, body, is_seed) VALUES ('chippewa_mi', 'cmu_kayaker', 'Jun 2024', 4, 'Mt. Pleasant stretch at 300 cfs. Great campus-area paddle, good smallmouth on poppers.', true);
INSERT INTO public.river_reviews (river_id, username, review_date, stars, body, is_seed) VALUES ('chippewa_mi', 'central_mi_float', 'Aug 2024', 4, 'Easy family float at 250 cfs. Nice mix of shade and open water through town.', true);
INSERT INTO public.river_outfitters (river_id, name, description, link, is_seed) VALUES ('chippewa_mi', 'Chippewa River Outfitters', 'Canoe and kayak rentals near Mt. Pleasant', '', true);
INSERT INTO public.rivers (id, state_key, name, county, length, class, optimal_cfs, usgs_gauge, avg_cfs, hist_flow, map_x, map_y, description, designations, sections, filter_flags) VALUES ('dowagiac', 'mi', 'Dowagiac River', 'Cass Co.', '30 mi', 'Riffles', '100–400', '04101800', 180, 162, 240, 272, 'A spring-fed creek in southwest Michigan with excellent trout habitat, the Dowagiac is a small gem prized by anglers for its cold, clear water and healthy brown trout population.', 'Michigan Designated Trout Stream', ARRAY['Upper — Dowagiac to Sumnerville, intimate spring creek','Lower — Sumnerville to St. Joseph River, wider meanders'], '{"lp":true,"up":false,"wild":false,"nat":false,"ww":false}') ON CONFLICT (id) DO NOTHING;
INSERT INTO public.river_history (river_id, era, year, title, body, source, sort_order) VALUES ('dowagiac', 'native', 'Pre-contact', 'Potawatomi Homeland', 'The Dowagiac watershed was Potawatomi territory. The name derives from a Potawatomi word. The Pokagon Band of Potawatomi Indians, headquartered nearby in Dowagiac, maintains deep cultural connections to the river.', 'Pokagon Band of Potawatomi Indians; Cass County Historical Society', 0);
INSERT INTO public.river_history (river_id, era, year, title, body, source, sort_order) VALUES ('dowagiac', 'modern', '2010', 'Dowagiac River Habitat Restoration', 'Michigan DNR and Trout Unlimited partnered to restore in-stream habitat and remove barriers on the Dowagiac, improving fish passage and strengthening the brown trout population.', 'Michigan DNR; Trout Unlimited', 1);
INSERT INTO public.river_reviews (river_id, username, review_date, stars, body, is_seed) VALUES ('dowagiac', 'sw_mi_trout', 'May 2024', 5, 'Spring-fed perfection at 150 cfs. Brown trout rising to dry flies all afternoon. A southwest Michigan treasure.', true);
INSERT INTO public.river_reviews (river_id, username, review_date, stars, body, is_seed) VALUES ('dowagiac', 'dowagiac_local', 'Jul 2024', 4, 'Small but beautiful at 120 cfs. Cold water even in July. Tight casting but worth every trout.', true);
INSERT INTO public.river_outfitters (river_id, name, description, link, is_seed) VALUES ('dowagiac', 'Dowagiac Creek Outfitters', 'Canoe and kayak rentals in Cass County', '', true);
INSERT INTO public.rivers (id, state_key, name, county, length, class, optimal_cfs, usgs_gauge, avg_cfs, hist_flow, map_x, map_y, description, designations, sections, filter_flags) VALUES ('kalamazoo', 'mi', 'Kalamazoo River', 'Kalamazoo / Allegan Co.', '175 mi', 'Riffles', '500–3000', '04106000', 1600, 1440, 245, 268, 'Major southwest Michigan river flowing 175 miles to Lake Michigan at Saugatuck. The Kalamazoo offers diverse paddling from urban stretches through Kalamazoo to scenic lower reaches through Allegan State Game Area.', 'None', ARRAY['Upper — Battle Creek to Kalamazoo, urban corridor','Lower — Allegan to Saugatuck, scenic finale to Lake Michigan'], '{"lp":true,"up":false,"wild":false,"nat":false,"ww":false}') ON CONFLICT (id) DO NOTHING;
INSERT INTO public.river_history (river_id, era, year, title, body, source, sort_order) VALUES ('kalamazoo', 'native', 'Pre-contact', 'Potawatomi Homeland — "Boiling Water"', 'The Kalamazoo River name derives from a Potawatomi word meaning ''boiling water'' or ''reflecting river.'' The Potawatomi people inhabited the watershed for thousands of years, using the river as a major travel and fishing corridor.', 'Kalamazoo Valley Museum; Michigan Historical Center', 0);
INSERT INTO public.river_history (river_id, era, year, title, body, source, sort_order) VALUES ('kalamazoo', 'modern', '2010', 'Enbridge Oil Spill and Recovery', 'The Enbridge Line 6B pipeline rupture on July 25, 2010 released over 800,000 gallons of crude oil into the Kalamazoo River — one of the largest inland oil spills in U.S. history. A decade-long cleanup effort has significantly restored the river.', 'EPA; NTSB', 1);
INSERT INTO public.river_reviews (river_id, username, review_date, stars, body, is_seed) VALUES ('kalamazoo', 'kzoo_paddler', 'Aug 2024', 4, 'Allegan to Saugatuck at 1,400 cfs. Beautiful lower river through the game area. Hard to believe the recovery after 2010.', true);
INSERT INTO public.river_reviews (river_id, username, review_date, stars, body, is_seed) VALUES ('kalamazoo', 'sw_michigan_kayak', 'Jul 2024', 4, 'Good family float at 1,200 cfs. Wide and forgiving, nice scenery in the lower stretch.', true);
INSERT INTO public.river_outfitters (river_id, name, description, link, is_seed) VALUES ('kalamazoo', 'Kalamazoo River Outfitters', 'Canoe and kayak rentals in Allegan County', '', true);
INSERT INTO public.rivers (id, state_key, name, county, length, class, optimal_cfs, usgs_gauge, avg_cfs, hist_flow, map_x, map_y, description, designations, sections, filter_flags) VALUES ('little_manistee', 'mi', 'Little Manistee River', 'Lake / Mason Co.', '55 mi', 'Riffles', '150–600', '04126130', 280, 252, 242, 245, 'Premier steelhead river and home to the Michigan DNR weir used for egg collection to stock rivers statewide. The Little Manistee runs cold and clear through the Manistee National Forest.', 'Michigan Natural River', ARRAY['Upper — Luther to Old Stronach Road, narrow forest paddle','Lower — Old Stronach Road to Manistee Lake, steelhead corridor'], '{"lp":true,"up":false,"wild":false,"nat":true,"ww":false}') ON CONFLICT (id) DO NOTHING;
INSERT INTO public.river_history (river_id, era, year, title, body, source, sort_order) VALUES ('little_manistee', 'survey', '1968', 'Little Manistee Weir Established', 'Michigan DNR built the Little Manistee River Weir, which became the state''s primary egg-taking station for steelhead. The facility has supplied eggs to stock rivers across Michigan for over five decades.', 'Michigan DNR Fisheries Division', 0);
INSERT INTO public.river_history (river_id, era, year, title, body, source, sort_order) VALUES ('little_manistee', 'modern', '2020', 'Steelhead Run Record Numbers', 'The Little Manistee''s steelhead run reached record numbers, with the DNR weir processing thousands of fish. The river''s consistent cold water and gravel substrate make it ideal steelhead spawning habitat.', 'Michigan DNR Fisheries Division', 1);
INSERT INTO public.river_reviews (river_id, username, review_date, stars, body, is_seed) VALUES ('little_manistee', 'steelhead_maniac', 'Mar 2024', 5, 'Spring run at 250 cfs — chrome steelhead stacking at the weir. Best steelhead fishing in the state, period.', true);
INSERT INTO public.river_reviews (river_id, username, review_date, stars, body, is_seed) VALUES ('little_manistee', 'lm_paddler', 'Jul 2024', 4, 'Quiet summer float at 200 cfs through the national forest. Beautiful and uncrowded.', true);
INSERT INTO public.river_outfitters (river_id, name, description, link, is_seed) VALUES ('little_manistee', 'Little Manistee River Outfitters', 'Canoe and kayak rentals in Lake County', '', true);
INSERT INTO public.rivers (id, state_key, name, county, length, class, optimal_cfs, usgs_gauge, avg_cfs, hist_flow, map_x, map_y, description, designations, sections, filter_flags) VALUES ('little_muskegon', 'mi', 'Little Muskegon River', 'Mecosta / Newaygo Co.', '50 mi', 'Riffles', '100–400', '04121300', 220, 198, 240, 258, 'Quiet tributary of the Muskegon River flowing through the Manistee National Forest, the Little Muskegon offers excellent trout fishing and a peaceful, uncrowded paddle far from the busier main stem.', 'None', ARRAY['Upper — Morley to Croton, narrow forest meanders','Lower — Croton to Muskegon River confluence, wider and gentler'], '{"lp":true,"up":false,"wild":false,"nat":false,"ww":false}') ON CONFLICT (id) DO NOTHING;
INSERT INTO public.river_history (river_id, era, year, title, body, source, sort_order) VALUES ('little_muskegon', 'logging', '1860s–1890s', 'Tributary Log Drives', 'The Little Muskegon served as a feeder stream for the massive Muskegon River log drives, floating timber from interior forests to the mills at Muskegon. Its smaller size made it less impacted than the main stem.', 'Newaygo County Historical Society', 0);
INSERT INTO public.river_history (river_id, era, year, title, body, source, sort_order) VALUES ('little_muskegon', 'modern', '2012', 'Trout Habitat Restoration', 'Michigan DNR and Trout Unlimited completed a multi-year habitat restoration project on the Little Muskegon, adding in-stream structures and improving spawning gravel to support wild brook and brown trout populations.', 'Michigan DNR; Trout Unlimited', 1);
INSERT INTO public.river_reviews (river_id, username, review_date, stars, body, is_seed) VALUES ('little_muskegon', 'quiet_water_mi', 'Jun 2024', 4, 'Morley to Croton at 180 cfs. Peaceful forest paddle with good trout. Zero other paddlers all day.', true);
INSERT INTO public.river_reviews (river_id, username, review_date, stars, body, is_seed) VALUES ('little_muskegon', 'trout_hunter_lp', 'Jul 2024', 4, 'Wild brookies and browns at 150 cfs. The Little Muskegon is a hidden gem for trout anglers.', true);
INSERT INTO public.river_outfitters (river_id, name, description, link, is_seed) VALUES ('little_muskegon', 'Little Muskegon Paddle Co.', 'Canoe and kayak rentals in Mecosta County', '', true);
INSERT INTO public.rivers (id, state_key, name, county, length, class, optimal_cfs, usgs_gauge, avg_cfs, hist_flow, map_x, map_y, description, designations, sections, filter_flags) VALUES ('ocqueoc', 'mi', 'Ocqueoc River', 'Presque Isle Co.', '30 mi', 'Riffles', '80–300', '04133501', 140, 126, 280, 242, 'Home to Ocqueoc Falls, the only named waterfall in Michigan''s Lower Peninsula. A small, intimate river in the remote northeastern LP with good trout fishing and a surprising natural landmark.', 'None', ARRAY['Upper — Ocqueoc Falls area, scenic headwaters','Lower — Ocqueoc Falls to Lake Huron, gentle forest paddle'], '{"lp":true,"up":false,"wild":false,"nat":false,"ww":false}') ON CONFLICT (id) DO NOTHING;
INSERT INTO public.river_history (river_id, era, year, title, body, source, sort_order) VALUES ('ocqueoc', 'native', 'Pre-contact', 'Ojibwe Homeland — "Sacred Water"', 'The Ocqueoc name derives from an Ojibwe word. The falls were a significant site for native peoples for thousands of years. The river''s remote northeastern LP location kept it relatively untouched compared to more accessible waterways.', 'Presque Isle County Historical Society', 0);
INSERT INTO public.river_history (river_id, era, year, title, body, source, sort_order) VALUES ('ocqueoc', 'modern', '1990', 'Lower Peninsula''s Only Waterfall Protected', 'Ocqueoc Falls — the only named waterfall in Michigan''s Lower Peninsula — was preserved as a state forest campground and day-use area, protecting this unique natural feature for public enjoyment.', 'Michigan DNR Parks & Recreation', 1);
INSERT INTO public.river_reviews (river_id, username, review_date, stars, body, is_seed) VALUES ('ocqueoc', 'falls_seeker_mi', 'Jul 2024', 4, 'Paddled above the falls at 120 cfs then hiked down to see them. The LP''s only waterfall — small but worth the trip.', true);
INSERT INTO public.river_reviews (river_id, username, review_date, stars, body, is_seed) VALUES ('ocqueoc', 'presque_isle_local', 'Aug 2024', 4, 'Quiet little river at 100 cfs. Good brookies and total solitude in the northeastern LP.', true);
INSERT INTO public.river_outfitters (river_id, name, description, link, is_seed) VALUES ('ocqueoc', 'Ocqueoc Outdoor Adventures', 'Canoe and kayak rentals in Presque Isle County', '', true);
INSERT INTO public.rivers (id, state_key, name, county, length, class, optimal_cfs, usgs_gauge, avg_cfs, hist_flow, map_x, map_y, description, designations, sections, filter_flags) VALUES ('pigeon_mi', 'mi', 'Pigeon River', 'Otsego Co.', '40 mi', 'Riffles', '100–400', '04132500', 190, 171, 272, 244, 'Flowing through the Pigeon River Country State Forest — Michigan''s elk country — the Pigeon is the most remote river in the Lower Peninsula. A wild, intimate paddle with a chance to see elk along the banks.', 'None', ARRAY['Upper — Pigeon Bridge to Elk Hill, remote forest paddle through elk country','Lower — Elk Hill to Mullett Lake, wider and gentler'], '{"lp":true,"up":false,"wild":false,"nat":false,"ww":false}') ON CONFLICT (id) DO NOTHING;
INSERT INTO public.river_history (river_id, era, year, title, body, source, sort_order) VALUES ('pigeon_mi', 'native', 'Pre-contact', 'Odawa and Ojibwe Territory', 'The Pigeon River watershed was Odawa and Ojibwe territory. The extensive forests supported abundant game and the river provided trout and other fish. The remote interior was among the last areas of the LP to be settled by Europeans.', 'Otsego County Historical Society', 0);
INSERT INTO public.river_history (river_id, era, year, title, body, source, sort_order) VALUES ('pigeon_mi', 'modern', '1918', 'Michigan''s Elk Herd Reintroduced', 'Seven Rocky Mountain elk were released in the Pigeon River Country in 1918, establishing what is now the only free-ranging elk herd east of the Mississippi — approximately 1,000 animals roaming the forest and river corridor.', 'Michigan DNR Wildlife Division', 1);
INSERT INTO public.river_reviews (river_id, username, review_date, stars, body, is_seed) VALUES ('pigeon_mi', 'elk_country_paddle', 'Sep 2024', 5, 'Pigeon Bridge run at 160 cfs. Saw three elk on the riverbank at dawn. Most wild feeling paddle in the LP, bar none.', true);
INSERT INTO public.river_reviews (river_id, username, review_date, stars, body, is_seed) VALUES ('pigeon_mi', 'lp_wilderness_fan', 'Jul 2024', 4, 'Remote and beautiful at 180 cfs. Brook trout and total solitude in elk country.', true);
INSERT INTO public.river_outfitters (river_id, name, description, link, is_seed) VALUES ('pigeon_mi', 'Pigeon River Country Outfitters', 'Canoe and kayak rentals in Otsego County', '', true);
INSERT INTO public.rivers (id, state_key, name, county, length, class, optimal_cfs, usgs_gauge, avg_cfs, hist_flow, map_x, map_y, description, designations, sections, filter_flags) VALUES ('shiawassee', 'mi', 'Shiawassee River', 'Livingston / Shiawassee Co.', '100 mi', 'Riffles', '200–1000', '04144500', 480, 432, 270, 268, 'Flowing through mid-Michigan to the Shiawassee National Wildlife Refuge, this river offers gentle paddling through farmland and wetlands with excellent birding opportunities.', 'Shiawassee National Wildlife Refuge (lower reach)', ARRAY['Upper — Holly to Byron, gentle meanders through farmland','Lower — Byron to Shiawassee NWR, wetland paddling and birding'], '{"lp":true,"up":false,"wild":false,"nat":false,"ww":false}') ON CONFLICT (id) DO NOTHING;
INSERT INTO public.river_history (river_id, era, year, title, body, source, sort_order) VALUES ('shiawassee', 'native', 'Pre-contact', 'Ojibwe Homeland', 'The Shiawassee name derives from an Ojibwe word meaning ''sparkling water.'' The watershed''s extensive wetlands supported diverse wildlife and provided abundant resources for native peoples for thousands of years.', 'Shiawassee County Historical Society', 0);
INSERT INTO public.river_history (river_id, era, year, title, body, source, sort_order) VALUES ('shiawassee', 'modern', '1953', 'Shiawassee National Wildlife Refuge Established', 'The U.S. Fish and Wildlife Service established the Shiawassee NWR at the confluence of the Shiawassee, Flint, Tittabawassee, and Cass rivers, protecting 9,800 acres of wetlands critical for migratory bird habitat.', 'U.S. Fish and Wildlife Service', 1);
INSERT INTO public.river_reviews (river_id, username, review_date, stars, body, is_seed) VALUES ('shiawassee', 'mi_birder_paddle', 'May 2024', 4, 'Lower Shiawassee at 420 cfs near the refuge. Bald eagles, herons, and waterfowl everywhere. Paddling and birding combined.', true);
INSERT INTO public.river_reviews (river_id, username, review_date, stars, body, is_seed) VALUES ('shiawassee', 'midmichigan_kayak', 'Jul 2024', 4, 'Easy family float at 350 cfs. Gentle current and good shade through the farmland stretches.', true);
INSERT INTO public.river_outfitters (river_id, name, description, link, is_seed) VALUES ('shiawassee', 'Shiawassee River Paddle Co.', 'Canoe and kayak rentals in Shiawassee County', '', true);
INSERT INTO public.rivers (id, state_key, name, county, length, class, optimal_cfs, usgs_gauge, avg_cfs, hist_flow, map_x, map_y, description, designations, sections, filter_flags) VALUES ('sturgeon_lp', 'mi', 'Sturgeon River (LP)', 'Otsego / Cheboygan Co.', '45 mi', 'I–II', '150–600', '04131980', 260, 234, 268, 238, 'The fastest river in the Lower Peninsula with good current and Class I-II water that can challenge beginners. A scenic, forested paddle through the northern LP with reliable flow and a reputation for swift water.', 'Michigan Natural River', ARRAY['Upper — Wolverine to Rondo, fast current through state forest','Lower — Rondo to Burt Lake, gentler but still moving'], '{"lp":true,"up":false,"wild":false,"nat":false,"ww":false}') ON CONFLICT (id) DO NOTHING;
INSERT INTO public.river_history (river_id, era, year, title, body, source, sort_order) VALUES ('sturgeon_lp', 'logging', '1860s–1890s', 'Fast Water Log Drives', 'The Sturgeon''s swift current made it an efficient but dangerous logging river. Log drives on the Sturgeon were among the fastest in the LP, with jams forming at bends and narrows. The river''s speed that challenged loggers now attracts paddlers.', 'Otsego County Historical Society', 0);
INSERT INTO public.river_history (river_id, era, year, title, body, source, sort_order) VALUES ('sturgeon_lp', 'modern', '1975', 'Michigan Natural River Designation', 'The Sturgeon was designated a Michigan Natural River, protecting its corridor and preserving the fast-flowing character that makes it unique among LP rivers.', 'Michigan DNR Natural Rivers Program', 1);
INSERT INTO public.river_reviews (river_id, username, review_date, stars, body, is_seed) VALUES ('sturgeon_lp', 'fast_water_mi', 'May 2024', 5, 'Wolverine to Rondo at 400 cfs — fastest water in the LP. Constant current, fun Class II riffles. A real workout.', true);
INSERT INTO public.river_reviews (river_id, username, review_date, stars, body, is_seed) VALUES ('sturgeon_lp', 'northern_lp_paddle', 'Jul 2024', 4, 'Good current at 250 cfs. More challenging than most LP rivers. Great for building skills.', true);
INSERT INTO public.river_outfitters (river_id, name, description, link, is_seed) VALUES ('sturgeon_lp', 'Sturgeon River Paddlesports', 'Canoe and kayak rentals in Wolverine', '', true);
INSERT INTO public.rivers (id, state_key, name, county, length, class, optimal_cfs, usgs_gauge, avg_cfs, hist_flow, map_x, map_y, description, designations, sections, filter_flags) VALUES ('thunder_bay', 'mi', 'Thunder Bay River', 'Montmorency / Alpena Co.', '70 mi', 'Riffles', '200–800', '04135500', 420, 378, 278, 248, 'Flowing to Lake Huron at Alpena and the Thunder Bay National Marine Sanctuary, this northeastern LP river offers a scenic paddle through forested country to one of the Great Lakes'' most significant underwater preserves.', 'None', ARRAY['Upper — Atlanta to Hillman, narrow forest paddle','Lower — Hillman to Alpena, wider current to Lake Huron'], '{"lp":true,"up":false,"wild":false,"nat":false,"ww":false}') ON CONFLICT (id) DO NOTHING;
INSERT INTO public.river_history (river_id, era, year, title, body, source, sort_order) VALUES ('thunder_bay', 'logging', '1860s–1900', 'Thunder Bay Lumber Industry', 'The Thunder Bay River floated millions of board feet of white pine to mills at Alpena, which became a major lumber port on Lake Huron. The city grew rapidly around the timber trade before the forests were exhausted by 1900.', 'Alpena County Historical Society', 0);
INSERT INTO public.river_history (river_id, era, year, title, body, source, sort_order) VALUES ('thunder_bay', 'modern', '2000', 'Thunder Bay National Marine Sanctuary Designated', 'NOAA designated the Thunder Bay National Marine Sanctuary at the river''s mouth in Lake Huron, protecting over 100 shipwrecks in a 4,300-square-mile underwater preserve — one of the most significant collections of shipwrecks in the Great Lakes.', 'NOAA Thunder Bay National Marine Sanctuary', 1);
INSERT INTO public.river_reviews (river_id, username, review_date, stars, body, is_seed) VALUES ('thunder_bay', 'alpena_kayaker', 'Aug 2024', 4, 'Hillman to Alpena at 380 cfs. Scenic forested paddle ending at the Lake Huron waterfront. Great weekend trip.', true);
INSERT INTO public.river_reviews (river_id, username, review_date, stars, body, is_seed) VALUES ('thunder_bay', 'ne_michigan_paddle', 'Jul 2024', 4, 'Nice current at 350 cfs. Combined the river paddle with a glass-bottom boat tour of the marine sanctuary. Perfect combo.', true);
INSERT INTO public.river_outfitters (river_id, name, description, link, is_seed) VALUES ('thunder_bay', 'Thunder Bay River Outfitters', 'Canoe and kayak rentals in Alpena County', '', true);
INSERT INTO public.rivers (id, state_key, name, county, length, class, optimal_cfs, usgs_gauge, avg_cfs, hist_flow, map_x, map_y, description, designations, sections, filter_flags) VALUES ('white_mi', 'mi', 'White River', 'Newaygo / Oceana Co.', '50 mi', 'Riffles', '150–600', '04122100', 310, 279, 236, 255, 'A Lake Michigan tributary at Hesperia with good steelhead and salmon runs, the White River is a scenic west Michigan paddle through the Manistee National Forest with reliable spring-fed flow.', 'None', ARRAY['Upper — Hesperia to Diamond Lake, narrow forest corridor','Lower — Diamond Lake to White Lake, wider and gentler to Lake Michigan'], '{"lp":true,"up":false,"wild":false,"nat":false,"ww":false}') ON CONFLICT (id) DO NOTHING;
INSERT INTO public.river_history (river_id, era, year, title, body, source, sort_order) VALUES ('white_mi', 'logging', '1860s–1900', 'White River Log Drives', 'The White River was used for log drives during Michigan''s lumber era, floating timber to mills at White Lake on Lake Michigan. The river''s spring-fed flow helped sustain ecological recovery after the logging era ended.', 'Oceana County Historical Society', 0);
INSERT INTO public.river_history (river_id, era, year, title, body, source, sort_order) VALUES ('white_mi', 'modern', '2015', 'Steelhead and Salmon Restoration', 'Michigan DNR expanded steelhead and salmon stocking programs on the White River, building on the river''s excellent cold-water habitat to create a productive Lake Michigan tributary fishery.', 'Michigan DNR Fisheries Division', 1);
INSERT INTO public.river_reviews (river_id, username, review_date, stars, body, is_seed) VALUES ('white_mi', 'west_mi_steelhead', 'Mar 2024', 5, 'Spring steelhead run at 280 cfs — chrome fish stacking in every pool. The White River is a steelhead factory.', true);
INSERT INTO public.river_reviews (river_id, username, review_date, stars, body, is_seed) VALUES ('white_mi', 'hesperia_paddler', 'Jul 2024', 4, 'Quiet summer float at 200 cfs through the national forest. Clean water, good shade, and total peace.', true);
INSERT INTO public.river_outfitters (river_id, name, description, link, is_seed) VALUES ('white_mi', 'White River Canoe Livery', 'Canoe and kayak rentals in Hesperia', '', true);
INSERT INTO public.rivers (id, state_key, name, county, length, class, optimal_cfs, usgs_gauge, avg_cfs, hist_flow, map_x, map_y, description, designations, sections, filter_flags) VALUES ('twohearted', 'mi', 'Two Hearted River', 'Luce Co., UP', '20 mi', 'I', '100–500', '04063700', 290, 275, 250, 108, 'Immortalized by Hemingway in ''Big Two-Hearted River'' (1924). Flows through Lake Superior State Forest to a dune-backed beach at Lake Superior. Remote, undeveloped, wild — one of the finest wilderness paddles in the Midwest.', 'National Wild & Scenic River · Michigan Natural River', ARRAY['Reed and Green Bridge to Lake Superior — 20 mi definitive route'], '{"lp":false,"up":true,"wild":true,"nat":true,"ww":false}') ON CONFLICT (id) DO NOTHING;
INSERT INTO public.river_history (river_id, era, year, title, body, source, sort_order) VALUES ('twohearted', 'native', 'Pre-contact', 'Lake Superior Ojibwe Territory', 'The Two Hearted watershed lies within the ancestral territory of the Lake Superior Ojibwe (Chippewa). The remote UP forests were important hunting and trapping grounds. The Sault Ste. Marie Tribe of Chippewa Indians maintains cultural connections to this landscape today.', 'Sault Ste. Marie Tribe of Chippewa Indians', 0);
INSERT INTO public.river_history (river_id, era, year, title, body, source, sort_order) VALUES ('twohearted', 'survey', '1924', 'Hemingway Writes "Big Two-Hearted River"', 'Ernest Hemingway''s 1924 short story placed this remote UP river permanently in American literary consciousness. The story follows Nick Adams fishing for trout after World War I, using the river as a metaphor for healing and return.', 'Hemingway, E. (1924)', 1);
INSERT INTO public.river_history (river_id, era, year, title, body, source, sort_order) VALUES ('twohearted', 'modern', '2012', 'National Wild & Scenic Designation', 'Congress added the Two Hearted to the National Wild & Scenic River system, permanently protecting one of the most undeveloped river corridors in the Great Lakes region.', 'USFS / NPS', 2);
INSERT INTO public.river_reviews (river_id, username, review_date, stars, body, is_seed) VALUES ('twohearted', 'hemingway_was_right', 'Sep 2024', 5, 'Two days solo. No cell signal. Ended on a Lake Superior beach at sunset. Resets something in you.', true);
INSERT INTO public.river_reviews (river_id, username, review_date, stars, body, is_seed) VALUES ('twohearted', 'up_wilderness_nut', 'Aug 2024', 5, 'Most remote feeling river I''ve paddled in Michigan. Moose tracks on every sandbar.', true);
INSERT INTO public.river_outfitters (river_id, name, description, link, is_seed) VALUES ('twohearted', 'Two Hearted River Canoe Trips', 'Remote UP expeditions', 'twoheartedcanoe.com', true);
INSERT INTO public.rivers (id, state_key, name, county, length, class, optimal_cfs, usgs_gauge, avg_cfs, hist_flow, map_x, map_y, description, designations, sections, filter_flags) VALUES ('gauley', 'wv', 'Gauley River', 'Nicholas / Fayette Co.', '25 mi', 'IV–V', '2400–2800', '03194700', 1200, 1050, 280, 118, 'The crown jewel of East Coast whitewater — one of the most celebrated Class IV–V rivers on the planet. The legendary Gauley Season (22 dam-release weekends each fall) was created by the first U.S. law mandating recreational dam releases.', 'Gauley River National Recreation Area (NPS) · Congressionally-Mandated Whitewater Releases', ARRAY['Upper Gauley — Summersville Dam to Peters Creek, Class IV–V','Lower Gauley — Peters Creek to Swiss, Class III–IV'], '{"ww":true,"wild":true,"mtnst":true,"flat":false}') ON CONFLICT (id) DO NOTHING;
INSERT INTO public.river_history (river_id, era, year, title, body, source, sort_order) VALUES ('gauley', 'native', 'Pre-contact', 'Adena and Shawnee Territory', 'The Gauley River gorge was inhabited by the Adena people over 2,000 years ago, evidenced by burial mounds in Nicholas County. By the historic period, the watershed was contested territory between Cherokee and Shawnee, used primarily for hunting.', 'West Virginia Division of Culture and History', 0);
INSERT INTO public.river_history (river_id, era, year, title, body, source, sort_order) VALUES ('gauley', 'logging', '1870s–1910', 'Civil War at the Gauley — Battle of Carnifex Ferry', 'The Battle of Carnifex Ferry on September 10, 1861 — fought on a bluff above the Gauley River — was an early Union victory helping secure western Virginia. Carnifex Ferry Battlefield State Park is just above the whitewater canyon.', 'WV State Parks; NPS Civil War Sites', 1);
INSERT INTO public.river_history (river_id, era, year, title, body, source, sort_order) VALUES ('gauley', 'survey', '1988', 'Congress Mandates Recreational Dam Releases — A U.S. First', 'The Gauley River Recreation Act of 1988 required the U.S. Army Corps of Engineers to conduct 22 recreational releases from Summersville Dam each fall — the first law in American history mandating dam releases for whitewater recreation.', 'American Whitewater; USACE', 2);
INSERT INTO public.river_history (river_id, era, year, title, body, source, sort_order) VALUES ('gauley', 'modern', '2023', 'Gauley Season Economic Impact — $30M+ Annually', 'WVU documented that the 22-weekend Gauley Season generates over $30 million annually for Nicholas and Fayette counties — remarkable for a 25-mile river in one of America''s most rural regions.', 'WVU Bureau of Business and Economic Research (2023)', 3);
INSERT INTO public.river_documents (river_id, title, source, year, doc_type, pages, url) VALUES ('gauley', 'Gauley River NRA Management Plan', 'NPS', 2000, 'Federal', 180, 'https://www.nps.gov/gari/learn/management/index.htm');
INSERT INTO public.river_reviews (river_id, username, review_date, stars, body, is_seed) VALUES ('gauley', 'kayakjed_wv', 'Oct 2024', 5, 'Gauley at 2,600 cfs — Pillow Rock was stomping. Lost Paddle lived up to its name. Greatest paddling day of my life.', true);
INSERT INTO public.river_reviews (river_id, username, review_date, stars, body, is_seed) VALUES ('gauley', 'gauley_first_timer', 'Sep 2024', 5, 'Sweet''s Falls at the end was absolutely terrifying and perfect.', true);
INSERT INTO public.river_outfitters (river_id, name, description, link, is_seed) VALUES ('gauley', 'ACE Adventure Resort', 'Gauley Season specialists since 1976', 'aceadventure.com', true);
INSERT INTO public.river_outfitters (river_id, name, description, link, is_seed) VALUES ('gauley', 'Rivers Whitewater', 'Upper and Lower Gauley guided trips', 'riverswhitewater.com', true);
INSERT INTO public.rivers (id, state_key, name, county, length, class, optimal_cfs, usgs_gauge, avg_cfs, hist_flow, map_x, map_y, description, designations, sections, filter_flags) VALUES ('newriver', 'wv', 'New River', 'Fayette / Raleigh Co.', '53 mi', 'I–V', '1500–6000', '03189100', 3200, 2900, 318, 126, 'One of the oldest rivers on earth — predates the Appalachian Mountains and flows north through them. America''s newest National Park (2020). The New River Gorge delivers Class III–V whitewater beneath the iconic New River Gorge Bridge.', 'New River Gorge National Park (2020) · Wild & Scenic River', ARRAY['Upper New (Sandstone to Grandview) — Class I–II, family-friendly','Grandview to Fayette Station — Class III–IV, most popular','The Dries — Class IV–V, low water technical'], '{"ww":true,"wild":true,"mtnst":true,"flat":false}') ON CONFLICT (id) DO NOTHING;
INSERT INTO public.river_history (river_id, era, year, title, body, source, sort_order) VALUES ('newriver', 'native', 'Pre-contact', '10,000 Years of Habitation in the Gorge', 'The New River gorge has been inhabited for at least 10,000 years — one of the longest continuously occupied landscapes in North America. The region was Cherokee, Shawnee, and earlier Adena and Hopewell territory.', 'NPS New River Gorge National Park Archaeology Program', 0);
INSERT INTO public.river_history (river_id, era, year, title, body, source, sort_order) VALUES ('newriver', 'logging', '1870s–1920s', 'New River Coal Fields — 50+ Company Towns', 'The C&O Railroad reached the gorge in 1873, opening vast coal seams. Over 50 coal towns sprang up; by the 1930s most mines were exhausted, leaving the haunting ghost towns visible along the gorge today.', 'NPS New River Gorge Historical Sites', 1);
INSERT INTO public.river_history (river_id, era, year, title, body, source, sort_order) VALUES ('newriver', 'survey', '2020', 'America''s Newest National Park', 'On December 27, 2020, New River Gorge became America''s 63rd National Park, upgraded from National River status, bringing national attention to West Virginia''s outdoor recreation economy.', 'NPS; WV Governor''s Office', 2);
INSERT INTO public.river_history (river_id, era, year, title, body, source, sort_order) VALUES ('newriver', 'modern', '2023', 'Bridge Day — World''s Largest Rappel Event', 'The annual Bridge Day festival draws 80,000+ visitors for BASE jumping and rappelling from the 876-foot bridge above the river — the most dramatic overhead perspective of any American whitewater run.', 'Bridge Day Commission; NPS', 3);
INSERT INTO public.river_documents (river_id, title, source, year, doc_type, pages, url) VALUES ('newriver', 'New River Gorge NP General Management Plan', 'NPS', 2012, 'Federal', 420, 'https://parkplanning.nps.gov/projectHome.cfm?projectID=11040');
INSERT INTO public.river_reviews (river_id, username, review_date, stars, body, is_seed) VALUES ('newriver', 'nrg_regular', 'Sep 2024', 5, 'New at 4,200 cfs in fall — everything firing. Class III–IV with iconic bridge view.', true);
INSERT INTO public.river_reviews (river_id, username, review_date, stars, body, is_seed) VALUES ('newriver', 'park_visitor', 'Jul 2024', 4, 'Upper New with kids — flat enough to float with gorge scenery. Perfect intro to WV rivers.', true);
INSERT INTO public.river_outfitters (river_id, name, description, link, is_seed) VALUES ('newriver', 'ACE Adventure Resort', 'New River Gorge specialists', 'aceadventure.com', true);
INSERT INTO public.river_outfitters (river_id, name, description, link, is_seed) VALUES ('newriver', 'Class VI River Runners', 'New River Gorge guided trips', 'class-vi.com', true);
INSERT INTO public.rivers (id, state_key, name, county, length, class, optimal_cfs, usgs_gauge, avg_cfs, hist_flow, map_x, map_y, description, designations, sections, filter_flags) VALUES ('greenbrier', 'wv', 'Greenbrier River', 'Pocahontas / Greenbrier Co.', '170 mi', 'I–II', '300–1500', '03184000', 840, 780, 342, 131, 'Longest free-flowing river in West Virginia at 170 miles. The Greenbrier River Trail — 78 miles on a former C&O Railway grade — parallels the river, creating the perfect float-and-hike combination.', 'Greenbrier River Trail State Park (78 mi rail-trail)', ARRAY['Upper — Durbin to Marlinton, intimate forested','Middle — Marlinton to Alderson, trail corridor','Lower — Alderson to Hinton, wider and slower'], '{"ww":false,"wild":false,"mtnst":true,"flat":true}') ON CONFLICT (id) DO NOTHING;
INSERT INTO public.river_history (river_id, era, year, title, body, source, sort_order) VALUES ('greenbrier', 'native', 'Pre-contact', 'Shawnee Hunting Grounds', 'The Greenbrier River valley was prized Shawnee hunting territory. The rich bottomlands and abundant wildlife made it among the most productive landscapes in the Appalachians. First European settlers arrived in the 1750s.', 'Greenbrier Historical Society', 0);
INSERT INTO public.river_history (river_id, era, year, title, body, source, sort_order) VALUES ('greenbrier', 'logging', '1890s–1920', 'C&O Railroad and the Last Spruce Harvest', 'The C&O Railroad reached the upper Greenbrier in the 1890s, enabling logging of the last great red spruce forests. The narrow-gauge Greenbrier Division logged hundreds of thousands of acres. That railroad bed became the Greenbrier River Trail.', 'Pocahontas County Historical Society', 1);
INSERT INTO public.river_history (river_id, era, year, title, body, source, sort_order) VALUES ('greenbrier', 'modern', '2016', 'Great Flood — Worst Disaster in WV History', 'The June 2016 floods were among the deadliest in WV history. The Greenbrier at Caldwell crested at 34 feet — more than 20 feet above flood stage — destroying bridges and riverside communities.', 'USGS; WV Emergency Management', 2);
INSERT INTO public.river_reviews (river_id, username, review_date, stars, body, is_seed) VALUES ('greenbrier', 'greenbrier_trail_paddler', 'Sep 2024', 5, 'Four days from Marlinton to Hinton — camped on gravel bars. WV at its most pure.', true);
INSERT INTO public.river_reviews (river_id, username, review_date, stars, body, is_seed) VALUES ('greenbrier', 'pocahontas_local', 'Jul 2024', 4, 'Upper Greenbrier at 500 cfs — tiny, cold and clear. Caught brookies all day.', true);
INSERT INTO public.river_outfitters (river_id, name, description, link, is_seed) VALUES ('greenbrier', 'Greenbrier River Outfitters', 'Marlinton-based canoe and kayak rentals', 'greenbriveroutfitters.com', true);
INSERT INTO public.rivers (id, state_key, name, county, length, class, optimal_cfs, usgs_gauge, avg_cfs, hist_flow, map_x, map_y, description, designations, sections, filter_flags) VALUES ('cheat', 'wv', 'Cheat River', 'Tucker / Preston Co.', '45 mi', 'III–IV', '1000–4000', '03069500', 2100, 1900, 348, 114, 'The Cheat Canyon is the crown of West Virginia''s rugged Tucker County — 12 miles of Class III–IV whitewater in a remote sandstone gorge with no road access. The Cheat is dam-release paddling at its finest: big waves, long drops, and the kind of remoteness that makes the Gauley feel civilized. Best spring flows April–May.', 'State-designated Scenic Area · Tucker County Recreation Corridor', ARRAY['Rowlesburg to Albright — Class II–III, flatwater to canyon entry','Albright to Lake Lynn Dam — 12 mi Cheat Canyon, Class III–IV','Below Lake Lynn — Class II, lower river'], '{"ww":true,"wild":false,"mtnst":true,"flat":false}') ON CONFLICT (id) DO NOTHING;
INSERT INTO public.river_history (river_id, era, year, title, body, source, sort_order) VALUES ('cheat', 'native', 'Pre-contact', 'Seneca Iroquois Territory — The Upland Alleghenies', 'The Cheat River headwaters lie in the Allegheny Highlands, historically within the territory of the Seneca Nation (westernmost Haudenosaunee). The name "Cheat" likely derives from an early settler term for the erratic nature of the river — appearing calm then becoming violent without warning.', 'West Virginia Division of Culture and History; Seneca Nation of Indians', 0);
INSERT INTO public.river_history (river_id, era, year, title, body, source, sort_order) VALUES ('cheat', 'logging', '1880s–1920', 'Timbering the Cheat Watershed', 'The Cheat River watershed was intensively logged in the late 19th century. Railroad spurs penetrated the canyon, and the Cheat River carried logs downstream to mills at Rowlesburg. Clear-cutting caused severe flooding and erosion that took decades to recover.', 'Tucker County Historical Society; WV Highlands Conservancy', 1);
INSERT INTO public.river_history (river_id, era, year, title, body, source, sort_order) VALUES ('cheat', 'modern', '2009', 'Friends of the Cheat — Acid Mine Drainage Cleanup', 'The Friends of the Cheat organization spent 20+ years recovering the river from devastating acid mine drainage that turned the Cheat orange and killed much of its aquatic life by the 1990s. The cleanup is considered one of the most successful river restoration efforts in Appalachian history.', 'Friends of the Cheat; WVU Research', 2);
INSERT INTO public.river_documents (river_id, title, source, year, doc_type, pages, url) VALUES ('cheat', 'Cheat River Restoration Assessment', 'Friends of the Cheat', 2015, 'Ecology', 88, 'https://dep.wv.gov/WWE/Programs/nonptsource/WBP/Documents/WP/CheatRiver_WBP.pdf');
INSERT INTO public.river_reviews (river_id, username, review_date, stars, body, is_seed) VALUES ('cheat', 'cheat_canyon_regular', 'Apr 2024', 5, 'Cheat Canyon at 2,800 cfs — Big Nasty, High Falls, Coliseum all sending. 12 miles of Class III–IV with zero road access. WV is not for the timid.', true);
INSERT INTO public.river_reviews (river_id, username, review_date, stars, body, is_seed) VALUES ('cheat', 'wv_spring_paddler', 'May 2024', 4, 'Canyon at 1,800 cfs — more technical at lower water, every line precise. Rappel Wall section was stunning.', true);
INSERT INTO public.river_outfitters (river_id, name, description, link, is_seed) VALUES ('cheat', 'Blackwater Outdoor Adventures', 'Cheat Canyon guided trips', 'blackwateroutdoor.com', true);
INSERT INTO public.river_outfitters (river_id, name, description, link, is_seed) VALUES ('cheat', 'Cheat River Outfitters', 'Canyon shuttles and rentals', 'cheatriveroutfitters.com', true);
INSERT INTO public.rivers (id, state_key, name, county, length, class, optimal_cfs, usgs_gauge, avg_cfs, hist_flow, map_x, map_y, description, designations, sections, filter_flags) VALUES ('tygart', 'wv', 'Tygart Valley River', 'Taylor / Barbour Co.', '120 mi', 'III–IV', '800–3000', '03054500', 1600, 1450, 382, 120, 'The Tygart''s remote Arden section is one of the most technical and undervisited Class III–IV runs in the Appalachians — a 10-mile gorge through Taylor County with no road access and dramatic sandstone walls. The upper river offers family-friendly floats through rolling farm country before the river drops into the gorge.', 'West Virginia Scenic Rivers Program candidate', ARRAY['Dailey to Elkins — Class I–II, upper valley float','Arden Gorge — Class III–IV, 10 mi remote canyon','Grafton to Pruntytown — Class I–II, lower river'], '{"ww":true,"wild":false,"mtnst":true,"flat":false}') ON CONFLICT (id) DO NOTHING;
INSERT INTO public.river_history (river_id, era, year, title, body, source, sort_order) VALUES ('tygart', 'native', 'Pre-contact', 'Seneca Territory — Tygart Valley', 'The Tygart Valley was part of the broad Seneca (Haudenosaunee) hunting grounds in the Allegheny Highlands. The river''s name likely derives from a Cherokee word or early settler name, though its exact origin is disputed among historians.', 'West Virginia Division of Culture and History', 0);
INSERT INTO public.river_history (river_id, era, year, title, body, source, sort_order) VALUES ('tygart', 'logging', '1900–1930', 'Coalfields and Timber — Shaping the Tygart Valley', 'The Tygart Valley was a center of coal extraction and timber harvesting in the early 20th century. The B&O Railroad followed the river corridor, enabling industrial development that fundamentally changed the valley.', 'Barbour County Historical Society; WV State Archives', 1);
INSERT INTO public.river_history (river_id, era, year, title, body, source, sort_order) VALUES ('tygart', 'modern', '2023', 'Arden Gorge — West Virginia''s Hidden Gem', 'The Tygart''s Arden section has developed a devoted following among Mid-Atlantic whitewater paddlers seeking a remote Class III–IV experience without the crowds of the Gauley or New. The gorge walls rise 400 feet from the river.', 'American Whitewater; WV Rivers Coalition', 2);
INSERT INTO public.river_reviews (river_id, username, review_date, stars, body, is_seed) VALUES ('tygart', 'tygart_arden_devotee', 'Apr 2024', 5, 'Arden Gorge at 1,600 cfs — had the whole thing to ourselves. Ten miles of Class III–IV in a canyon nobody knows about. West Virginia keeps giving.', true);
INSERT INTO public.river_reviews (river_id, username, review_date, stars, body, is_seed) VALUES ('tygart', 'wv_creek_chaser', 'Mar 2024', 4, 'Arden at higher flows, 2,400 cfs — flushing. Still did the whole gorge and saw one other boat all day. Remote West Virginia gem.', true);
INSERT INTO public.river_outfitters (river_id, name, description, link, is_seed) VALUES ('tygart', 'Elk River Touring Center', 'WV river trips including Tygart shuttles', 'ertc.com', true);
INSERT INTO public.rivers (id, state_key, name, county, length, class, optimal_cfs, usgs_gauge, avg_cfs, hist_flow, map_x, map_y, description, designations, sections, filter_flags) VALUES ('elk_wv', 'wv', 'Elk River', 'Webster / Kanawha Co.', '172 mi', 'I–II', '300–2000', '03197000', 850, 780, 375, 118, 'At 172 miles, the Elk is one of West Virginia"s longest rivers, winding from the highlands of Webster County to the Kanawha at Charleston. The gentle gradient and Class I–II character make it ideal for multiday canoe camping. Central West Virginia"s elk reintroduction program has brought the river"s namesake animal back to the watershed after a 200-year absence.', 'West Virginia Scenic Rivers Program candidate', ARRAY['Webster Springs to Sutton — Class I–II, remote headwaters','Sutton to Clendenin — Class I, gentle valley float','Clendenin to Charleston — Class I, urban corridor'], '{"ww":false,"wild":false,"mtnst":true,"flat":true}') ON CONFLICT (id) DO NOTHING;
INSERT INTO public.river_history (river_id, era, year, title, body, source, sort_order) VALUES ('elk_wv', 'native', 'Pre-contact', 'Shawnee Hunting Grounds — Elk Valley', 'The Elk River valley was part of the Shawnee hunting territory in central West Virginia. The river"s name refers to the eastern elk (wapiti) that once populated the watershed in enormous herds before European settlement drove them to local extinction by the early 1800s.', 'West Virginia Division of Culture and History', 0);
INSERT INTO public.river_history (river_id, era, year, title, body, source, sort_order) VALUES ('elk_wv', 'modern', '2016', 'Elk Reintroduction — Return of the Namesake', 'The West Virginia Division of Natural Resources began reintroducing Rocky Mountain elk to the upper Elk River watershed in 2016. By 2024, the herd had grown to over 100 animals — the first wild elk in the state in two centuries.', 'WV Division of Natural Resources; Rocky Mountain Elk Foundation', 1);
INSERT INTO public.river_reviews (river_id, username, review_date, stars, body, is_seed) VALUES ('elk_wv', 'wv_canoe_camper', 'Jun 2024', 4, 'Webster Springs to Sutton over three days at 600 cfs — saw elk on the banks twice. Gentle current, great campsites, zero crowds. The Elk is West Virginia"s best-kept secret.', true);
INSERT INTO public.river_reviews (river_id, username, review_date, stars, body, is_seed) VALUES ('elk_wv', 'elk_river_local', 'Aug 2024', 4, 'Clendenin stretch at 400 cfs — easy paddle, beautiful valley. Perfect for beginners and families wanting a real WV river experience.', true);
INSERT INTO public.river_outfitters (river_id, name, description, link, is_seed) VALUES ('elk_wv', 'Elk River Touring Center', 'Canoe and kayak rentals, shuttle service for Elk River trips', '', true);
INSERT INTO public.rivers (id, state_key, name, county, length, class, optimal_cfs, usgs_gauge, avg_cfs, hist_flow, map_x, map_y, description, designations, sections, filter_flags) VALUES ('cranberry', 'wv', 'Cranberry River', 'Pocahontas Co.', '20 mi', 'I–II', '100–600', '03186500', 180, 160, 388, 115, 'A gem of the Monongahela National Forest, the Cranberry flows through the Cranberry Wilderness — one of the largest wilderness areas in the eastern United States. The river is small, cold, and crystalline, draining a unique boreal ecosystem of spruce and cranberry bogs more typical of Canada than Appalachia.', 'Monongahela National Forest · Adjacent to Cranberry Wilderness', ARRAY['Cranberry Glades to Woodrow — Class I–II, wilderness headwaters','Woodrow to Richwood — Class I–II, gentle forest run'], '{"ww":false,"wild":false,"mtnst":true,"flat":false}') ON CONFLICT (id) DO NOTHING;
INSERT INTO public.river_history (river_id, era, year, title, body, source, sort_order) VALUES ('cranberry', 'native', 'Pre-contact', 'Shawnee and Cherokee Borderlands', 'The Cranberry River watershed sat in the contested borderlands between Shawnee and Cherokee territories. The remote highland bogs and spruce forests were used seasonally for hunting. The cranberry bogs that give the river its name are a relic of the last Ice Age.', 'West Virginia Division of Culture and History; USFS Monongahela NF', 0);
INSERT INTO public.river_history (river_id, era, year, title, body, source, sort_order) VALUES ('cranberry', 'modern', '1983', 'Cranberry Wilderness Designation', 'Congress designated the 35,864-acre Cranberry Wilderness in 1983, permanently protecting the headwaters of the Cranberry River. The wilderness contains one of the southernmost boreal ecosystems in North America.', 'USFS Monongahela National Forest; Wilderness Act Records', 1);
INSERT INTO public.river_reviews (river_id, username, review_date, stars, body, is_seed) VALUES ('cranberry', 'monongahela_explorer', 'May 2024', 5, 'Cranberry at 250 cfs after spring rain — tiny but magical. Spruce-lined banks, cranberry bogs, water cold enough to numb your feet. Feels like paddling in northern Canada.', true);
INSERT INTO public.river_reviews (river_id, username, review_date, stars, body, is_seed) VALUES ('cranberry', 'wv_small_streams', 'Apr 2024', 4, 'Caught it at 400 cfs — rare window. Quick but gorgeous run through old-growth forest. Bring a spray skirt, the water is frigid year-round.', true);
INSERT INTO public.river_outfitters (river_id, name, description, link, is_seed) VALUES ('cranberry', 'Elk River Touring Center', 'Shuttle service and local beta for Cranberry River trips', '', true);
INSERT INTO public.rivers (id, state_key, name, county, length, class, optimal_cfs, usgs_gauge, avg_cfs, hist_flow, map_x, map_y, description, designations, sections, filter_flags) VALUES ('meadow', 'wv', 'Meadow River', 'Greenbrier / Fayette Co.', '60 mi', 'I–IV', '300–2000', '03185000', 600, 520, 382, 122, 'The Meadow River Gorge is one of West Virginia"s most demanding whitewater runs when it"s flowing — a steep, technical Class III–IV creek-style run through a remote gorge in Fayette County. Above the gorge, the upper Meadow offers gentle Class I–II floating through Greenbrier County farmland. The river is rain-dependent and runs only after significant precipitation.', 'West Virginia Scenic Rivers Program candidate', ARRAY['Upper Meadow — Rupert to Nallen, Class I–II, pastoral valley','Meadow River Gorge — Class III–IV, expert whitewater','Lower Meadow — Class II, approach to Gauley confluence'], '{"ww":true,"wild":false,"mtnst":true,"flat":false}') ON CONFLICT (id) DO NOTHING;
INSERT INTO public.river_history (river_id, era, year, title, body, source, sort_order) VALUES ('meadow', 'native', 'Pre-contact', 'Cherokee and Shawnee Territory — Meadow Valley', 'The broad Meadow River valley was used by both Cherokee and Shawnee peoples as a seasonal hunting ground. The gentle upper valley — the "meadow" that gives the river its name — provided rich bottomland for camps and travel.', 'West Virginia Division of Culture and History', 0);
INSERT INTO public.river_history (river_id, era, year, title, body, source, sort_order) VALUES ('meadow', 'modern', '2020', 'Meadow River Gorge — Expert Whitewater Discovery', 'The Meadow River Gorge has become a sought-after expert run among Appalachian whitewater paddlers. The rain-dependent nature of the run creates brief windows of intense Class III–IV action that draw creekers from across the Mid-Atlantic.', 'American Whitewater; WV Rivers Coalition', 1);
INSERT INTO public.river_reviews (river_id, username, review_date, stars, body, is_seed) VALUES ('meadow', 'wv_creeker', 'Mar 2024', 5, 'Meadow Gorge at 1,200 cfs after two days of rain — absolutely firing. Steep, continuous, technical. This is what WV creeking is all about.', true);
INSERT INTO public.river_reviews (river_id, username, review_date, stars, body, is_seed) VALUES ('meadow', 'fayette_county_paddler', 'Apr 2024', 4, 'Upper Meadow at 500 cfs — mellow float through gorgeous farm country. Hard to believe the gorge downstream is Class IV. Two rivers in one.', true);
INSERT INTO public.river_outfitters (river_id, name, description, link, is_seed) VALUES ('meadow', 'ACE Adventure Resort', 'Whitewater trips and shuttles in Fayette County', '', true);
INSERT INTO public.rivers (id, state_key, name, county, length, class, optimal_cfs, usgs_gauge, avg_cfs, hist_flow, map_x, map_y, description, designations, sections, filter_flags) VALUES ('arkansas', 'co', 'Arkansas River', 'Chaffee / Fremont Co.', '148 mi', 'I–V', '700–3000', '07091200', 1250, 1100, 380, 108, 'America''s most-rafted river. From the headwaters near Leadville the Arkansas drops 5,000 feet in 125 miles. Browns Canyon is Colorado''s #1 Class III run; the Numbers push Class IV–V; Royal Gorge delivers Class V through thousand-foot walls.', 'Browns Canyon National Monument · Gold Medal Fishery', ARRAY['Leadville to Granite — Class I–II, beginner','The Numbers — Class IV–V, expert only','Browns Canyon — Class III, Colorado''s #1 family run','Royal Gorge — Class IV–V, dramatic canyon walls'], '{"ww":true,"wild":false,"mtn":true,"front":false}') ON CONFLICT (id) DO NOTHING;
INSERT INTO public.river_history (river_id, era, year, title, body, source, sort_order) VALUES ('arkansas', 'native', 'Pre-contact', 'Ute Homeland — The Arkansas Valley', 'The Arkansas River valley was the ancestral homeland of the Ute people (Núuchi-u), used as a major travel corridor between mountains and plains. The Brunot Agreement of 1874 forced cession of the San Juan Mountains.', 'Colorado State Historical Society; Ute Indian Tribe', 0);
INSERT INTO public.river_history (river_id, era, year, title, body, source, sort_order) VALUES ('arkansas', 'logging', '1859–1900', 'Colorado Gold Rush — Mining and the Arkansas', 'The gold rush of 1859 transformed the upper Arkansas valley. Leadville became one of the richest silver and lead mining towns in the world by the 1880s. Mining pollution severely degraded river quality for decades.', 'Colorado Historical Society; Leadville Heritage Museum', 1);
INSERT INTO public.river_history (river_id, era, year, title, body, source, sort_order) VALUES ('arkansas', 'survey', '2015', 'Browns Canyon National Monument Established', 'President Obama designated Browns Canyon as a National Monument, permanently protecting 21,586 acres including the most-rafted section of river in the United States.', 'BLM Royal Gorge Field Office', 2);
INSERT INTO public.river_history (river_id, era, year, title, body, source, sort_order) VALUES ('arkansas', 'modern', '2023', '500,000+ Annual Rafters', 'The Arkansas now hosts over half a million commercial rafting passengers annually — the most commercially rafted river in North America — generating an estimated $75 million in annual economic impact.', 'Colorado River Outfitters Association', 3);
INSERT INTO public.river_documents (river_id, title, source, year, doc_type, pages, url) VALUES ('arkansas', 'Browns Canyon National Monument Management Plan', 'BLM/USFS', 2020, 'Federal', 290, 'https://eplanning.blm.gov/public_projects/69924/200147053/20022482/250028686/BCNM_ROD_USFS_July2020-508_signed_opt.pdf');
INSERT INTO public.river_reviews (river_id, username, review_date, stars, body, is_seed) VALUES ('arkansas', 'ark_river_rat', 'Jun 2024', 5, 'Browns Canyon at 2,100 cfs — perfect. Big waves, no carnage, best Class III anywhere.', true);
INSERT INTO public.river_reviews (river_id, username, review_date, stars, body, is_seed) VALUES ('arkansas', 'royalgorge_raft', 'May 2024', 5, 'Royal Gorge at 1,800 cfs — walls rising 1,000 feet over your head while you''re in Class V. Unreal.', true);
INSERT INTO public.river_outfitters (river_id, name, description, link, is_seed) VALUES ('arkansas', 'Dvorak Expeditions', 'Arkansas River since 1969, all sections', 'dvorakexpeditions.com', true);
INSERT INTO public.river_outfitters (river_id, name, description, link, is_seed) VALUES ('arkansas', 'AVA Rafting', 'Browns Canyon specialists', 'avaraft.com', true);
INSERT INTO public.rivers (id, state_key, name, county, length, class, optimal_cfs, usgs_gauge, avg_cfs, hist_flow, map_x, map_y, description, designations, sections, filter_flags) VALUES ('poudre', 'co', 'Cache la Poudre', 'Larimer Co.', '76 mi', 'II–IV', '200–1200', '06752260', 480, 440, 500, 46, 'Colorado''s only federally designated National Wild & Scenic River — a genuine gem near Fort Collins. Continuous Class II–IV rapids through Poudre Canyon in Roosevelt National Forest. Best paddled late May through early July.', 'Colorado''s Only National Wild & Scenic River (1986) · Roosevelt National Forest', ARRAY['Upper Canyon — Class IV, technical','Lower Canyon (Ted''s Place to Poudre Park) — Class II–III','Mishawaka to Fort Collins — Class I–II'], '{"ww":true,"wild":true,"mtn":false,"front":true}') ON CONFLICT (id) DO NOTHING;
INSERT INTO public.river_history (river_id, era, year, title, body, source, sort_order) VALUES ('poudre', 'native', 'Pre-contact', 'Arapaho Territory — Cache la Poudre', 'The Cache la Poudre watershed was Arapaho and Ute territory. The name ''Cache la Poudre'' (French: ''hide the powder'') derives from an 1836 incident where fur traders cached gunpowder in the riverbanks during a blizzard.', 'Colorado State Historical Society; Larimer County Historical Society', 0);
INSERT INTO public.river_history (river_id, era, year, title, body, source, sort_order) VALUES ('poudre', 'survey', '1986', 'Designated Colorado''s Only Wild & Scenic River', 'After years of advocacy concerned about proposed dams, Congress designated the Cache la Poudre as Colorado''s first and only National Wild & Scenic River.', 'USFS Roosevelt National Forest; Colorado Wild', 1);
INSERT INTO public.river_history (river_id, era, year, title, body, source, sort_order) VALUES ('poudre', 'survey', '2013', 'September Flood — Historic 500-Year Event', 'A catastrophic rainfall event sent the Poudre into extreme flood — over 6,000 cfs — destroying roads and access points throughout the canyon. The event reshaped portions of the riverbed.', 'USGS; Colorado Department of Transportation', 2);
INSERT INTO public.river_documents (river_id, title, source, year, doc_type, pages, url) VALUES ('poudre', 'Cache la Poudre Wild & Scenic River Plan', 'USFS Roosevelt NF', 2004, 'Federal', 95, 'https://rivers.gov/sites/rivers/files/documents/plans/cache-la-poudre-plan.pdf');
INSERT INTO public.river_reviews (river_id, username, review_date, stars, body, is_seed) VALUES ('poudre', 'ftcollins_kayaker', 'Jun 2024', 5, 'Lower canyon at 600 cfs — continuous Class II–III, beautiful walls, 8 miles in 3 hours.', true);
INSERT INTO public.river_reviews (river_id, username, review_date, stars, body, is_seed) VALUES ('poudre', 'poudre_local', 'May 2024', 5, 'Upper at 900 cfs during peak runoff — serious Class IV in spectacular Roosevelt NF canyon.', true);
INSERT INTO public.river_outfitters (river_id, name, description, link, is_seed) VALUES ('poudre', 'A-1 Wildwater', 'Poudre Canyon trips since 1971', 'a1wildwater.com', true);
INSERT INTO public.rivers (id, state_key, name, county, length, class, optimal_cfs, usgs_gauge, avg_cfs, hist_flow, map_x, map_y, description, designations, sections, filter_flags) VALUES ('yampa', 'co', 'Yampa River', 'Routt / Moffat Co.', '250 mi', 'I–IV', '1000–6000', '09251000', 2100, 1900, 130, 50, 'The last major free-flowing (undammed) river in the Colorado system. Flows through Steamboat Springs into Dinosaur National Monument, where it joins the Green River in one of the most spectacular remote canyons in the American West.', 'Dinosaur National Monument (lower canyon) · Undammed free-flowing', ARRAY['Steamboat Springs — Class II, urban float','Deerlodge to Echo Park — Class I–IV, Dinosaur NM, 3–5 days','Echo Park to Split Mountain — Class IV, Green River junction'], '{"ww":true,"wild":false,"mtn":false,"front":false}') ON CONFLICT (id) DO NOTHING;
INSERT INTO public.river_history (river_id, era, year, title, body, source, sort_order) VALUES ('yampa', 'native', 'Pre-contact', 'Fremont Petroglyphs — Dinosaur Canyon', 'The Yampa River canyon through Dinosaur National Monument contains significant Fremont culture rock art dating 1,000–2,000 years ago. The Ute people later inhabited the region. Canyon walls at Echo Park and Steamboat Rock bear remarkable painted and carved images.', 'NPS Dinosaur National Monument', 0);
INSERT INTO public.river_history (river_id, era, year, title, body, source, sort_order) VALUES ('yampa', 'survey', '1869', 'John Wesley Powell''s First Expedition', 'Major Powell''s 1869 expedition passed through the Yampa/Green junction at what is now Dinosaur NM, producing the first scientific maps and geological observations of the Colorado Plateau canyon system.', 'Powell, J.W. Exploration of the Colorado River of the West (1875)', 1);
INSERT INTO public.river_history (river_id, era, year, title, body, source, sort_order) VALUES ('yampa', 'survey', '1955', 'Echo Park Dam Defeated — Conservation Victory', 'The proposed Echo Park Dam would have flooded much of the Yampa canyon. A campaign led by the Sierra Club and David Brower defeated it — the first major victory of the modern conservation movement.', 'Sierra Club; David Brower biography', 2);
INSERT INTO public.river_history (river_id, era, year, title, body, source, sort_order) VALUES ('yampa', 'modern', '2022', 'Yampa River Crisis — Record Low Flows', 'The Yampa experienced historic low flows in summer 2022 due to extended drought and upstream diversions, highlighting the vulnerability of the last free-flowing river in the Colorado system.', 'Colorado River Conservation Program; USGS', 3);
INSERT INTO public.river_reviews (river_id, username, review_date, stars, body, is_seed) VALUES ('yampa', 'dinosaur_nm_paddler', 'Jun 2024', 5, 'Yampa through Dinosaur at 4,500 cfs — Warm Springs was enormous. Fremont petroglyphs on the walls. Extraordinary.', true);
INSERT INTO public.river_reviews (river_id, username, review_date, stars, body, is_seed) VALUES ('yampa', 'steamboat_local', 'Apr 2024', 4, 'Steamboat town run at 1,800 cfs in spring — great waves, hot springs nearby.', true);
INSERT INTO public.river_outfitters (river_id, name, description, link, is_seed) VALUES ('yampa', 'Adrift Adventures', 'Dinosaur NM multi-day Yampa trips', 'adrift.net', true);
INSERT INTO public.river_outfitters (river_id, name, description, link, is_seed) VALUES ('yampa', 'OARS', 'Premium Yampa/Dinosaur expeditions', 'oars.com', true);
INSERT INTO public.rivers (id, state_key, name, county, length, class, optimal_cfs, usgs_gauge, avg_cfs, hist_flow, map_x, map_y, description, designations, sections, filter_flags) VALUES ('crystal', 'co', 'Crystal River', 'Pitkin / Gunnison Co.', '40 mi', 'II–IV', '200–800', '09081600', 185, 160, 355, 82, 'A gem of the Elk Mountains — the Crystal River flows 40 miles from the Maroon Bells Wilderness through the Victorian coal town of Redstone and the marble quarry village of Marble to the Roaring Fork at Carbondale. Upper canyon delivers technical Class III–IV in a spectacular alpine gorge; lower river mellows through Elk Mountain scenery. Colorado''s best-kept paddling secret.', 'Wild & Scenic Study River · Gunnison National Forest · Marble Quarry National Historic District', ARRAY['Marble to Redstone — Class III–IV, upper canyon, snowmelt-driven','Redstone to Carbondale — Class II–III, cottonwood valley, most accessible','Lower Crystal — Class I–II, Roaring Fork confluence'], '{"ww":true,"wild":false,"mtn":true,"front":false}') ON CONFLICT (id) DO NOTHING;
INSERT INTO public.river_history (river_id, era, year, title, body, source, sort_order) VALUES ('crystal', 'native', 'Pre-contact', 'Ute Territory — Elk Mountains Summer Corridor', 'The Crystal River valley was Ute (Núuchi-u) territory in the Elk Mountains, used as a summer hunting and gathering corridor. The Ute knew the hot springs and mineral springs throughout the valley and used the Crystal as a trail corridor between the Grand Mesa and Elk Mountains.', 'Colorado State Historical Society; Ute Indian Tribe of the Uintah and Ouray', 0);
INSERT INTO public.river_history (river_id, era, year, title, body, source, sort_order) VALUES ('crystal', 'logging', '1882–1910', 'Redstone Castle and the Colorado Fuel & Iron Company', 'John Cleveland Osgood, founder of the Colorado Fuel & Iron Company, built Redstone as a model industrial village for his coal miners and his personal 42-room castle, Cleveholm Manor, for himself. The Crystal River & San Juan Railroad transported coal and Yule marble through the canyon.', 'Redstone Historical Society; Colorado Historical Society', 1);
INSERT INTO public.river_history (river_id, era, year, title, body, source, sort_order) VALUES ('crystal', 'modern', '2022', 'Crystal River Conservation — Wild & Scenic Eligibility', 'The Crystal River has been found eligible for Wild & Scenic designation. The Crystal River Caucus and Colorado Open Lands have protected over 20 miles of riparian corridor from development pressure as the Roaring Fork Valley grows.', 'Crystal River Caucus; Colorado Water Conservation Board (2022)', 2);
INSERT INTO public.river_reviews (river_id, username, review_date, stars, body, is_seed) VALUES ('crystal', 'elk_mountains_paddler', 'Jun 2024', 5, 'Crystal above Redstone at 380 cfs — continuous Class III in a canyon straight out of a painting. Marble walls, aspen groves, zero crowds. Colorado at its most underrated.', true);
INSERT INTO public.river_reviews (river_id, username, review_date, stars, body, is_seed) VALUES ('crystal', 'carbondale_local_co', 'May 2024', 4, 'Lower Crystal at 250 cfs — technical Class II through Elk Mountain foothills. Best scenery-to-crowd ratio in Colorado.', true);
INSERT INTO public.river_outfitters (river_id, name, description, link, is_seed) VALUES ('crystal', 'Roaring Fork Conservancy', 'Crystal River guided paddle events', 'roaringfork.org', true);
INSERT INTO public.river_outfitters (river_id, name, description, link, is_seed) VALUES ('crystal', 'Elk Mountain Guides', 'Upper Crystal trips from Marble', 'elkmountainguides.com', true);
INSERT INTO public.rivers (id, state_key, name, county, length, class, optimal_cfs, usgs_gauge, avg_cfs, hist_flow, map_x, map_y, description, designations, sections, filter_flags) VALUES ('glenwood', 'co', 'Colorado River — Glenwood Canyon', 'Garfield Co.', '12 mi', 'III–IV', '3000–8000', '09085000', 6800, 6200, 340, 80, 'Twelve miles of thundering Class III–IV through Glenwood Canyon — one of the most dramatically scenic river corridors in North America. Limestone walls rise 1,800 feet from the Colorado River as I-70 clings to the cliff faces above. The mandatory Shoshone hydraulic is the most powerful river feature on the Colorado. Best in May–June spring runoff.', 'Glenwood Canyon Recreation Area · White River National Forest', ARRAY['Dotsero to Grizzly Creek — Class II–III, upper canyon approach','Grizzly Creek to Shoshone — Class III–IV, the best 4 miles','Shoshone Dam — mandatory portage, then Class III to Glenwood Springs'], '{"ww":true,"wild":false,"mtn":false,"front":false}') ON CONFLICT (id) DO NOTHING;
INSERT INTO public.river_history (river_id, era, year, title, body, source, sort_order) VALUES ('glenwood', 'native', 'Pre-contact', 'Ute Territory — The Canyon of Hot Springs', 'Glenwood Canyon was Ute territory — the hot springs at its downstream end were a revered gathering site. ''Glenwood'' is a settler name; the Ute knew the springs long before European contact. Pictographs from earlier Fremont culture people appear on canyon walls.', 'Colorado State Historical Society; Ute Mountain Ute Tribe', 0);
INSERT INTO public.river_history (river_id, era, year, title, body, source, sort_order) VALUES ('glenwood', 'logging', '1887', 'Doc Holliday and the Canyon Town', 'Glenwood Springs developed as a Victorian resort around its sulfur hot springs. Doc Holliday died here in 1887. The Colorado Midland Railroad brought tourists through the canyon starting in 1887; President Theodore Roosevelt hunted nearby in 1905.', 'Glenwood Springs Historical Society', 1);
INSERT INTO public.river_history (river_id, era, year, title, body, source, sort_order) VALUES ('glenwood', 'modern', '1992', 'I-70 Construction — The Most Expensive Highway Mile in U.S. History', 'The I-70 highway through Glenwood Canyon, completed in 1992 after 12 years of construction, was the most expensive per-mile federal highway project in American history. Environmental protection requirements for the river during construction set new standards for federal transportation projects.', 'Colorado DOT; Federal Highway Administration', 2);
INSERT INTO public.river_reviews (river_id, username, review_date, stars, body, is_seed) VALUES ('glenwood', 'glenwood_canyon_paddler', 'May 2024', 5, 'Canyon at 8,500 cfs in peak runoff — portaged Shoshone (the hydraulic is violent), then Class IV big water. The 1,800-foot walls above you are simply incomprehensible.', true);
INSERT INTO public.river_reviews (river_id, username, review_date, stars, body, is_seed) VALUES ('glenwood', 'colorado_river_rat', 'Jun 2024', 4, 'Grizzly Creek to Glenwood at 6,000 cfs — continuous Class III with I-70 invisible above the walls. This canyon is the Colorado River at its most dramatic.', true);
INSERT INTO public.river_outfitters (river_id, name, description, link, is_seed) VALUES ('glenwood', 'Rock Gardens Rafting', 'Glenwood Canyon all levels, Glenwood Springs', 'rockgardensrafting.com', true);
INSERT INTO public.river_outfitters (river_id, name, description, link, is_seed) VALUES ('glenwood', 'Whitewater Rafting LLC', 'Colorado River Glenwood trips', 'glenwoodrafting.com', true);
INSERT INTO public.rivers (id, state_key, name, county, length, class, optimal_cfs, usgs_gauge, avg_cfs, hist_flow, map_x, map_y, description, designations, sections, filter_flags) VALUES ('blue_co', 'co', 'Blue River', 'Summit Co.', '65 mi', 'I–III', '200–1500', '09046600', 450, 400, 365, 100, 'The Blue River flows north from Breckenridge through Summit County to its confluence with the Colorado near Kremmling. Designated Gold Medal trout water by Colorado Parks and Wildlife, the Blue below Dillon Reservoir is one of the state"s premier tailwater fisheries, producing trophy brown and rainbow trout. The cold, consistent dam releases create year-round paddling and fishing opportunities.', 'Colorado Gold Medal Trout Water · White River National Forest', ARRAY['Breckenridge to Dillon Reservoir — Class I–II, mountain headwaters','Below Dillon Dam to Green Mountain Reservoir — Class I–II, Gold Medal tailwater','Green Mountain to Colorado River — Class II–III, canyon run'], '{"ww":false,"wild":false,"mtn":true,"front":false}') ON CONFLICT (id) DO NOTHING;
INSERT INTO public.river_history (river_id, era, year, title, body, source, sort_order) VALUES ('blue_co', 'native', 'Pre-contact', 'Ute Summer Camps — Blue River Valley', 'The Blue River valley was a summer gathering area for the Ute people, who moved to higher elevations to hunt elk and deer. The valley"s abundant game and mild summers made it a preferred camp. The Brunot Agreement of 1874 forced Ute cession of the region.', 'Colorado State Historical Society; Summit County Historical Society', 0);
INSERT INTO public.river_history (river_id, era, year, title, body, source, sort_order) VALUES ('blue_co', 'modern', '1998', 'Gold Medal Designation — Trophy Trout Fishery', 'Colorado Parks and Wildlife designated the Blue River below Dillon Dam as Gold Medal trout water, recognizing its exceptional fishery. Cold tailwater releases from the reservoir maintain ideal temperatures year-round, producing brown trout exceeding 10 pounds.', 'Colorado Parks and Wildlife; Trout Unlimited', 1);
INSERT INTO public.river_reviews (river_id, username, review_date, stars, body, is_seed) VALUES ('blue_co', 'summit_county_angler', 'Jul 2024', 5, 'Below Dillon at 350 cfs — sight-fished to 20-inch browns in gin-clear tailwater. The Blue is Gold Medal for a reason. Floated in a packraft between pools, perfect combo.', true);
INSERT INTO public.river_reviews (river_id, username, review_date, stars, body, is_seed) VALUES ('blue_co', 'breck_paddler', 'Jun 2024', 4, 'Green Mountain to Kremmling at 800 cfs — fun Class II–III canyon run with mountain views the entire way. Underrated Colorado float.', true);
INSERT INTO public.river_outfitters (river_id, name, description, link, is_seed) VALUES ('blue_co', 'Breckenridge Outfitters', 'Blue River guided fishing and float trips', '', true);
INSERT INTO public.rivers (id, state_key, name, county, length, class, optimal_cfs, usgs_gauge, avg_cfs, hist_flow, map_x, map_y, description, designations, sections, filter_flags) VALUES ('roaring_fork', 'co', 'Roaring Fork River', 'Pitkin Co.', '70 mi', 'I–III', '300–3000', '09085000', 1100, 950, 358, 102, 'The Roaring Fork drops from Independence Pass near Aspen to its confluence with the Colorado at Glenwood Springs. The river runs through one of Colorado"s most scenic mountain valleys, offering Class I–III whitewater with the Elk Mountains as a backdrop. The Crystal River tributary adds volume and drama. Peak snowmelt in June creates excellent intermediate whitewater.', 'White River National Forest · Colorado Gold Medal candidate', ARRAY['Upper — Aspen to Basalt, Class I–II, mountain valley','Middle — Basalt to Carbondale, Class II, Crystal River confluence','Lower — Carbondale to Glenwood Springs, Class II–III, best whitewater'], '{"ww":true,"wild":false,"mtn":true,"front":false}') ON CONFLICT (id) DO NOTHING;
INSERT INTO public.river_history (river_id, era, year, title, body, source, sort_order) VALUES ('roaring_fork', 'native', 'Pre-contact', 'Ute Homeland — Roaring Fork Valley', 'The Roaring Fork valley was core Ute territory, used as a summer hunting ground and travel corridor over Independence Pass. The valley"s hot springs near present-day Glenwood Springs were a sacred gathering site. The Meeker Incident of 1879 led to forced Ute removal from the valley.', 'Colorado State Historical Society; Aspen Historical Society', 0);
INSERT INTO public.river_history (river_id, era, year, title, body, source, sort_order) VALUES ('roaring_fork', 'modern', '2015', 'Roaring Fork Conservancy — Watershed Restoration', 'The Roaring Fork Conservancy completed a decade-long watershed restoration initiative, improving fish passage and streambank stability along 30 miles of river. The program has helped maintain the Roaring Fork as one of Colorado"s healthiest mountain watersheds despite significant development pressure from Aspen.', 'Roaring Fork Conservancy; Colorado Parks and Wildlife', 1);
INSERT INTO public.river_reviews (river_id, username, review_date, stars, body, is_seed) VALUES ('roaring_fork', 'aspen_kayaker', 'Jun 2024', 5, 'Carbondale to Glenwood at 2,500 cfs during peak runoff — continuous Class III with the Elk Mountains above. Best intermediate whitewater in Colorado with that Aspen scenery.', true);
INSERT INTO public.river_reviews (river_id, username, review_date, stars, body, is_seed) VALUES ('roaring_fork', 'roaring_fork_floater', 'Jul 2024', 4, 'Basalt to Carbondale at 1,200 cfs — mellow Class II float with Crystal River adding volume. Mt. Sopris looming the whole way. Gorgeous.', true);
INSERT INTO public.river_outfitters (river_id, name, description, link, is_seed) VALUES ('roaring_fork', 'Blazing Adventures', 'Roaring Fork and Colorado River rafting from Aspen', '', true);
INSERT INTO public.rivers (id, state_key, name, county, length, class, optimal_cfs, usgs_gauge, avg_cfs, hist_flow, map_x, map_y, description, designations, sections, filter_flags) VALUES ('eagle', 'co', 'Eagle River', 'Eagle Co.', '60 mi', 'I–III', '300–2000', '09070000', 750, 680, 362, 100, 'The Eagle River flows through Vail and Minturn before joining the Colorado at Dotsero. Designated Gold Medal trout water below Vail, the Eagle offers accessible Class I–III whitewater alongside I-70 with dramatic Gore Range views. The annual Vail Valley kayak rodeo and easy access from Denver make it one of Colorado"s most popular intermediate runs.', 'Colorado Gold Medal Trout Water · White River National Forest', ARRAY['Upper — Red Cliff to Minturn, Class II–III, mountain canyon','Middle — Minturn to Wolcott, Class II, Gold Medal tailwater','Lower — Wolcott to Dotsero, Class I–II, valley run to Colorado River'], '{"ww":true,"wild":false,"mtn":true,"front":false}') ON CONFLICT (id) DO NOTHING;
INSERT INTO public.river_history (river_id, era, year, title, body, source, sort_order) VALUES ('eagle', 'native', 'Pre-contact', 'Ute Territory — Eagle Valley', 'The Eagle River valley was Ute territory, named for the eagles that nested in the canyon walls. The valley served as a travel corridor between the Colorado River and the high peaks of the Gore Range. The Ute were forcibly removed in 1881.', 'Colorado State Historical Society; Eagle County Historical Society', 0);
INSERT INTO public.river_history (river_id, era, year, title, body, source, sort_order) VALUES ('eagle', 'modern', '2001', 'Gold Medal Designation and the Vail Boom', 'Colorado Parks and Wildlife designated the Eagle River below Vail as Gold Medal trout water, recognizing an exceptional fishery that had rebounded from historic mining pollution. The designation helped balance development pressure from the Vail ski resort with conservation.', 'Colorado Parks and Wildlife; Eagle River Watershed Council', 1);
INSERT INTO public.river_reviews (river_id, username, review_date, stars, body, is_seed) VALUES ('eagle', 'vail_kayaker', 'Jun 2024', 5, 'Minturn section at 1,500 cfs — perfect intermediate Class III with Gore Range views. Easy I-70 access from Denver makes this our go-to after-work run.', true);
INSERT INTO public.river_reviews (river_id, username, review_date, stars, body, is_seed) VALUES ('eagle', 'eagle_river_angler', 'Jul 2024', 4, 'Gold Medal section below Vail at 600 cfs — caught three browns over 18 inches. The Eagle has quietly become one of Colorado"s best tailwater fisheries.', true);
INSERT INTO public.river_outfitters (river_id, name, description, link, is_seed) VALUES ('eagle', 'Lakota Guides', 'Eagle River rafting and fishing trips from Vail', '', true);
INSERT INTO public.rivers (id, state_key, name, county, length, class, optimal_cfs, usgs_gauge, avg_cfs, hist_flow, map_x, map_y, description, designations, sections, filter_flags) VALUES ('salmon', 'id', 'Salmon River — Main', 'Lemhi / Idaho Co.', '425 mi', 'I–IV', '3000–12000', '13302500', 5800, 5200, 320, 75, 'The ''River of No Return'' — longest undammed river in the lower 48 states. Runs 425 miles through the Frank Church-River of No Return Wilderness, the largest wilderness area in the contiguous U.S. The Main Salmon canyon is deeper than the Grand Canyon at its maximum. World-class steelhead and Chinook salmon.', 'Wild & Scenic River · Frank Church-River of No Return Wilderness · Largest Wilderness in Contiguous U.S.', ARRAY['Upper Salmon — Salmon City to North Fork, Class I–II, open valley','Middle Fork confluence — Class II–III, meeting of the giants','Main Salmon Canyon — North Fork to Riggins, Class III–IV, the classic','Lower Salmon — Riggins to Snake, Class II–III'], '{"ww":true,"wild":true,"remote":true,"mtn":true}') ON CONFLICT (id) DO NOTHING;
INSERT INTO public.river_history (river_id, era, year, title, body, source, sort_order) VALUES ('salmon', 'native', 'Pre-contact', 'Agaidika (Salmon Eater) Shoshone — The River of No Return', 'The Salmon River was the heart of Agaidika (Salmon Eater) Shoshone territory for thousands of years. The river''s extraordinary salmon and steelhead runs sustained these communities. The Shoshone-Bannock Tribes and Nez Perce Tribe both have deep ancestral connections to the watershed.', 'Shoshone-Bannock Tribes; Nez Perce Tribe', 0);
INSERT INTO public.river_history (river_id, era, year, title, body, source, sort_order) VALUES ('salmon', 'native', '1805', 'Lewis & Clark Expedition — Impassable Canyon', 'Lewis and Clark followed the Salmon River in 1805 trying to find a navigable route to the Pacific. They encountered the impossibly rugged canyon — which they called ''the river of no return'' — and were forced to take the Lolo Trail over the mountains instead.', 'Lewis and Clark Journals (1805); National Park Service Lewis & Clark NHT', 1);
INSERT INTO public.river_history (river_id, era, year, title, body, source, sort_order) VALUES ('salmon', 'logging', '1860s–1900s', 'Gold Rush and Placer Mining on the Salmon', 'Gold was discovered in the Salmon River watershed in the 1860s, bringing thousands of prospectors into the Frank Church wilderness. Florence, Warren, and Salmon City became gold rush boomtowns. Hydraulic mining and dredging scarred much of the upper watershed.', 'Idaho State Historical Society; Salmon Museum', 2);
INSERT INTO public.river_history (river_id, era, year, title, body, source, sort_order) VALUES ('salmon', 'survey', '1980', 'Frank Church-River of No Return Wilderness Designated', 'Congress designated 2.3 million acres surrounding the Salmon River as the Frank Church-River of No Return Wilderness — the largest contiguous wilderness in the lower 48 states. Named for Senator Frank Church of Idaho, who championed wilderness protection for decades.', 'Wilderness Act (1964); USFS', 3);
INSERT INTO public.river_history (river_id, era, year, title, body, source, sort_order) VALUES ('salmon', 'survey', '1968', 'Wild & Scenic River Designation', 'Congress included the Main Salmon in the original Wild & Scenic Rivers Act of 1968, one of eight rivers given the inaugural designation.', 'Wild & Scenic Rivers Act (1968)', 4);
INSERT INTO public.river_history (river_id, era, year, title, body, source, sort_order) VALUES ('salmon', 'modern', '2024', 'Chinook Salmon Recovery — Hope in the Data', 'After decades of decline due to Snake River dams downstream, recent NOAA surveys showed increased Chinook returns to the Salmon watershed. The ongoing debate over Snake River dam removal would open over 900 miles of salmon habitat.', 'NOAA Fisheries; Save Our Wild Salmon', 5);
INSERT INTO public.river_documents (river_id, title, source, year, doc_type, pages, url) VALUES ('salmon', 'Frank Church Wilderness River Management Plan', 'USFS Salmon-Challis NF', 2009, 'Federal', 220, 'https://rivers.gov/carp/sites/rivers/files/documents/plans/salmon-wilderness-plan.pdf');
INSERT INTO public.river_reviews (river_id, username, review_date, stars, body, is_seed) VALUES ('salmon', 'frank_church_vet', 'Jul 2024', 5, 'Six days self-support from Corn Creek to Vinegar Creek. No other groups for 4 days. 130 miles of rapids, walls, wildlife, and silence. Nothing else like it.', true);
INSERT INTO public.river_reviews (river_id, username, review_date, stars, body, is_seed) VALUES ('salmon', 'salmon_river_guide', 'Jun 2024', 5, 'Main Salmon at 8,000 cfs in June — big water but classic. Clients from 7 states this season. All first-timers were converted for life.', true);
INSERT INTO public.river_outfitters (river_id, name, description, link, is_seed) VALUES ('salmon', 'Salmon River Experience', 'Main Salmon multi-day guided trips', 'salmonriverexperience.com', true);
INSERT INTO public.river_outfitters (river_id, name, description, link, is_seed) VALUES ('salmon', 'Far & Away Adventures', 'Frank Church Wilderness expeditions', 'faraway.com', true);
INSERT INTO public.river_outfitters (river_id, name, description, link, is_seed) VALUES ('salmon', 'ROW Adventures', 'Main Salmon oar trips and paddle trips', 'rowadventures.com', true);
INSERT INTO public.rivers (id, state_key, name, county, length, class, optimal_cfs, usgs_gauge, avg_cfs, hist_flow, map_x, map_y, description, designations, sections, filter_flags) VALUES ('lochsa', 'id', 'Lochsa River', 'Clearwater Co.', '70 mi', 'III–V', '1500–5000', '13337000', 2200, 1980, 200, 95, 'One of the most relentlessly challenging whitewater rivers in the American West — 70 miles of continuous Class III–V rapids through Clearwater National Forest along the historic Lewis and Clark Highway (US-12). No flat sections, no breaks. The Lochsa runs snowmelt-driven and window is narrow: peak April–June.', 'National Wild & Scenic River · Lewis & Clark National Historic Trail (corridor)', ARRAY['Upper Lochsa — Milepost 115 to 109, Class III–IV, warm-up','Middle Lochsa — Milepost 109 to 90, Class III–V, the best whitewater','Lower Lochsa — Milepost 90 to 66, continuous Class III, runout'], '{"ww":true,"wild":true,"remote":false,"mtn":true}') ON CONFLICT (id) DO NOTHING;
INSERT INTO public.river_history (river_id, era, year, title, body, source, sort_order) VALUES ('lochsa', 'native', 'Pre-contact', 'Nez Perce — ''Rough Water''', 'The Lochsa River lies within the ancestral territory of the Nez Perce (Niimíipu), who gave the river its name meaning ''rough water.'' The Lolo Trail — the ancient Nez Perce route over the Bitterroot Mountains — follows the Lochsa corridor.', 'Nez Perce Tribe; Nez Perce-Clearwater NF', 0);
INSERT INTO public.river_history (river_id, era, year, title, body, source, sort_order) VALUES ('lochsa', 'native', '1877', 'Nez Perce Flight — Lolo Trail', 'In 1877, Chief Joseph and the non-treaty Nez Perce bands fled U.S. Army pursuit by traveling the Lolo Trail through the Lochsa corridor — one of the most epic military retreats in American history.', 'NPS Nez Perce NHP; U.S. Army Records', 1);
INSERT INTO public.river_history (river_id, era, year, title, body, source, sort_order) VALUES ('lochsa', 'logging', '1960s', 'Proposed Clearwater Dam — Defeated', 'The Idaho Power Company proposed a series of dams on the Lochsa and Clearwater that would have flooded the canyon. A coalition of outfitters, anglers, and conservationists successfully defeated the proposals in the 1960s.', 'Idaho Rivers United; USFS Clearwater NF', 2);
INSERT INTO public.river_history (river_id, era, year, title, body, source, sort_order) VALUES ('lochsa', 'survey', '1968', 'Wild & Scenic River — Original Designation', 'The Lochsa was included in the original Wild & Scenic Rivers Act of 1968, recognizing its outstanding free-flowing whitewater and ecological values.', 'Wild & Scenic Rivers Act (1968)', 3);
INSERT INTO public.river_history (river_id, era, year, title, body, source, sort_order) VALUES ('lochsa', 'modern', '2024', 'Record High Water — Lochsa at 18,000 cfs', 'Spring 2024 saw the Lochsa push record-high flows following an above-average snowpack year. At 18,000+ cfs, the river was essentially unrunnable — riverside access was monitored for flooding along US-12.', 'USGS; Idaho Transportation Department', 4);
INSERT INTO public.river_documents (river_id, title, source, year, doc_type, pages, url) VALUES ('lochsa', 'Lochsa River Wild & Scenic River Management Plan', 'USFS Clearwater NF', 2002, 'Federal', 145, 'https://rivers.gov/sites/rivers/files/2023-07/clearwater-plan.pdf');
INSERT INTO public.river_reviews (river_id, username, review_date, stars, body, is_seed) VALUES ('lochsa', 'lochsa_annual', 'May 2024', 5, 'Lochsa at 3,800 cfs — 70 miles in two days with one camp. Every mile had something. Raw Prawn, Grim Reaper, Lochsa Falls — all Class V at that flow. Idaho is not playing.', true);
INSERT INTO public.river_reviews (river_id, username, review_date, stars, body, is_seed) VALUES ('lochsa', 'pnw_kayaker', 'Jun 2024', 4, 'Lower section at 2,400 cfs — Class III cruise after the upper beatdown. Beautiful canyon, zero crowds, highway surprisingly invisible.', true);
INSERT INTO public.river_outfitters (river_id, name, description, link, is_seed) VALUES ('lochsa', 'Holiday River Expeditions', 'Lochsa multi-day guided trips', 'holidayexpeditions.com', true);
INSERT INTO public.river_outfitters (river_id, name, description, link, is_seed) VALUES ('lochsa', 'Cascade Raft & Kayak', 'Lochsa season specialist', 'cascaderaft.com', true);
INSERT INTO public.rivers (id, state_key, name, county, length, class, optimal_cfs, usgs_gauge, avg_cfs, hist_flow, map_x, map_y, description, designations, sections, filter_flags) VALUES ('payette', 'id', 'North Fork Payette', 'Valley / Gem Co.', '48 mi', 'III–V+', '800–2500', '13247500', 1100, 980, 170, 115, 'The North Fork Payette through Banks is legendary in the North American kayaking community — Class V and V+ whitewater that draws elite paddlers from around the world. Cascade Falls section rivals any whitewater in the country. The roadside gorge provides easy shuttles and difficult consequences. Not for the uninitiated.', 'Idaho Recreation Corridor', ARRAY['Cascade section — Class V+, Cascade Falls is Class V+/VI','Banks to Horseshoe Bend — Class IV–V, most popular section','Lower NFP — Class III–IV, scenic and challenging'], '{"ww":true,"wild":false,"remote":false,"mtn":true}') ON CONFLICT (id) DO NOTHING;
INSERT INTO public.river_history (river_id, era, year, title, body, source, sort_order) VALUES ('payette', 'native', 'Pre-contact', 'Shoshone-Paiute Territory — Weiser River Headwaters', 'The Payette River watershed was territory of the Northern Shoshone and Bannock peoples, who hunted in the river valleys and traveled the canyon corridors seasonally.', 'Shoshone-Bannock Tribes; Idaho State Historical Society', 0);
INSERT INTO public.river_history (river_id, era, year, title, body, source, sort_order) VALUES ('payette', 'modern', '2000s', 'North Fork Kayak Classic — Mecca for Elite Paddlers', 'The North Fork Payette''s Banks to Horseshoe Bend section became recognized as one of the premier Class IV–V roadside runs in the U.S. The annual North Fork Kayak Festival draws elite paddlers for competitions on the Cascade section.', 'American Whitewater; North Fork Kayak Festival', 1);
INSERT INTO public.river_reviews (river_id, username, review_date, stars, body, is_seed) VALUES ('payette', 'nf_payette_local', 'May 2024', 5, 'Banks to Horseshoe Bend at 1,800 cfs — every rapid distinct, every line requiring full attention. Idaho kayaking at its finest.', true);
INSERT INTO public.river_reviews (river_id, username, review_date, stars, body, is_seed) VALUES ('payette', 'class5_chaser', 'Jun 2024', 4, 'Cascade section at 1,200 cfs — pulled out above Cascade Falls to scout. Ran it. Everything went white.', true);
INSERT INTO public.river_outfitters (river_id, name, description, link, is_seed) VALUES ('payette', 'Cascade Raft & Kayak', 'North Fork Payette trips', 'cascaderaft.com', true);
INSERT INTO public.river_outfitters (river_id, name, description, link, is_seed) VALUES ('payette', 'Idaho Guide Service', 'Payette river float trips', 'idahoguideservice.com', true);
INSERT INTO public.rivers (id, state_key, name, county, length, class, optimal_cfs, usgs_gauge, avg_cfs, hist_flow, map_x, map_y, description, designations, sections, filter_flags) VALUES ('mf_salmon', 'id', 'Middle Fork of the Salmon', 'Custer / Idaho Co.', '100 mi', 'IV–V', '3000–8000', '13309220', 2800, 2550, 290, 82, 'The premier wilderness river trip in North America — 100 miles through the Frank Church-River of No Return Wilderness, the largest roadless area in the lower 48. Accessible only by float plane or a 28-mile trail. Begins at 6,000 feet elevation with Class IV–V whitewater and descends 3,000 feet through Impassable Canyon to join the Main Salmon. Grizzly bears, gray wolves, mountain goats, and Chinook salmon share the corridor.', 'National Wild & Scenic River · Frank Church-River of No Return Wilderness · Float Plane Access Only', ARRAY['Boundary Creek to Indian Creek — Class IV–V, upper canyon, Marble Creek and Velvet Falls','Indian Creek to Pistol Creek — Class III–IV, open valley, best camps','Pistol Creek to Main Salmon — Class IV–V, Impassable Canyon, Rubber and Hancock rapids (Class V)'], '{"ww":true,"wild":true,"remote":true,"mtn":true}') ON CONFLICT (id) DO NOTHING;
INSERT INTO public.river_history (river_id, era, year, title, body, source, sort_order) VALUES ('mf_salmon', 'native', 'Pre-contact', 'Tukudeka (Mountain Shoshone) — The Sheepeaters of the High Wilderness', 'The Middle Fork canyon was the summer territory of the Tukudeka (Mountain Shoshone or ''Sheepeaters'') — one of the most isolated Native communities in North America, who lived year-round in the high wilderness, hunting bighorn sheep and harvesting salmon.', 'Shoshone-Bannock Tribes; Idaho State Historical Society', 0);
INSERT INTO public.river_history (river_id, era, year, title, body, source, sort_order) VALUES ('mf_salmon', 'survey', '1968', 'Wild & Scenic — Original Designation', 'The Middle Fork of the Salmon was included in the original Wild & Scenic Rivers Act of 1968, one of eight rivers given inaugural protection, recognizing both its extraordinary whitewater and its intact wilderness ecosystem.', 'Wild & Scenic Rivers Act (1968); USFS Salmon-Challis NF', 1);
INSERT INTO public.river_history (river_id, era, year, title, body, source, sort_order) VALUES ('mf_salmon', 'modern', '2024', 'Private Permit Lottery — Most Coveted in America', 'Permits for the Middle Fork are awarded by lottery; self-guided private trips for the best June–July launch dates can take 5+ years to win. Roughly 10,000 people float the Middle Fork annually — less than the Grand Canyon gets in a month.', 'USFS Salmon-Challis NF; American Whitewater (2024)', 2);
INSERT INTO public.river_documents (river_id, title, source, year, doc_type, pages, url) VALUES ('mf_salmon', 'Frank Church Wilderness River Management Plan', 'USFS Salmon-Challis NF', 1985, 'Federal', 280, 'https://www.rivers.gov/carp/sites/rivers/files/documents/plans/salmon-wilderness-plan.pdf');
INSERT INTO public.river_reviews (river_id, username, review_date, stars, body, is_seed) VALUES ('mf_salmon', 'middle_fork_pilgrim', 'Jul 2024', 5, 'Six days Boundary Creek to Cache Bar. No roads for the first 28 miles. Impassable Canyon on Day 4 was the best whitewater of my life. Gray wolf 30 yards from camp on night two. Nothing else like this on earth.', true);
INSERT INTO public.river_reviews (river_id, username, review_date, stars, body, is_seed) VALUES ('mf_salmon', 'frank_church_vet', 'Jun 2024', 5, 'Flew into Boundary Creek in a Cessna, floated out five days later. 100 miles of altitude, wilderness, Class V, and silence. Every rapid has a name and a story.', true);
INSERT INTO public.river_outfitters (river_id, name, description, link, is_seed) VALUES ('mf_salmon', 'Middle Fork Rapid Transit', 'Middle Fork guided and fly-in expeditions', 'midforkrivertours.com', true);
INSERT INTO public.river_outfitters (river_id, name, description, link, is_seed) VALUES ('mf_salmon', 'Rocky Mountain River Tours', 'Middle Fork Salmon multi-day commercial trips', 'rmrt.com', true);
INSERT INTO public.rivers (id, state_key, name, county, length, class, optimal_cfs, usgs_gauge, avg_cfs, hist_flow, map_x, map_y, description, designations, sections, filter_flags) VALUES ('hells_canyon', 'id', 'Snake River — Hells Canyon', 'Idaho / Oregon border, Adams / Wallowa Co.', '79 mi', 'III–IV', '8000–30000', '13290450', 24000, 21000, 235, 95, 'Hells Canyon is the deepest river gorge in North America — 7,993 feet from the Seven Devils peaks to the Snake River, deeper than the Grand Canyon. The 79-mile corridor along the Idaho-Oregon border has no road access for 68 miles. Class III–V whitewater, ancient Nez Perce pictographs, and North America''s largest bighorn sheep population. Dam-controlled flows create year-round paddling.', 'Hells Canyon National Recreation Area · National Wild & Scenic River · Deepest Gorge in North America', ARRAY['Hells Canyon Dam to Cache Creek — Class V, 32 mi upper canyon, Granite Creek and Wild Sheep rapids','Cache Creek to Pittsburg Landing — Class III–IV, most popular float','Lower canyon to Lewiston — Class I–II, widening Snake River'], '{"ww":true,"wild":true,"remote":true,"mtn":false}') ON CONFLICT (id) DO NOTHING;
INSERT INTO public.river_history (river_id, era, year, title, body, source, sort_order) VALUES ('hells_canyon', 'native', 'Pre-contact – ongoing', 'Nez Perce (Niimíipu) — Heart of the Homeland', 'Hells Canyon was at the center of the Nez Perce homeland for thousands of years. The Snake River''s massive salmon runs were central to Nez Perce food sovereignty and culture. Chief Joseph''s Wallowa band occupied the high country above the canyon until the forced removal in 1877 that triggered the Nez Perce War.', 'Nez Perce Tribe; NPS Nez Perce NHP; USFS Hells Canyon NRA', 0);
INSERT INTO public.river_history (river_id, era, year, title, body, source, sort_order) VALUES ('hells_canyon', 'survey', '1975', 'Hells Canyon NRA — Defeating the High Mountain Sheep Dam', 'Congress created Hells Canyon NRA in 1975, defeating the proposed High Mountain Sheep Dam that would have filled much of the canyon. The victory is one of the most significant dam-defeat conservation achievements of the 20th century.', 'USFS Hells Canyon NRA; Sierra Club', 1);
INSERT INTO public.river_history (river_id, era, year, title, body, source, sort_order) VALUES ('hells_canyon', 'modern', '2024', 'Deepest Gorge — 7,993 Feet', 'Hells Canyon consistently measures 7,993 feet from the Seven Devils peaks to the Snake River, surpassing the Grand Canyon''s deepest point by over 2,000 feet. The canyon hosts the densest bighorn sheep population in North America.', 'USFS Hells Canyon NRA; USGS National Elevation Dataset', 2);
INSERT INTO public.river_documents (river_id, title, source, year, doc_type, pages, url) VALUES ('hells_canyon', 'Hells Canyon NRA Wild & Scenic River Plan', 'USFS', 2003, 'Federal', 240, 'https://www.fs.usda.gov/Internet/FSE_DOCUMENTS/fseprd584420.pdf');
INSERT INTO public.river_reviews (river_id, username, review_date, stars, body, is_seed) VALUES ('hells_canyon', 'hells_canyon_float', 'Jun 2024', 5, 'Three days dam to Pittsburg Landing — Wild Sheep and Granite Creek both enormous at 32,000 cfs. Canyon walls don''t stop. North America''s deepest gorge and it shows every mile.', true);
INSERT INTO public.river_reviews (river_id, username, review_date, stars, body, is_seed) VALUES ('hells_canyon', 'snake_river_wilderness', 'Jul 2024', 5, 'Five-day oar trip. Nez Perce pictographs at Buffalo Eddy. Bighorn sheep on every wall. The canyon gets impossibly steep and then somehow gets steeper.', true);
INSERT INTO public.river_outfitters (river_id, name, description, link, is_seed) VALUES ('hells_canyon', 'Hells Canyon Adventures', 'Hells Canyon jet boat and raft trips, Oxbow OR', 'hellscanyonadventures.com', true);
INSERT INTO public.river_outfitters (river_id, name, description, link, is_seed) VALUES ('hells_canyon', 'OARS Hells Canyon', 'Multi-day Snake River oar and paddle trips', 'oars.com', true);
INSERT INTO public.rivers (id, state_key, name, county, length, class, optimal_cfs, usgs_gauge, avg_cfs, hist_flow, map_x, map_y, description, designations, sections, filter_flags) VALUES ('selway', 'id', 'Selway River', 'Idaho Co.', '100 mi', 'III–IV', '2000–6000', '13336500', 3200, 2800, 335, 76, 'The Selway is Idaho"s most exclusive wilderness river — a federally designated Wild and Scenic River flowing through the Selway-Bitterroot Wilderness with a strict permit system that limits launches to one group per day. The 47-mile permitted section offers continuous Class III–IV whitewater through pristine old-growth forest with no road access, no cell service, and no other humans. Permit odds hover around 5%.', 'National Wild & Scenic River (1968) · Selway-Bitterroot Wilderness', ARRAY['Paradise to Selway Falls — Class III–IV, wilderness permit section','Selway Falls to Lowell — Class II–III, road-accessible lower river'], '{"ww":true,"wild":true,"remote":true,"mtn":true}') ON CONFLICT (id) DO NOTHING;
INSERT INTO public.river_history (river_id, era, year, title, body, source, sort_order) VALUES ('selway', 'native', 'Pre-contact', 'Nez Perce Homeland — Selway Country', 'The Selway watershed was core Nez Perce (Niimiipu) territory, used for fishing, hunting, and gathering camas root. The river"s salmon runs were among the most productive in the Columbia Basin. The Nez Perce name for the river referred to its clear, fast-flowing character.', 'Nez Perce Tribe; USFS Nez Perce-Clearwater NF', 0);
INSERT INTO public.river_history (river_id, era, year, title, body, source, sort_order) VALUES ('selway', 'modern', '1968', 'Original Wild & Scenic Designation', 'The Selway was among the original eight rivers designated under the National Wild and Scenic Rivers Act of 1968. The permit system, one of the most restrictive in the country, has preserved the river"s wilderness character for over five decades.', 'National Wild and Scenic Rivers System; USFS', 1);
INSERT INTO public.river_reviews (river_id, username, review_date, stars, body, is_seed) VALUES ('selway', 'selway_permit_winner', 'Jul 2024', 5, 'Five days, Paradise to Lowell at 3,500 cfs. One launch per day means total solitude. Class III–IV rapids in old-growth forest with no sign of civilization. The best river trip in the Lower 48.', true);
INSERT INTO public.river_reviews (river_id, username, review_date, stars, body, is_seed) VALUES ('selway', 'idaho_wilderness_rafter', 'Jun 2024', 5, 'Won the lottery after seven years of applying. Worth every failed application. The Selway at 4,000 cfs is continuous whitewater through cathedral forest. Unforgettable.', true);
INSERT INTO public.river_outfitters (river_id, name, description, link, is_seed) VALUES ('selway', 'OARS Idaho', 'Selway River permitted wilderness trips', '', true);
INSERT INTO public.rivers (id, state_key, name, county, length, class, optimal_cfs, usgs_gauge, avg_cfs, hist_flow, map_x, map_y, description, designations, sections, filter_flags) VALUES ('sf_boise', 'id', 'South Fork Boise River', 'Elmore / Boise Co.', '65 mi', 'III–IV', '500–3000', '13190000', 1200, 1050, 348, 82, 'The South Fork Boise is the best day-trip whitewater near Idaho"s capital — a dam-controlled release from Anderson Ranch Reservoir that provides reliable Class III–IV flows from May through September. The river cuts through a basalt canyon with consistent gradient and warm summer water temperatures that make it Idaho"s most popular intermediate kayaking run.', 'Boise National Forest', ARRAY['Anderson Ranch Dam to Danskin — Class III–IV, best whitewater','Danskin to Neal Bridge — Class II–III, intermediate run','Neal Bridge to Arrowrock Reservoir — Class II, mellow float'], '{"ww":true,"wild":false,"remote":false,"mtn":true}') ON CONFLICT (id) DO NOTHING;
INSERT INTO public.river_history (river_id, era, year, title, body, source, sort_order) VALUES ('sf_boise', 'native', 'Pre-contact', 'Shoshone-Bannock Territory — Boise River Basin', 'The South Fork Boise watershed was Shoshone-Bannock territory, used for salmon fishing and as a travel corridor to the Sawtooth Mountains. The Shoshone name for the Boise River referenced the cottonwood trees lining its banks — the same trees that led French trappers to call it "la riviere boisee."', 'Shoshone-Bannock Tribes; Idaho State Historical Society', 0);
INSERT INTO public.river_history (river_id, era, year, title, body, source, sort_order) VALUES ('sf_boise', 'modern', '2015', 'Anderson Ranch Dam Releases — Whitewater Economy', 'Coordinated dam releases from Anderson Ranch Reservoir have transformed the South Fork Boise into a reliable summer whitewater destination, supporting a growing recreation economy. The consistent flows attract thousands of paddlers annually from the Boise metro area.', 'Bureau of Reclamation; Idaho Rivers United', 1);
INSERT INTO public.river_reviews (river_id, username, review_date, stars, body, is_seed) VALUES ('sf_boise', 'boise_kayaker', 'Jul 2024', 5, 'Dam release at 2,000 cfs — perfect Class III–IV all day. Warm water, basalt canyon, 45 minutes from downtown Boise. Best after-work whitewater in Idaho.', true);
INSERT INTO public.river_reviews (river_id, username, review_date, stars, body, is_seed) VALUES ('sf_boise', 'sf_boise_regular', 'Aug 2024', 4, 'Danskin section at 1,200 cfs — great intermediate run with a few pushy Class III rapids. Reliable flows all summer thanks to the dam. Idaho"s most accessible whitewater.', true);
INSERT INTO public.river_outfitters (river_id, name, description, link, is_seed) VALUES ('sf_boise', 'Idaho River Sports', 'South Fork Boise shuttles and gear rental', '', true);
INSERT INTO public.rivers (id, state_key, name, county, length, class, optimal_cfs, usgs_gauge, avg_cfs, hist_flow, map_x, map_y, description, designations, sections, filter_flags) VALUES ('priest', 'id', 'Priest River', 'Bonner Co.', '45 mi', 'I', '500–3000', '12395000', 1500, 1350, 340, 60, 'The Priest River connects Priest Lake to Lake Pend Oreille in the panhandle of North Idaho — a gentle Class I float through dense cedar and hemlock forest in one of the most scenic corridors in the inland Northwest. The river drains the Selkirk Mountains and offers outstanding wildlife viewing, with moose, osprey, and occasional woodland caribou sightings.', 'Idaho Panhandle National Forests', ARRAY['Priest Lake Outlet to Dickensheet — Class I, upper forest float','Dickensheet to Priest River town — Class I, middle section','Priest River town to Pend Oreille — Class I, lower river to lake'], '{"ww":false,"wild":false,"remote":false,"mtn":false}') ON CONFLICT (id) DO NOTHING;
INSERT INTO public.river_history (river_id, era, year, title, body, source, sort_order) VALUES ('priest', 'native', 'Pre-contact', 'Kalispel Territory — Priest Lake Country', 'The Priest River watershed was Kalispel (Pend d"Oreilles) territory. The Kalispel people fished the river for cutthroat trout and bull trout, and hunted the surrounding Selkirk Mountains. Jesuit missionaries, who arrived in the 1840s, gave the river and lake their current names.', 'Kalispel Tribe of Indians; Bonner County Historical Society', 0);
INSERT INTO public.river_history (river_id, era, year, title, body, source, sort_order) VALUES ('priest', 'modern', '2019', 'Selkirk Caribou — Last of Their Kind', 'The Selkirk Mountains above the Priest River watershed were home to the last remaining woodland caribou herd in the contiguous United States. Despite decades of conservation effort, the herd dwindled to near zero by 2019, making the Priest River corridor one of the last places these animals were seen in the Lower 48.', 'USFWS; Idaho Fish and Game', 1);
INSERT INTO public.river_reviews (river_id, username, review_date, stars, body, is_seed) VALUES ('priest', 'north_idaho_paddler', 'Aug 2024', 4, 'Priest Lake to town at 1,200 cfs — gentle float through old-growth cedar forest. Saw two moose and countless osprey. North Idaho at its finest.', true);
INSERT INTO public.river_reviews (river_id, username, review_date, stars, body, is_seed) VALUES ('priest', 'panhandle_explorer', 'Jul 2024', 4, 'Full river float over two days at 800 cfs. Class I the entire way but the scenery is world-class. Selkirk Mountains rising above cedar forest. Bring binoculars.', true);
INSERT INTO public.river_outfitters (river_id, name, description, link, is_seed) VALUES ('priest', 'Idaho Canoe Adventures', 'Priest River canoe and kayak rentals, shuttle service', '', true);
INSERT INTO public.rivers (id, state_key, name, county, length, class, optimal_cfs, usgs_gauge, avg_cfs, hist_flow, map_x, map_y, description, designations, sections, filter_flags) VALUES ('rogue', 'or', 'Rogue River', 'Jackson / Josephine / Curry Co.', '215 mi', 'I–IV', '1000–4000', '14361500', 3200, 2900, 180, 125, 'Oregon''s most famous river — flows 215 miles from the Cascades to the Pacific. The Wild Rogue section (40 miles through Siskiyou National Forest, trail access only) is one of the finest multi-day wilderness floats in North America. Class III–IV whitewater, black bear, osprey, and remote hot springs.', 'National Wild & Scenic River (1968, original) · Rogue River-Siskiyou National Forest', ARRAY['Grants Pass to Grave Creek — Class I–II, accessible','Wild Rogue (Grave Creek to Foster Bar) — Class III–IV, wilderness float, 40 mi','Lower Rogue (Galice to Gold Beach) — Class I–III, steelhead mecca'], '{"ww":true,"wild":true,"coastal":true,"desert":false}') ON CONFLICT (id) DO NOTHING;
INSERT INTO public.river_history (river_id, era, year, title, body, source, sort_order) VALUES ('rogue', 'native', 'Pre-contact', 'Takelma and Tutuni — ''Those Who Dwell Beside the River''', 'The Takelma (Dagelma) people were the primary inhabitants of the Rogue River valley for thousands of years. Their name means ''those who dwell beside the river.'' The river''s extraordinary salmon and lamprey runs provided sustenance and cultural identity. The Rogue River Wars (1855–1856) ended with forced removal to the Siletz and Grand Ronde reservations.', 'Confederated Tribes of Grand Ronde; Siletz Tribe; Oregon Historical Society', 0);
INSERT INTO public.river_history (river_id, era, year, title, body, source, sort_order) VALUES ('rogue', 'survey', '1968', 'Wild & Scenic River — Original Designation', 'The Rogue was one of eight rivers given original Wild & Scenic designation in 1968, establishing the model for river protection that now covers over 200 rivers nationwide.', 'Wild & Scenic Rivers Act (1968)', 1);
INSERT INTO public.river_history (river_id, era, year, title, body, source, sort_order) VALUES ('rogue', 'modern', '2024', 'Wild Rogue Wilderness Float — 5,000+ Annual Visitors', 'The 40-mile Wild Rogue float consistently ranks among the top 10 wilderness river trips in the U.S. Permits are required May through October.', 'USFS Rogue River-Siskiyou National Forest', 2);
INSERT INTO public.river_documents (river_id, title, source, year, doc_type, pages, url) VALUES ('rogue', 'Rogue Wild & Scenic River Management Plan', 'USFS Rogue-Siskiyou NF', 2011, 'Federal', 195, 'https://rivers.gov/sites/rivers/files/documents/plans/rogue-plan.pdf');
INSERT INTO public.river_reviews (river_id, username, review_date, stars, body, is_seed) VALUES ('rogue', 'wild_rogue_devotee', 'Jul 2024', 5, 'Wild Rogue at 2,800 cfs — 5 days, 40 miles, 8 Class III–IV rapids, a black bear on the bank at Whiskey Creek, and no cell signal. Best trip of my life.', true);
INSERT INTO public.river_reviews (river_id, username, review_date, stars, body, is_seed) VALUES ('rogue', 'rogue_steelhead_guide', 'Nov 2024', 5, 'Lower Rogue in November — wild winter steelhead stacking below the bars. World-class fishery.', true);
INSERT INTO public.river_outfitters (river_id, name, description, link, is_seed) VALUES ('rogue', 'Rogue River Raft Trips', 'Wild Rogue permits and guided float trips', 'rogueriverrafttrips.com', true);
INSERT INTO public.river_outfitters (river_id, name, description, link, is_seed) VALUES ('rogue', 'Oregon Whitewater Adventures', 'Grants Pass to Foster Bar', 'oregonwhitewater.com', true);
INSERT INTO public.rivers (id, state_key, name, county, length, class, optimal_cfs, usgs_gauge, avg_cfs, hist_flow, map_x, map_y, description, designations, sections, filter_flags) VALUES ('deschutes', 'or', 'Deschutes River', 'Deschutes / Wasco Co.', '252 mi', 'I–IV', '1500–5000', '14092500', 2800, 2600, 380, 65, 'Flows 252 miles from the Cascade Mountains through Oregon''s high desert to the Columbia River. The Lower Deschutes from Maupin is one of the Northwest''s great whitewater destinations — 100 miles of canyon paddling through 25-million-year-old basalt. Legendary rainbow trout fishery.', 'National Wild & Scenic River (lower 100 miles) · Deschutes State Recreation Area', ARRAY['Upper Deschutes — Bend area, Class I–II, urban','Maupin section — Class III–IV, the classic Lower Deschutes run','Columbia confluence — Class I–II, wider and slower'], '{"ww":true,"wild":true,"coastal":false,"desert":true}') ON CONFLICT (id) DO NOTHING;
INSERT INTO public.river_history (river_id, era, year, title, body, source, sort_order) VALUES ('deschutes', 'native', 'Pre-contact', 'Warm Springs Confederated Tribes — Rivière aux Chutes', 'The Deschutes River was central to the lives of the Warm Springs, Wasco, and Paiute people for millennia. French trappers called it ''Rivière aux Chutes'' (river of falls) for its dramatic waterfalls. The Warm Springs Reservation (established 1855) borders the river for much of its length.', 'Confederated Tribes of Warm Springs; Oregon Historical Society', 0);
INSERT INTO public.river_history (river_id, era, year, title, body, source, sort_order) VALUES ('deschutes', 'survey', '1988', 'Lower Deschutes — Wild & Scenic Designation', 'Congress designated 100 miles of the Lower Deschutes as Wild & Scenic, protecting the extraordinary canyon from future dam proposals.', 'BLM Prineville District; USFS Ochoco NF', 1);
INSERT INTO public.river_history (river_id, era, year, title, body, source, sort_order) VALUES ('deschutes', 'modern', '2023', 'Deschutes River Alliance — Flow Restoration', 'After decades of effort, the Deschutes River Alliance and Confederated Tribes of Warm Springs reached a landmark agreement with Portland General Electric to increase minimum flows below Pelton-Round Butte dams, improving salmon passage.', 'Deschutes River Alliance; Confederated Tribes of Warm Springs (2023)', 2);
INSERT INTO public.river_documents (river_id, title, source, year, doc_type, pages, url) VALUES ('deschutes', 'Lower Deschutes River Management Plan', 'BLM Prineville District', 2011, 'Federal', 180, 'https://www.blm.gov/or/districts/prineville/plans/files/lower_deschutes_rmp.pdf');
INSERT INTO public.river_reviews (river_id, username, review_date, stars, body, is_seed) VALUES ('deschutes', 'maupin_local', 'Jul 2024', 5, 'Maupin section at 3,200 cfs — Whitehorse, Buckskin Mary, Colorado — classic Lower Deschutes at perfect water. Camped at Macks Canyon under a million stars.', true);
INSERT INTO public.river_reviews (river_id, username, review_date, stars, body, is_seed) VALUES ('deschutes', 'deschutes_trout_nerd', 'Jun 2024', 5, 'Sight-fished 20-inch rainbows from the raft for two days. The Lower Deschutes trout fishery is unreal.', true);
INSERT INTO public.river_outfitters (river_id, name, description, link, is_seed) VALUES ('deschutes', 'All Star Rafting', 'Maupin-based Deschutes trips', 'allstarrafting.com', true);
INSERT INTO public.river_outfitters (river_id, name, description, link, is_seed) VALUES ('deschutes', 'Deschutes River Adventures', 'Full-day and multi-day floats', 'deschutesriveradventures.com', true);
INSERT INTO public.rivers (id, state_key, name, county, length, class, optimal_cfs, usgs_gauge, avg_cfs, hist_flow, map_x, map_y, description, designations, sections, filter_flags) VALUES ('mckenzie', 'or', 'McKenzie River', 'Lane Co.', '90 mi', 'I–III', '600–3500', '14162500', 1800, 1650, 200, 120, 'Spring-fed, emerald-green, and remarkably constant in flow — the McKenzie is one of Oregon''s most beloved and photogenic rivers. Flows from the Cascade foothills through old-growth forest to the Willamette Valley. Exceptional drift boat trout fishing, gorgeous family floats, and wild Class III whitewater.', 'National Wild & Scenic River (upper reach) · Willamette National Forest', ARRAY['Clear Lake to Belknap Springs — Class I–II, crystal spring source','Paradise to Finn Rock — Class II–III, most popular float','Finn Rock to Walterville — Class I–II, mellow and scenic'], '{"ww":false,"wild":true,"coastal":true,"desert":false}') ON CONFLICT (id) DO NOTHING;
INSERT INTO public.river_history (river_id, era, year, title, body, source, sort_order) VALUES ('mckenzie', 'native', 'Pre-contact', 'Kalapuya — Willamette Valley River People', 'The McKenzie River watershed was Kalapuya territory, part of the broader Willamette Valley Kalapuya confederation. The river''s exceptional trout runs supported communities throughout the valley.', 'Confederated Tribes of Grand Ronde; University of Oregon', 0);
INSERT INTO public.river_history (river_id, era, year, title, body, source, sort_order) VALUES ('mckenzie', 'survey', '1988', 'Upper McKenzie Wild & Scenic Designation', 'Congress designated the upper McKenzie — from its source at Clear Lake to Paradise Campground — as a National Wild & Scenic River, protecting the spring source and old-growth forest corridor.', 'USFS Willamette NF', 1);
INSERT INTO public.river_history (river_id, era, year, title, body, source, sort_order) VALUES ('mckenzie', 'modern', '2020', 'Holiday Farm Fire — Devastating and Recovering', 'The Holiday Farm Fire of September 2020 burned over 170,000 acres along the McKenzie corridor, destroying dozens of communities and dramatically altering the landscape. The river itself survived; the surrounding forest is in active recovery.', 'USFS; Oregon Department of Forestry (2020)', 2);
INSERT INTO public.river_documents (river_id, title, source, year, doc_type, pages, url) VALUES ('mckenzie', 'McKenzie River Wild & Scenic River Plan', 'USFS Willamette NF', 2002, 'Federal', 125, 'https://www.rivers.gov/sites/rivers/files/documents/plans/mckenzie-plan.pdf');
INSERT INTO public.river_reviews (river_id, username, review_date, stars, body, is_seed) VALUES ('mckenzie', 'eugene_river_crew', 'Aug 2024', 5, 'Paradise to Finn Rock at 1,400 cfs — emerald green water, old-growth cedar, Class II–III waves. Perfect Oregon summer day.', true);
INSERT INTO public.river_reviews (river_id, username, review_date, stars, body, is_seed) VALUES ('mckenzie', 'mckenzie_drift_guide', 'Sep 2024', 4, 'Sight-fishing rainbows in the McKenzie''s gin-clear water — they show like neon signs. Best trout visibility I''ve seen anywhere.', true);
INSERT INTO public.river_outfitters (river_id, name, description, link, is_seed) VALUES ('mckenzie', 'Oregon Drift Boat Guide Service', 'McKenzie drift boat trips', 'oregondriftboat.com', true);
INSERT INTO public.river_outfitters (river_id, name, description, link, is_seed) VALUES ('mckenzie', 'Lane County River Adventures', 'McKenzie canoe and kayak trips', 'laneriveradventures.com', true);
INSERT INTO public.rivers (id, state_key, name, county, length, class, optimal_cfs, usgs_gauge, avg_cfs, hist_flow, map_x, map_y, description, designations, sections, filter_flags) VALUES ('illinois_or', 'or', 'Illinois River', 'Josephine / Curry Co.', '56 mi', 'III–IV', '800–3000', '14377100', 1400, 1250, 158, 133, 'Oregon''s most challenging multi-day wilderness float — 34 miles through the Siskiyou Mountains with no road access and no trail exits for 28 miles. The Illinois canyon contains some of the most botanically diverse terrain on earth, with rare serpentine plant communities found nowhere else. Class IV–V Preacher Falls, York Creek, and the Green Wall are Oregon benchmarks.', 'National Wild & Scenic River (1984) · Kalmiopsis Wilderness · Most Botanically Diverse River Canyon in North America', ARRAY['Selma to Oak Flat — Class III, road-accessible upper river','Oak Flat to Pine Flat — Class IV–V, 34-mile wilderness, no exits for 28 miles','Pine Flat to Agness — Class III–IV, lower canyon to Rogue confluence'], '{"ww":true,"wild":true,"coastal":true,"desert":false}') ON CONFLICT (id) DO NOTHING;
INSERT INTO public.river_history (river_id, era, year, title, body, source, sort_order) VALUES ('illinois_or', 'native', 'Pre-contact', 'Takelma and Tututni — The Siskiyou Borderlands', 'The Illinois River canyon was inhabited by Takelma and Tututni (Athabaskan) peoples whose territory spanned the Siskiyou Mountains — where the Cascades, Klamath, and Coast Range converge in one of the most ecologically complex landscapes in North America.', 'Confederated Tribes of Siletz Indians; Confederated Tribes of Grand Ronde', 0);
INSERT INTO public.river_history (river_id, era, year, title, body, source, sort_order) VALUES ('illinois_or', 'survey', '1984', 'Wild & Scenic Designation — Oregon''s Most Remote Canyon', 'Congress designated the Illinois Wild & Scenic in 1984. It remains one of the least-visited Wild & Scenic rivers in the Pacific Northwest — a direct result of its demanding Class IV–V whitewater and limited access. The canyon was declared eligible for Wilderness designation.', 'USFS Rogue-Siskiyou NF; Wild & Scenic Rivers Act (1984)', 1);
INSERT INTO public.river_history (river_id, era, year, title, body, source, sort_order) VALUES ('illinois_or', 'modern', '2024', 'Serpentine Botany — More Endemics per Mile than Anywhere Temperate', 'The Illinois River corridor contains more endemic plant species per square mile than almost any other temperate river canyon in North America. Serpentine and peridotite soils support hundreds of plants found nowhere else, drawing botanists from around the world.', 'Oregon State University Botany; Kalmiopsis Wilderness Foundation', 2);
INSERT INTO public.river_documents (river_id, title, source, year, doc_type, pages, url) VALUES ('illinois_or', 'Illinois Wild & Scenic River Management Plan', 'USFS Rogue-Siskiyou NF', 2008, 'Federal', 145, 'https://www.rivers.gov/sites/rivers/files/documents/plans/illinois-plan.pdf');
INSERT INTO public.river_reviews (river_id, username, review_date, stars, body, is_seed) VALUES ('illinois_or', 'illinois_or_devotee', 'Apr 2024', 5, 'Four days Oak Flat to Agness at 2,200 cfs — Preacher Falls beautiful and terrifying. Green Wall scout took 40 minutes. Saw a black bear every single day. Oregon''s most committing run.', true);
INSERT INTO public.river_reviews (river_id, username, review_date, stars, body, is_seed) VALUES ('illinois_or', 'siskiyou_kayaker', 'Mar 2024', 5, 'Hit it at 1,800 cfs after a good rain cycle. 28 miles with no exit — once you put in at Oak Flat the decision is made. Perfect canyon, perfect solitude.', true);
INSERT INTO public.river_outfitters (river_id, name, description, link, is_seed) VALUES ('illinois_or', 'Oregon Outdoor Adventures', 'Illinois River guided multi-day trips', 'oregonoutdooradventures.com', true);
INSERT INTO public.rivers (id, state_key, name, county, length, class, optimal_cfs, usgs_gauge, avg_cfs, hist_flow, map_x, map_y, description, designations, sections, filter_flags) VALUES ('north_umpqua', 'or', 'North Umpqua River', 'Douglas Co.', '110 mi', 'I–IV', '1000–4000', '14317600', 2200, 2000, 200, 130, 'One of the most beautiful rivers in the Pacific Northwest — emerald green, spring-fed, and remarkably stable from volcanic geology. The North Umpqua flows 110 miles through Umpqua National Forest with the famous 79-mile North Umpqua Trail running beside it. World-renowned summer steelhead and Chinook fishery. The Narrows deliver Class III–IV whitewater through a volcanic gorge.', 'National Wild & Scenic River (upper 33.8 miles) · Umpqua National Forest · Fly-Fishing-Only Section (above Steamboat Creek)', ARRAY['Susan Creek to Toketee — Class I–II, volcanic canyon, best scenery','Toketee to Horseshoe Bend — Class III, popular family section','Narrows and Tioga (Glide area) — Class III–IV, best whitewater'], '{"ww":false,"wild":true,"coastal":true,"desert":false}') ON CONFLICT (id) DO NOTHING;
INSERT INTO public.river_history (river_id, era, year, title, body, source, sort_order) VALUES ('north_umpqua', 'native', 'Pre-contact', 'Cow Creek Umpqua — River of the People', 'The North Umpqua watershed was homeland of the Cow Creek Band of Umpqua Tribe, who inhabited the river valleys for thousands of years. The Umpqua signed one of Oregon''s first treaties with the United States in 1853, though it was never ratified by Congress.', 'Cow Creek Band of Umpqua Indians; Oregon Historical Society', 0);
INSERT INTO public.river_history (river_id, era, year, title, body, source, sort_order) VALUES ('north_umpqua', 'survey', '1988', 'Wild & Scenic — Oregon''s Volcanic Gem', 'Congress designated the upper 33.8 miles of the North Umpqua as Wild & Scenic in 1988, protecting the volcanic canyon above Toketee Falls. Toketee Falls — where the river drops 113 feet through columnar basalt — is among Oregon''s most photographed waterfalls.', 'USFS Umpqua NF; Wild & Scenic Rivers Act (1988)', 1);
INSERT INTO public.river_history (river_id, era, year, title, body, source, sort_order) VALUES ('north_umpqua', 'modern', '2023', 'Zane Grey''s River — Summer Steelhead Mecca', 'Author and angler Zane Grey fished the North Umpqua''s fly-fishing-only section above Steamboat Creek in the 1920s and wrote lovingly about it. The section has been fly-fishing-only since 1954, protecting one of the finest summer steelhead fisheries remaining in the Pacific Northwest.', 'North Umpqua Foundation; ODFW; Steamboat Inn Archives', 2);
INSERT INTO public.river_documents (river_id, title, source, year, doc_type, pages, url) VALUES ('north_umpqua', 'North Umpqua Wild & Scenic River Management Plan', 'USFS Umpqua NF', 2000, 'Federal', 130, 'https://www.rivers.gov/sites/rivers/files/documents/plans/north-umpqua-plan.pdf');
INSERT INTO public.river_reviews (river_id, username, review_date, stars, body, is_seed) VALUES ('north_umpqua', 'north_umpqua_regular', 'Jul 2024', 5, 'Toketee to Horseshoe Bend at 2,400 cfs — emerald pools, basalt walls, steelhead visible in every tailout. The most beautiful volcanic river canyon in Oregon.', true);
INSERT INTO public.river_reviews (river_id, username, review_date, stars, body, is_seed) VALUES ('north_umpqua', 'umpqua_fly_guide', 'Aug 2024', 5, 'Summer steelhead above Steamboat at 1,800 cfs — fish stacked in the deep green slots. Zane Grey would still recognize this river. The fly-only section is perfect.', true);
INSERT INTO public.river_outfitters (river_id, name, description, link, is_seed) VALUES ('north_umpqua', 'Steamboat Inn', 'North Umpqua fly fishing headquarters since 1957', 'thesteamboatinn.com', true);
INSERT INTO public.river_outfitters (river_id, name, description, link, is_seed) VALUES ('north_umpqua', 'Swiftwater Rafting', 'North Umpqua Narrows guided day trips', 'swiftwaterrafting.com', true);
INSERT INTO public.rivers (id, state_key, name, county, length, class, optimal_cfs, usgs_gauge, avg_cfs, hist_flow, map_x, map_y, description, designations, sections, filter_flags) VALUES ('john_day', 'or', 'John Day River', 'Wheeler / Gilliam Co.', '281 mi', 'I–III', '1000–5000', '14048000', 2200, 1900, 325, 70, 'At 281 miles, the John Day is the longest undammed river in Oregon and one of the longest free-flowing rivers in the contiguous United States. The river cuts through the Painted Hills and high desert canyon country of central Oregon, offering multiday wilderness float trips through some of the most remote landscape in the Pacific Northwest. Fossils from the John Day Fossil Beds span 40 million years of evolution.', 'National Wild & Scenic River (1988) · John Day Fossil Beds National Monument', ARRAY['Service Creek to Clarno — Class I–II, Painted Hills section','Clarno to Cottonwood — Class II–III, best whitewater','Cottonwood to Tumwater Falls — Class I–II, lower canyon'], '{"ww":false,"wild":true,"coastal":false,"desert":true}') ON CONFLICT (id) DO NOTHING;
INSERT INTO public.river_history (river_id, era, year, title, body, source, sort_order) VALUES ('john_day', 'native', 'Pre-contact', 'Sahaptin Peoples — John Day Country', 'The John Day watershed was home to bands of Sahaptin-speaking peoples, including the John Day (Dak-in-ma) band of the Warm Springs. The river"s salmon runs were central to their way of life. The river was later named for John Day, a member of the Astor Expedition who went mad near its mouth in 1812.', 'Confederated Tribes of Warm Springs; Oregon Historical Society', 0);
INSERT INTO public.river_history (river_id, era, year, title, body, source, sort_order) VALUES ('john_day', 'modern', '1988', 'Wild & Scenic Designation — Protecting Oregon"s Longest Free-Flowing River', 'Congress designated 147 miles of the John Day as Wild and Scenic in 1988, protecting the longest undammed river in Oregon from future development. The designation recognized the river"s outstanding scenic, recreational, and paleontological values.', 'National Wild and Scenic Rivers System; BLM Prineville District', 1);
INSERT INTO public.river_reviews (river_id, username, review_date, stars, body, is_seed) VALUES ('john_day', 'john_day_floater', 'May 2024', 5, 'Service Creek to Clarno over four days at 2,500 cfs — Painted Hills glowing at sunset, bighorn sheep on the rimrock, zero other people after the first day. Oregon"s best multiday float.', true);
INSERT INTO public.river_reviews (river_id, username, review_date, stars, body, is_seed) VALUES ('john_day', 'high_desert_paddler', 'Apr 2024', 4, 'Clarno to Cottonwood at 3,000 cfs — Class II–III rapids through basalt canyon, fossil beds everywhere. The John Day is what eastern Oregon looks like when you leave the roads behind.', true);
INSERT INTO public.river_outfitters (river_id, name, description, link, is_seed) VALUES ('john_day', 'Service Creek Stage Stop', 'John Day River shuttle service and camping', '', true);
INSERT INTO public.rivers (id, state_key, name, county, length, class, optimal_cfs, usgs_gauge, avg_cfs, hist_flow, map_x, map_y, description, designations, sections, filter_flags) VALUES ('clackamas', 'or', 'Clackamas River', 'Clackamas Co.', '83 mi', 'I–IV', '800–4000', '14211000', 2400, 2100, 332, 78, 'The Clackamas is Portland"s backyard whitewater river — 83 miles from the slopes of Mt. Hood to the Willamette, offering everything from expert Class IV canyon runs to gentle family floats. Bob"s Hole, a world-famous river surf wave near Estacada, draws playboaters year-round. The upper river flows through old-growth forest in the Mt. Hood National Forest.', 'Mt. Hood National Forest · Oregon Scenic Waterway', ARRAY['Upper Clackamas — Class III–IV, remote forest canyon','Three Lynx to North Fork — Class II–III, intermediate run','Estacada to Barton — Class II, Bob"s Hole surf wave','Barton to Clackamas — Class I, family float'], '{"ww":true,"wild":false,"coastal":true,"desert":false}') ON CONFLICT (id) DO NOTHING;
INSERT INTO public.river_history (river_id, era, year, title, body, source, sort_order) VALUES ('clackamas', 'native', 'Pre-contact', 'Clackamas Chinook — People of the River', 'The Clackamas River takes its name from the Clackamas band of Chinook people who inhabited the lower river and Willamette Valley for thousands of years. The river"s salmon runs were among the most productive in the Willamette Basin. Disease and displacement decimated the Clackamas people in the 1800s.', 'Confederated Tribes of Grand Ronde; Oregon Historical Society', 0);
INSERT INTO public.river_history (river_id, era, year, title, body, source, sort_order) VALUES ('clackamas', 'modern', '2011', 'Bob"s Hole — World-Class River Surfing', 'Bob"s Hole near Estacada has become one of the most famous river surf waves in North America, drawing playboaters from across the country. The wave forms at specific flows and has hosted multiple freestyle kayaking competitions.', 'American Whitewater; Oregon Kayak and Canoe Club', 1);
INSERT INTO public.river_reviews (river_id, username, review_date, stars, body, is_seed) VALUES ('clackamas', 'portland_kayaker', 'Apr 2024', 5, 'Bob"s Hole at 2,200 cfs — perfect wave, surfed for three hours. Twenty minutes from Portland. The Clackamas is the reason Portland is a kayaking city.', true);
INSERT INTO public.river_reviews (river_id, username, review_date, stars, body, is_seed) VALUES ('clackamas', 'clackamas_canyon_runner', 'Mar 2024', 4, 'Upper Clackamas at 1,500 cfs — continuous Class III–IV through old-growth forest. Felt like Idaho but an hour from the city. Stunning canyon run.', true);
INSERT INTO public.river_outfitters (river_id, name, description, link, is_seed) VALUES ('clackamas', 'eNRG Kayaking', 'Clackamas River kayak instruction and guided trips', '', true);
INSERT INTO public.rivers (id, state_key, name, county, length, class, optimal_cfs, usgs_gauge, avg_cfs, hist_flow, map_x, map_y, description, designations, sections, filter_flags) VALUES ('sandy', 'or', 'Sandy River', 'Clackamas / Multnomah Co.', '56 mi', 'I–III', '500–3000', '14142500', 1400, 1200, 330, 76, 'The Sandy River drops from the glaciers of Mt. Hood to the Columbia, offering the closest whitewater to downtown Portland. The river"s glacial-melt character means milky blue-green water in summer and crystal clarity in winter. The Sandy River Gorge provides a surprisingly wild Class II–III corridor just 30 minutes from the city. Marmot Dam was removed in 2007, restoring 100 miles of fish habitat.', 'National Wild & Scenic River (1988) · Sandy River Gorge', ARRAY['Upper Sandy — Zigzag to Brightwood, Class II–III, mountain run','Sandy River Gorge — Class II–III, most popular whitewater section','Lower Sandy — Dodge Park to Lewis and Clark SP, Class I–II, family float'], '{"ww":true,"wild":false,"coastal":true,"desert":false}') ON CONFLICT (id) DO NOTHING;
INSERT INTO public.river_history (river_id, era, year, title, body, source, sort_order) VALUES ('sandy', 'native', 'Pre-contact', 'Multnomah and Clackamas Chinook — Sandy River', 'The Sandy River was Chinook territory, home to the Multnomah and Clackamas bands. Lewis and Clark named it the "Quicksand River" in 1805 for the shifting sandy bars at its mouth. The river"s salmon runs were a cornerstone of Chinook food culture along the Columbia.', 'Confederated Tribes of Grand Ronde; Oregon Historical Society', 0);
INSERT INTO public.river_history (river_id, era, year, title, body, source, sort_order) VALUES ('sandy', 'modern', '2007', 'Marmot Dam Removal — River Reborn', 'The removal of Marmot Dam in 2007 was one of the largest dam removals in U.S. history at the time, reopening 100 miles of habitat for salmon and steelhead. The Sandy became a national model for river restoration through dam removal.', 'American Rivers; Sandy River Basin Watershed Council', 1);
INSERT INTO public.river_reviews (river_id, username, review_date, stars, body, is_seed) VALUES ('sandy', 'pdx_whitewater', 'May 2024', 5, 'Sandy Gorge at 1,800 cfs — continuous Class II–III with Mt. Hood visible above the canyon. Thirty minutes from my apartment in Portland. This river is why I moved here.', true);
INSERT INTO public.river_reviews (river_id, username, review_date, stars, body, is_seed) VALUES ('sandy', 'sandy_river_regular', 'Mar 2024', 4, 'Dodge Park section at 1,000 cfs — perfect beginner-friendly float. Since Marmot Dam came out, the salmon are back in force. Saw steelhead jumping at every riffle.', true);
INSERT INTO public.river_outfitters (river_id, name, description, link, is_seed) VALUES ('sandy', 'Blue Sky Rafting', 'Sandy River guided rafting and kayak trips', '', true);
INSERT INTO public.rivers (id, state_key, name, county, length, class, optimal_cfs, usgs_gauge, avg_cfs, hist_flow, map_x, map_y, description, designations, sections, filter_flags) VALUES ('wenatchee', 'wa', 'Wenatchee River', 'Chelan / Kittitas Co.', '53 mi', 'II–IV', '1500–5000', '12462500', 3100, 2800, 380, 82, 'The Wenatchee River through Tumwater Canyon and the Leavenworth-to-Monitor corridor is the most paddled whitewater river in Washington state. Drains from Stevens Pass and Lake Wenatchee through Bavarian-themed Leavenworth to the Columbia at Wenatchee. Class III–IV Tumwater Canyon is spectacular.', 'Wenatchee River Corridor Recreation Area · Wenatchee National Forest (upper)', ARRAY['Tumwater Canyon — Class III–IV, technical and steep','Leavenworth to Monitor — Class II–III, most popular corridor','Monitor to Columbia confluence — Class I–II, family float'], '{"ww":true,"wild":false,"pnw":false,"eastside":true}') ON CONFLICT (id) DO NOTHING;
INSERT INTO public.river_history (river_id, era, year, title, body, source, sort_order) VALUES ('wenatchee', 'native', 'Pre-contact', 'Wenatchi (Pisquow) — People of the River', 'The Wenatchee River was the heart of the Wenatchi (Pisquow) people''s territory. ''Wenatchee'' derives from their name and means roughly ''river flowing from a canyon.'' The river''s salmon runs were central to Wenatchi food sovereignty and ceremony.', 'Colville Confederated Tribes; Chelan County Historical Society', 0);
INSERT INTO public.river_history (river_id, era, year, title, body, source, sort_order) VALUES ('wenatchee', 'modern', '2024', 'Tumwater Canyon — Iconic Washington Whitewater', 'Tumwater Canyon''s Class III–IV rapids — Drunkard''s Drop, Rock ''n Roll, and Granny''s — attract thousands of whitewater paddlers annually. The canyon road (US-2) provides one of the most scenic shuttles in the Northwest.', 'Washington Kayak Club; American Whitewater', 1);
INSERT INTO public.river_reviews (river_id, username, review_date, stars, body, is_seed) VALUES ('wenatchee', 'tumwater_regular', 'May 2024', 5, 'Tumwater at 3,800 cfs — Drunkard''s Drop was a carnage-free session, everyone surfed Rock ''n Roll, Granny''s put one swimmer in the river. Perfect WA spring day.', true);
INSERT INTO public.river_reviews (river_id, username, review_date, stars, body, is_seed) VALUES ('wenatchee', 'leavenworth_float', 'Jul 2024', 4, 'Leavenworth to Monitor section at 2,200 cfs — Class II family float through the orchard valley. Finished with schnitzel and beer. Could not be more Washington.', true);
INSERT INTO public.river_outfitters (river_id, name, description, link, is_seed) VALUES ('wenatchee', 'Leavenworth Outdoor Center', 'Wenatchee trips, rentals, instruction', 'leavenworthoutdoor.com', true);
INSERT INTO public.river_outfitters (river_id, name, description, link, is_seed) VALUES ('wenatchee', 'Osprey Rafting', 'Tumwater Canyon guided trips', 'ospreyrafting.com', true);
INSERT INTO public.rivers (id, state_key, name, county, length, class, optimal_cfs, usgs_gauge, avg_cfs, hist_flow, map_x, map_y, description, designations, sections, filter_flags) VALUES ('methow', 'wa', 'Methow River', 'Okanogan Co.', '90 mi', 'I–III', '800–3500', '12449950', 1400, 1250, 300, 42, 'Flows through the Methow Valley — one of Washington''s most stunning landscapes — from the North Cascades to the Columbia River. Surrounded by the Okanogan-Wenatchee National Forest and the Pasayten Wilderness. A river that delivers solitude, wildlife, and Class I–III paddling through an increasingly prized outdoor recreation valley.', 'Wild and Scenic River Study Reach · North Cascades ecosystem', ARRAY['Upper Methow — Mazama to Winthrop, Class I–II, mountain valley','Winthrop to Twisp — Class II, orchard corridor','Twisp to Carlton — Class II–III, most technical','Lower Methow — Carlton to Columbia, Class I–II'], '{"ww":false,"wild":false,"pnw":false,"eastside":true}') ON CONFLICT (id) DO NOTHING;
INSERT INTO public.river_history (river_id, era, year, title, body, source, sort_order) VALUES ('methow', 'native', 'Pre-contact', 'Methow (Smimilkameen) People — North Cascades Trade Network', 'The Methow Valley was homeland of the Methow (Smimilkameen or S''Methow) people, who maintained extensive trade networks throughout the North Cascades. The river provided critical salmon, and the valley served as a gathering place for tribes from the Columbia Plateau, coast, and interior.', 'Colville Confederated Tribes; Okanogan County Historical Society', 0);
INSERT INTO public.river_history (river_id, era, year, title, body, source, sort_order) VALUES ('methow', 'modern', '2015', 'Methow Valley — Destination Recreation', 'The Methow Valley has emerged as one of Washington''s premier outdoor recreation destinations, with world-class cross-country skiing in winter and kayaking, hiking, and mountain biking in summer.', 'Methow Valley Sport Trails Association; Methow Salmon Recovery Foundation', 1);
INSERT INTO public.river_reviews (river_id, username, review_date, stars, body, is_seed) VALUES ('methow', 'methow_valley_local', 'Jun 2024', 4, 'Mazama to Winthrop at 1,600 cfs — Class II through the most beautiful valley in Washington. Saw a black bear on the bank near Early Winters Creek.', true);
INSERT INTO public.river_reviews (river_id, username, review_date, stars, body, is_seed) VALUES ('methow', 'north_cascades_paddle', 'Jul 2024', 5, 'Twisp to Carlton at 1,100 cfs — actual Class II–III through a canyon section nobody knows about. Found our new home water.', true);
INSERT INTO public.river_outfitters (river_id, name, description, link, is_seed) VALUES ('methow', 'Methow Valley Outdoor Adventures', 'River trips and instruction', 'methowvalleyoutdoor.com', true);
INSERT INTO public.rivers (id, state_key, name, county, length, class, optimal_cfs, usgs_gauge, avg_cfs, hist_flow, map_x, map_y, description, designations, sections, filter_flags) VALUES ('skagit', 'wa', 'Skagit River', 'Skagit / Whatcom Co.', '150 mi', 'I–II', '4000–15000', '12178000', 8500, 7800, 170, 55, 'Washington''s second-largest river by volume, draining the North Cascades and flowing to Puget Sound. The Skagit is one of the last rivers in the lower 48 to support all five Pacific salmon species. The upper Skagit is the only place in the lower 48 where bald eagles winter in the thousands.', 'National Wild & Scenic River (upper 158 miles) · North Cascades National Park (upper watershed)', ARRAY['Upper Skagit — Newhalem to Marblemount, Wild & Scenic, Class II','Marblemount to Rockport — Class I–II, eagle watching corridor','Rockport to Sedro-Woolley — Class I–II, agricultural valley','Lower Skagit — Sedro-Woolley to Puget Sound, flatwater and tidal'], '{"ww":false,"wild":true,"pnw":true,"eastside":false}') ON CONFLICT (id) DO NOTHING;
INSERT INTO public.river_history (river_id, era, year, title, body, source, sort_order) VALUES ('skagit', 'native', 'Pre-contact', 'Upper Skagit and Sauk-Suiattle — River People of the North Cascades', 'The Upper Skagit Indian Tribe and Sauk-Suiattle Indian Tribe have inhabited the Skagit River watershed since time immemorial. The five salmon species that return to the Skagit are central to tribal culture, food sovereignty, and ceremony. Both tribes retain treaty-reserved fishing rights that predate Washington statehood.', 'Upper Skagit Indian Tribe; Sauk-Suiattle Indian Tribe', 0);
INSERT INTO public.river_history (river_id, era, year, title, body, source, sort_order) VALUES ('skagit', 'logging', '1890s–1940s', 'Skagit Hydroelectric Dams — Power for Seattle', 'Seattle City Light built three major dams on the upper Skagit between 1924 and 1954 (Gorge, Diablo, Ross dams), creating Seattle''s primary power supply. The Wild & Scenic designation protects the river below Ross Dam from further impoundment.', 'Seattle City Light; Skagit County Historical Society', 1);
INSERT INTO public.river_history (river_id, era, year, title, body, source, sort_order) VALUES ('skagit', 'survey', '1978', 'Upper Skagit Wild & Scenic — Protection Below Ross Dam', 'Congress designated 158 miles of the upper Skagit as Wild & Scenic, preventing further dam construction below Ross Dam and protecting the extraordinary salmon habitat and North Cascades corridor.', 'Wild & Scenic Rivers Act Amendments (1978)', 2);
INSERT INTO public.river_history (river_id, era, year, title, body, source, sort_order) VALUES ('skagit', 'modern', '2023', 'Bald Eagle Winter Gathering — Up to 500+ Eagles', 'The upper Skagit between Rockport and Marblemount hosts one of the largest winter bald eagle concentrations in the lower 48 — up to 500+ eagles gathering to feed on spawned-out chum salmon. The Skagit Eagles Fest draws birders and paddlers from across the Northwest.', 'Skagit Land Trust; Audubon Society of Western Washington', 3);
INSERT INTO public.river_documents (river_id, title, source, year, doc_type, pages, url) VALUES ('skagit', 'Upper Skagit Wild & Scenic River Management Plan', 'Mount Baker-Snoqualmie NF', 2005, 'Federal', 175, 'https://rivers.gov/sites/rivers/files/documents/plans/skagit-plan.pdf');
INSERT INTO public.river_reviews (river_id, username, review_date, stars, body, is_seed) VALUES ('skagit', 'skagit_eagle_paddle', 'Feb 2024', 5, 'Floated the Rockport stretch in February — counted 47 bald eagles from the water in 6 miles. Pink salmon carcasses on every gravel bar. One of the most wildlife-rich floats I''ve ever done.', true);
INSERT INTO public.river_reviews (river_id, username, review_date, stars, body, is_seed) VALUES ('skagit', 'north_cascades_paddler', 'Jul 2024', 4, 'Upper Skagit below Newhalem at 6,000 cfs — fast Class II with 8,000-foot peaks dropping straight to the river. North Cascades are on another level.', true);
INSERT INTO public.river_outfitters (river_id, name, description, link, is_seed) VALUES ('skagit', 'Osprey River Adventures', 'Skagit eagle float trips', 'ospreyriveradventures.com', true);
INSERT INTO public.river_outfitters (river_id, name, description, link, is_seed) VALUES ('skagit', 'Skagit River Kayak', 'Upper Skagit guided day trips', 'skagitkayak.com', true);
INSERT INTO public.rivers (id, state_key, name, county, length, class, optimal_cfs, usgs_gauge, avg_cfs, hist_flow, map_x, map_y, description, designations, sections, filter_flags) VALUES ('skykomish', 'wa', 'Skykomish River', 'King / Snohomish Co.', '45 mi', 'III–IV', '2500–7000', '12134500', 4500, 4100, 300, 55, 'Washington''s most celebrated whitewater river — the Skykomish drains the Cascades above Stevens Pass and delivers continuous Class III–IV rapids through a spectacular old-growth forest canyon. Boulder Drop, Lunch Counter, and the Upper Sky above Index are Washington benchmarks. Best April through June on snowmelt.', 'Washington Scenic River · Henry M. Jackson Wilderness (headwaters) · US-2 Scenic Byway corridor', ARRAY['Upper Sky above Index — Class IV–V, expert only, steep and committing','Gold Bar to Monroe — Class III–IV, most popular, Boulder Drop and Lunch Counter','Lower Skykomish to Snohomish confluence — Class I–II, easy flatwater'], '{"ww":true,"wild":false,"pnw":true,"eastside":false}') ON CONFLICT (id) DO NOTHING;
INSERT INTO public.river_history (river_id, era, year, title, body, source, sort_order) VALUES ('skykomish', 'native', 'Pre-contact', 'Skykomish People (Sdoh-kwuh-bsh) — Cascade River People', 'The Skykomish River was the homeland of the Skykomish people, a Salishan-speaking group whose descendants became part of the Snohomish and Snoqualmie peoples after the 1855 Point Elliott Treaty. The river''s exceptional salmon runs supported communities throughout the Cascade foothills.', 'Snohomish Tribe of Indians; Muckleshoot Indian Tribe; Washington State Historical Society', 0);
INSERT INTO public.river_history (river_id, era, year, title, body, source, sort_order) VALUES ('skykomish', 'modern', '2024', 'Gold Bar to Monroe — Most Commercially Paddled in Washington', 'The Gold Bar to Monroe section is Washington''s most commercially paddled whitewater corridor. Multiple outfitters run daily trips on Boulder Drop and Lunch Counter from April through June. The drive up US-2 through Stevens Pass provides some of Washington''s most dramatic roadside river scenery.', 'Washington Kayak Club; American Whitewater', 1);
INSERT INTO public.river_reviews (river_id, username, review_date, stars, body, is_seed) VALUES ('skykomish', 'sky_river_regular', 'May 2024', 5, 'Gold Bar at 5,200 cfs — Boulder Drop was a chaos of boulders and foam. Lunch Counter surfing wave had a line of kayaks waiting. Best Washington spring paddling.', true);
INSERT INTO public.river_reviews (river_id, username, review_date, stars, body, is_seed) VALUES ('skykomish', 'upper_sky_kayaker', 'Jun 2024', 4, 'Upper Sky above Index at 3,500 cfs — Class IV+ all day in a tight old-growth gorge. Nobody else out there. Washington keeps its secrets.', true);
INSERT INTO public.river_outfitters (river_id, name, description, link, is_seed) VALUES ('skykomish', 'Orion Expeditions', 'Skykomish River raft trips from Gold Bar', 'orionexp.com', true);
INSERT INTO public.river_outfitters (river_id, name, description, link, is_seed) VALUES ('skykomish', 'RnR Whitewater', 'Upper and Lower Sky guided trips', 'rnrwhitewater.com', true);
INSERT INTO public.rivers (id, state_key, name, county, length, class, optimal_cfs, usgs_gauge, avg_cfs, hist_flow, map_x, map_y, description, designations, sections, filter_flags) VALUES ('sauk', 'wa', 'Sauk River', 'Skagit / Snohomish Co.', '36 mi', 'I–II', '1500–7000', '12189500', 3500, 3200, 200, 52, 'Flows from Glacier Peak Wilderness through ancient old-growth Douglas fir to the Skagit — one of Washington''s most wildlife-rich rivers. Class I–III paddling through pristine Cascade foothills with extraordinary salmon viewing in fall and bald eagle congregations in winter. The Sauk-Suiattle Indian Tribe''s ancestral home.', 'Glacier Peak Wilderness (headwaters) · Sauk-Suiattle Tribal Reserved Rights', ARRAY['White Chuck confluence to Darrington — Class II–III, upper section','Darrington to Rockport — Class I–II, wildlife corridor, best wildlife viewing','Sauk/Skagit confluence — Class I, eagle country in winter'], '{"ww":false,"wild":false,"pnw":true,"eastside":false}') ON CONFLICT (id) DO NOTHING;
INSERT INTO public.river_history (river_id, era, year, title, body, source, sort_order) VALUES ('sauk', 'native', 'Pre-contact – ongoing', 'Sauk-Suiattle Indian Tribe — River of Our Ancestors', 'The Sauk-Suiattle Indian Tribe has inhabited the Sauk and Suiattle River watersheds since time immemorial. The tribe retains treaty-reserved fishing rights from the 1855 Point Elliott Treaty. The Sauk/Skagit confluence at Rockport was a major gathering site for trade, ceremony, and salmon harvest.', 'Sauk-Suiattle Indian Tribe; Washington State Historical Society', 0);
INSERT INTO public.river_history (river_id, era, year, title, body, source, sort_order) VALUES ('sauk', 'modern', '2023', 'Glacier Peak — Sauk Headwaters Wilderness', 'Glacier Peak (10,541 ft) dominates the Sauk headwaters as the most remote of Washington''s five major volcanoes. The river drains directly from Glacier Peak''s glaciers. Pink and chum salmon stack in the lower Sauk each fall in one of the most accessible salmon runs in the North Cascades.', 'USFS Mt. Baker-Snoqualmie NF; Washington Trails Association', 1);
INSERT INTO public.river_reviews (river_id, username, review_date, stars, body, is_seed) VALUES ('sauk', 'sauk_fall_paddler', 'Oct 2024', 5, 'Darrington to Rockport at 4,000 cfs — pink salmon pushing through every riffle, eagles above, no other boats. Most wildlife-rich float in the Cascades.', true);
INSERT INTO public.river_reviews (river_id, username, review_date, stars, body, is_seed) VALUES ('sauk', 'skagit_tributary_explorer', 'Jun 2024', 4, 'Upper Sauk near Darrington at 3,200 cfs — Class II with old-growth walls and Glacier Peak snowfields above. Pure North Cascades wilderness.', true);
INSERT INTO public.river_outfitters (river_id, name, description, link, is_seed) VALUES ('sauk', 'Cascades River Sports', 'Sauk and Skagit guided float trips', 'cascadesriversports.com', true);
INSERT INTO public.rivers (id, state_key, name, county, length, class, optimal_cfs, usgs_gauge, avg_cfs, hist_flow, map_x, map_y, description, designations, sections, filter_flags) VALUES ('white_salmon', 'wa', 'White Salmon River', 'Klickitat Co.', '44 mi', 'III–V', '500–2500', '14123500', 1100, 950, 318, 78, 'The White Salmon is Washington"s premier expert whitewater river — a spring-fed, dam-free gem in the Columbia River Gorge that runs year-round. The removal of Condit Dam in 2011 restored the river to free-flowing status for the first time in a century. Husum Falls, a 14-foot Class V drop, is the signature rapid. The river"s consistent spring-fed flows make it one of the most reliable whitewater runs in the Pacific Northwest.', 'National Wild & Scenic River (1986) · Columbia River Gorge NSA', ARRAY['Upper White Salmon — Class II–III, forest headwaters','Middle White Salmon — Class III–IV, Husum Falls section','Lower White Salmon — Class III, former Condit Dam site to Columbia'], '{"ww":true,"wild":true,"pnw":true,"eastside":false}') ON CONFLICT (id) DO NOTHING;
INSERT INTO public.river_history (river_id, era, year, title, body, source, sort_order) VALUES ('white_salmon', 'native', 'Pre-contact', 'Klickitat and Yakama Territory — White Salmon', 'The White Salmon River was Klickitat and Yakama territory, a vital salmon stream entering the Columbia at one of the great fishing sites of the Pacific Northwest. The Klickitat people called the river "Kwalhx" and relied on its salmon runs. The 1855 Yakama Treaty ceded the watershed but preserved fishing rights.', 'Yakama Nation; Klickitat County Historical Society', 0);
INSERT INTO public.river_history (river_id, era, year, title, body, source, sort_order) VALUES ('white_salmon', 'modern', '2011', 'Condit Dam Removal — River Reborn', 'The explosive breach of Condit Dam in October 2011 was one of the most dramatic dam removals in American history, releasing a century of impounded sediment in minutes. Within two years, salmon had returned to the upper watershed for the first time since 1913. The removal became a national model for river restoration.', 'American Rivers; PacifiCorp; USGS', 1);
INSERT INTO public.river_reviews (river_id, username, review_date, stars, body, is_seed) VALUES ('white_salmon', 'gorge_kayaker', 'Jun 2024', 5, 'Husum Falls at 900 cfs — ran the 14-foot drop clean, then continuous Class IV below. Spring-fed and running year-round. The White Salmon is Washington"s best expert run, period.', true);
INSERT INTO public.river_reviews (river_id, username, review_date, stars, body, is_seed) VALUES ('white_salmon', 'white_salmon_regular', 'Aug 2024', 5, 'Middle section at 700 cfs — perfect summer flow. Since Condit Dam came out in 2011, this river is reborn. Salmon in the pools, eagles overhead, world-class whitewater.', true);
INSERT INTO public.river_outfitters (river_id, name, description, link, is_seed) VALUES ('white_salmon', 'Wet Planet Whitewater', 'White Salmon River rafting and kayak instruction', '', true);
INSERT INTO public.rivers (id, state_key, name, county, length, class, optimal_cfs, usgs_gauge, avg_cfs, hist_flow, map_x, map_y, description, designations, sections, filter_flags) VALUES ('tieton', 'wa', 'Tieton River', 'Yakima Co.', '25 mi', 'III–IV', '1500–3000', '12488500', 1800, 1600, 322, 82, 'The Tieton is Washington"s most unique whitewater experience — a dam-release river that runs only during the annual September drawdown of Rimrock Lake. For three to four weeks each fall, the Bureau of Reclamation releases 1,500–2,500 cfs, transforming the normally dry Tieton into continuous Class III–IV whitewater. "Flip-Flop," the signature rapid, has earned its name honestly.', 'Wenatchee National Forest', ARRAY['Rimrock Dam to Windy Point — Class III–IV, best whitewater','Windy Point to Naches — Class II–III, intermediate run'], '{"ww":true,"wild":false,"pnw":false,"eastside":true}') ON CONFLICT (id) DO NOTHING;
INSERT INTO public.river_history (river_id, era, year, title, body, source, sort_order) VALUES ('tieton', 'native', 'Pre-contact', 'Yakama Territory — Tieton Valley', 'The Tieton River valley was Yakama territory, used as a seasonal hunting and fishing corridor between the Cascade crest and the Yakima Valley. The river"s name derives from a Yakama word. The 1855 Yakama Treaty ceded the watershed to the United States.', 'Yakama Nation; Yakima Valley Museum', 0);
INSERT INTO public.river_history (river_id, era, year, title, body, source, sort_order) VALUES ('tieton', 'modern', '2023', 'Annual September Release — Whitewater Pilgrimage', 'The Tieton"s annual September dam release has become a pilgrimage for Pacific Northwest paddlers. For three to four weeks, thousands of kayakers and rafters descend on the normally quiet Tieton valley. The event generates significant economic activity for Yakima County.', 'Bureau of Reclamation; American Whitewater', 1);
INSERT INTO public.river_reviews (river_id, username, review_date, stars, body, is_seed) VALUES ('tieton', 'tieton_september', 'Sep 2024', 5, 'Tieton at 2,200 cfs during the annual release — Flip-Flop lived up to its name, two rafts went over. Continuous Class III–IV for miles. The best three weeks of the year in Washington whitewater.', true);
INSERT INTO public.river_reviews (river_id, username, review_date, stars, body, is_seed) VALUES ('tieton', 'yakima_kayaker', 'Sep 2024', 4, 'Caught the release at 1,800 cfs — perfect intermediate flow. Flip-Flop was manageable, rest of the run was continuous fun. Only runs in September, so mark your calendar.', true);
INSERT INTO public.river_outfitters (river_id, name, description, link, is_seed) VALUES ('tieton', 'River Riders', 'Tieton River September release rafting trips', '', true);
INSERT INTO public.rivers (id, state_key, name, county, length, class, optimal_cfs, usgs_gauge, avg_cfs, hist_flow, map_x, map_y, description, designations, sections, filter_flags) VALUES ('green_wa', 'wa', 'Green River', 'King Co.', '65 mi', 'I–III', '500–3000', '12113000', 1600, 1400, 326, 80, 'The Green River Gorge is the closest whitewater to Seattle — a surprising Class II–III canyon cut through sandstone just 45 minutes from downtown. The gorge section features continuous rapids, 300-foot canyon walls, and old-growth forest in a corridor that feels impossibly remote for its proximity to the metro area. Above and below the gorge, the Green offers gentle Class I floating.', 'Green River Gorge Conservation Area · King County', ARRAY['Upper Green — Headworks to Kanaskat, Class I–II, mountain run','Green River Gorge — Kanaskat to Flaming Geyser, Class II–III, best section','Lower Green — Flaming Geyser to Auburn, Class I, urban float'], '{"ww":true,"wild":false,"pnw":true,"eastside":false}') ON CONFLICT (id) DO NOTHING;
INSERT INTO public.river_history (river_id, era, year, title, body, source, sort_order) VALUES ('green_wa', 'native', 'Pre-contact', 'Duwamish and Muckleshoot Territory — Green River', 'The Green River watershed was home to the Duwamish and Muckleshoot peoples. The river"s salmon runs were among the most productive in the Puget Sound basin. The Muckleshoot Indian Tribe retains treaty fishing rights from the 1855 Point Elliott Treaty and continues to manage salmon resources on the river.', 'Muckleshoot Indian Tribe; King County Historical Society', 0);
INSERT INTO public.river_history (river_id, era, year, title, body, source, sort_order) VALUES ('green_wa', 'modern', '2020', 'Green River Gorge — Urban Wilderness Revival', 'King County"s Green River Gorge Conservation Area has expanded to protect over 1,500 acres of old-growth forest and sandstone canyon. The gorge"s proximity to Seattle (population 750,000) makes it one of the most accessible wilderness whitewater experiences in the country.', 'King County Parks; Washington Kayak Club', 1);
INSERT INTO public.river_reviews (river_id, username, review_date, stars, body, is_seed) VALUES ('green_wa', 'seattle_kayaker', 'May 2024', 5, 'Green River Gorge at 1,800 cfs — continuous Class II–III through a sandstone canyon 45 minutes from my apartment in Capitol Hill. 300-foot walls, old-growth trees, zero cell service. Seattle"s best-kept secret.', true);
INSERT INTO public.river_reviews (river_id, username, review_date, stars, body, is_seed) VALUES ('green_wa', 'gorge_regular_wa', 'Apr 2024', 4, 'Kanaskat to Flaming Geyser at 1,200 cfs — perfect intermediate run. The canyon is shockingly beautiful for being this close to the city. Saw a black bear on the bank.', true);
INSERT INTO public.river_outfitters (river_id, name, description, link, is_seed) VALUES ('green_wa', 'Northwest Whitewater Association', 'Green River Gorge group trips and instruction', '', true);
INSERT INTO public.rivers (id, state_key, name, county, length, class, optimal_cfs, usgs_gauge, avg_cfs, hist_flow, map_x, map_y, description, designations, sections, filter_flags) VALUES ('yough', 'pa', 'Youghiogheny River', 'Fayette / Somerset Co.', '132 mi', 'III–V', '1500–4000', '03076500', 2100, 1900, 510, 118, 'The ''Yough'' (pronounced ''yock'') is the crown jewel of eastern Pennsylvania whitewater — a Class III–V river that flows through the Laurel Highlands of the Allegheny Mountains. The Youghiogheny Gorge at Ohiopyle State Park is one of the most popular whitewater destinations in the eastern U.S. Three distinct sections serve every skill level.', 'Ohiopyle State Park · Pennsylvania Scenic Rivers Program', ARRAY['Lower Yough (Ohiopyle to Bruner Run) — Class III–IV, 7.5 mi, most popular in the East','Middle Yough (Confluence to Ohiopyle) — Class I–II, beginner friendly','Upper Yough (Sang Run to Friendsville MD) — Class IV–V, technical and demanding'], '{"ww":true,"wild":true,"nat":true,"scenic":false}') ON CONFLICT (id) DO NOTHING;
INSERT INTO public.river_history (river_id, era, year, title, body, source, sort_order) VALUES ('yough', 'native', 'Pre-contact', 'Lenape and Shawnee — Confluence Country', 'The Youghiogheny River valley was part of the Lenape (Delaware) and Shawnee homeland in western Pennsylvania. The word ''Youghiogheny'' derives from an Algonquian term meaning ''stream flowing in a contrary direction'' — a reference to its northward flow before joining the Monongahela.', 'Pennsylvania Historical and Museum Commission; Lenape Nation of Pennsylvania', 0);
INSERT INTO public.river_history (river_id, era, year, title, body, source, sort_order) VALUES ('yough', 'logging', '1800s–1920s', 'Connellsville Coke and the Industrial Yough', 'The lower Youghiogheny valley became the center of the American coke industry in the late 1800s. Connellsville coke — produced from the region''s thick coal seams — fueled the steel furnaces of Pittsburgh. The river was badly polluted by coal and coke operations by 1900; a century of recovery has restored its water quality remarkably.', 'Fayette County Historical Society; PADEP', 1);
INSERT INTO public.river_history (river_id, era, year, title, body, source, sort_order) VALUES ('yough', 'logging', '1754', 'Fort Necessity — French and Indian War', 'George Washington''s 1754 Battle of Fort Necessity — the opening engagement of the French and Indian War — was fought near the headwaters of the Youghiogheny. The region was contested ground between the British and French empires.', 'NPS Fort Necessity National Battlefield', 2);
INSERT INTO public.river_history (river_id, era, year, title, body, source, sort_order) VALUES ('yough', 'survey', '1978', 'Ohiopyle State Park Whitewater Management Plan', 'Pennsylvania''s landmark management plan for the Lower Yough established permit systems, safety requirements, and carrying capacities for the most-paddled whitewater in the eastern U.S.', 'Pennsylvania DCNR; Ohiopyle State Park', 3);
INSERT INTO public.river_history (river_id, era, year, title, body, source, sort_order) VALUES ('yough', 'modern', '2024', 'Lower Yough — 250,000+ Annual Paddlers', 'The Lower Yough through Ohiopyle State Park hosts over 250,000 paddlers annually, making it the most commercially rafted river in the eastern United States.', 'Pennsylvania DCNR; Ohiopyle State Park Annual Report 2024', 4);
INSERT INTO public.river_reviews (river_id, username, review_date, stars, body, is_seed) VALUES ('yough', 'ohiopyle_regular', 'Jun 2024', 5, 'Lower Yough at 2,400 cfs — Cucumber, Railroad, and Dimple Rock all throwing big waves. Most reliable Class IV in the East.', true);
INSERT INTO public.river_reviews (river_id, username, review_date, stars, body, is_seed) VALUES ('yough', 'upper_yough_veteran', 'May 2024', 5, 'Upper Yough at 1,800 cfs with a crew of 6 kayakers. Gap Falls to National Run is as good as anything in the Northeast.', true);
INSERT INTO public.river_outfitters (river_id, name, description, link, is_seed) VALUES ('yough', 'Ohiopyle State Park Outfitters', 'Lower Yough raft and kayak trips', 'ohiopyle.com', true);
INSERT INTO public.river_outfitters (river_id, name, description, link, is_seed) VALUES ('yough', 'Wilderness Voyageurs', 'Yough trips since 1964', 'wilderness-voyageurs.com', true);
INSERT INTO public.river_outfitters (river_id, name, description, link, is_seed) VALUES ('yough', 'White Water Adventurers', 'Lower, Middle and Upper Yough', 'wwaraft.com', true);
INSERT INTO public.rivers (id, state_key, name, county, length, class, optimal_cfs, usgs_gauge, avg_cfs, hist_flow, map_x, map_y, description, designations, sections, filter_flags) VALUES ('loyalsock', 'pa', 'Loyalsock Creek', 'Lycoming / Sullivan Co.', '64 mi', 'II–IV', '400–2000', '01554000', 890, 820, 580, 65, 'Hidden gem of north-central Pennsylvania. The Loyalsock flows 64 miles through the Loyalsock State Forest in the ridge-and-valley Appalachians, with dramatic rapids and gorge scenery rarely seen in the East. Exceptional paddling late March through May.', 'Pennsylvania Natural Area (World''s End State Park corridor)', ARRAY['Alpine Run to World''s End — Class II–III, gorge scenery','World''s End to Hillsgrove — Class III–IV, steepest whitewater','Lower Loyalsock to Montoursville — Class II, accessible'], '{"ww":true,"wild":false,"nat":true,"scenic":true}') ON CONFLICT (id) DO NOTHING;
INSERT INTO public.river_history (river_id, era, year, title, body, source, sort_order) VALUES ('loyalsock', 'native', 'Pre-contact', 'Lenape — ''Middle Creek'' of the Susquehanna Watershed', 'The Loyalsock watershed was Lenape (Delaware) territory, part of the broader Susquehanna corridor they called home. ''Loyalsock'' derives from the Lenape word ''Lawi-saquick'' meaning ''middle creek.''', 'Pennsylvania Historical and Museum Commission; Lenape Nation', 0);
INSERT INTO public.river_history (river_id, era, year, title, body, source, sort_order) VALUES ('loyalsock', 'logging', '1840s–1900', 'Loyalsock Log Drives — Pennsylvania''s Last Pine', 'The Loyalsock watershed contained some of the last virgin white pine and hemlock in Pennsylvania. Log drives ran the creek annually to mills at Williamsport — then the largest lumber-producing city in the world.', 'Lycoming County Historical Society; Pennsylvania Lumber Museum', 1);
INSERT INTO public.river_history (river_id, era, year, title, body, source, sort_order) VALUES ('loyalsock', 'modern', '2024', 'World''s End State Park — Year-Round Recreation Hub', 'World''s End State Park on the upper Loyalsock hosts swimming, hiking, and paddling through some of the most dramatic scenery in Pennsylvania. The canyon walls rise over 500 feet from the creek.', 'Pennsylvania DCNR', 2);
INSERT INTO public.river_reviews (river_id, username, review_date, stars, body, is_seed) VALUES ('loyalsock', 'lycoming_paddler', 'Apr 2024', 5, 'Loyalsock at 1,100 cfs — Loyalsock Falls and the gorge above World''s End are extraordinary. Best kept secret in PA paddling.', true);
INSERT INTO public.river_reviews (river_id, username, review_date, stars, body, is_seed) VALUES ('loyalsock', 'pa_creek_chaser', 'May 2024', 4, 'Hit it at 700 cfs in May — still great. The hemlock gorge walls and crystal clear water are unlike anything else in the Mid-Atlantic.', true);
INSERT INTO public.river_outfitters (river_id, name, description, link, is_seed) VALUES ('loyalsock', 'Loyalsock Adventures', 'Guided creek trips and shuttles', 'loyalsockadventures.com', true);
INSERT INTO public.rivers (id, state_key, name, county, length, class, optimal_cfs, usgs_gauge, avg_cfs, hist_flow, map_x, map_y, description, designations, sections, filter_flags) VALUES ('pinecreek', 'pa', 'Pine Creek', 'Tioga / Lycoming Co.', '73 mi', 'I–II', '300–1500', '01553500', 780, 720, 460, 50, 'The Pennsylvania Grand Canyon. Pine Creek flows 73 miles through the deepest gorge in the eastern United States — walls rising 1,000 feet above the creek, maintained as a Pennsylvania State Forest. A 62-mile rail-trail runs the entire length of the gorge.', 'Pennsylvania Grand Canyon · Tioga State Forest', ARRAY['Ansonia to Tiadaghton — 28 mi, upper gorge, most scenic','Tiadaghton to Blackwell — 25 mi, mid-gorge classic','Blackwell to Waterville — 18 mi, lower gorge and rail-trail'], '{"ww":false,"wild":false,"nat":false,"scenic":true}') ON CONFLICT (id) DO NOTHING;
INSERT INTO public.river_history (river_id, era, year, title, body, source, sort_order) VALUES ('pinecreek', 'native', 'Pre-contact', 'Seneca Iroquois — ''The Long Path'' Through the Canyon', 'The Pine Creek Gorge was within the territory of the Seneca Nation, the westernmost of the Haudenosaunee (Iroquois) Confederacy. The gorge served as a travel corridor and hunting ground. The Seneca called the region ''Tiadaghton.''', 'Seneca Nation of Indians; Pennsylvania Historical and Museum Commission', 0);
INSERT INTO public.river_history (river_id, era, year, title, body, source, sort_order) VALUES ('pinecreek', 'logging', '1850s–1920', 'The Great Pine Harvest — Williamsport Mills', 'Pine Creek was one of the most heavily used log drive routes in Pennsylvania history. Millions of board feet of white pine were driven annually to the mills at Williamsport, which by 1880 was the richest city per capita in the United States.', 'Lycoming County Historical Society; Pennsylvania Lumber Museum', 1);
INSERT INTO public.river_history (river_id, era, year, title, body, source, sort_order) VALUES ('pinecreek', 'modern', '2012', 'Pine Creek Rail-Trail — 62 Miles of Gorge Access', 'The completion of the Pine Creek Rail-Trail on the former Jersey Shore, Pine Creek & Buffalo Railroad bed created a 62-mile pathway through the gorge, making Pine Creek uniquely accessible for paddle-and-bike combinations.', 'Pennsylvania Wilds; Rails-to-Trails Conservancy', 2);
INSERT INTO public.river_documents (river_id, title, source, year, doc_type, pages, url) VALUES ('pinecreek', 'Pine Creek Corridor Management Plan', 'Tioga State Forest / PA DCNR', 2016, 'Recreation', 145, 'https://www.pa.gov/content/dam/copapwp-pagov/en/fishandboat/documents/about-us/agencyoverview/fisheries-mgmt-plans/pine-creek-plan.pdf');
INSERT INTO public.river_reviews (river_id, username, review_date, stars, body, is_seed) VALUES ('pinecreek', 'pa_grand_canyon_fan', 'Oct 2024', 5, 'Pine Creek at 900 cfs in fall color — gorge walls in red and orange, trail cyclists waving from the bank. Magical.', true);
INSERT INTO public.river_reviews (river_id, username, review_date, stars, body, is_seed) VALUES ('pinecreek', 'spring_runoff_chaser', 'Apr 2024', 5, 'April flood at 1,800 cfs — fast Class II through the canyon with walls towering overhead. Eastern paddling doesn''t get grander than this.', true);
INSERT INTO public.river_outfitters (river_id, name, description, link, is_seed) VALUES ('pinecreek', 'Pine Creek Outfitters', 'Gorge canoe trips and rail-trail shuttles', 'pinecreekoutfitters.com', true);
INSERT INTO public.river_outfitters (river_id, name, description, link, is_seed) VALUES ('pinecreek', 'Wolfe''s General Store', 'Blackwell rentals and camping', 'wolfesgeneral.com', true);
INSERT INTO public.rivers (id, state_key, name, county, length, class, optimal_cfs, usgs_gauge, avg_cfs, hist_flow, map_x, map_y, description, designations, sections, filter_flags) VALUES ('clarion', 'pa', 'Clarion River', 'Clarion / Forest Co.', '120 mi', 'I–II', '400–2000', '03031500', 1200, 1080, 420, 70, 'Pennsylvania''s most beloved canoe river outside of the Delaware — 120 miles through the Allegheny National Forest with the Clarion River Gorge delivering Class I–III paddling through a remote hemlock and hardwood canyon. Designated a National Wild & Scenic River in 1996. Outstanding smallmouth bass fishing, multiple primitive campsites, and genuine Allegheny backcountry solitude.', 'National Wild & Scenic River (1996) · Allegheny National Forest', ARRAY['Upper Clarion — Ridgway to Clarion, Class I–II, open valley','Middle Clarion (Cooksburg Gorge) — Class II–III, the best 15-mile gorge section','Lower Clarion — Class I, widening toward the Allegheny River'], '{"ww":false,"wild":true,"nat":true,"scenic":true}') ON CONFLICT (id) DO NOTHING;
INSERT INTO public.river_history (river_id, era, year, title, body, source, sort_order) VALUES ('clarion', 'native', 'Pre-contact', 'Seneca Nation — The Allegheny Highlands Homeland', 'The Clarion River watershed was Seneca (Haudenosaunee) territory in the Allegheny Highlands. The Seneca called the region part of the ''Endless Mountains.'' The river''s name derives from the French word for trumpet — early French trappers described the sound of a high waterfall in the gorge.', 'Seneca Nation of Indians; Pennsylvania Historical and Museum Commission', 0);
INSERT INTO public.river_history (river_id, era, year, title, body, source, sort_order) VALUES ('clarion', 'logging', '1820s–1900', 'Clarion Log Drives — The Last Great Pennsylvania Drives', 'The Clarion River was one of Pennsylvania''s most active log drive rivers in the 19th century. White pine and hemlock were floated downstream to mills at Oil City and Pittsburgh. The drives employed thousands of men and ended only after the forests were exhausted.', 'Forest County Historical Society; Allegheny National Forest Historical Records', 1);
INSERT INTO public.river_history (river_id, era, year, title, body, source, sort_order) VALUES ('clarion', 'modern', '1996', 'Wild & Scenic Designation — Protecting the Allegheny Forest River', 'Congress designated the Clarion as Wild & Scenic in 1996, recognizing the Cooksburg Gorge section and the remarkable ecological recovery of the Allegheny National Forest watershed. The river has rebounded from severe oil and gas pollution of the 19th and early 20th centuries.', 'USFS Allegheny NF; National Wild & Scenic Rivers (1996)', 2);
INSERT INTO public.river_documents (river_id, title, source, year, doc_type, pages, url) VALUES ('clarion', 'Clarion Wild & Scenic River Management Plan', 'USFS Allegheny NF', 2001, 'Federal', 145, 'https://www.fs.usda.gov/Internet/FSE_DOCUMENTS/stelprdb5108032.pdf');
INSERT INTO public.river_reviews (river_id, username, review_date, stars, body, is_seed) VALUES ('clarion', 'clarion_gorge_regular', 'May 2024', 5, 'Cooksburg Gorge at 900 cfs in spring — hemlock walls 300 feet high, Class II–III rapids all day, saw six herons and a river otter. Pennsylvania wild and hidden.', true);
INSERT INTO public.river_reviews (river_id, username, review_date, stars, body, is_seed) VALUES ('clarion', 'allegheny_canoeist', 'Sep 2024', 4, 'Upper Clarion from Ridgway at 600 cfs — flat and easy but beautiful farm and forest valley. Two bald eagles at the same nest tree. The ANF at its most peaceful.', true);
INSERT INTO public.river_outfitters (river_id, name, description, link, is_seed) VALUES ('clarion', 'Clarion River Kayak and Canoe', 'Clarion River Gorge rentals and shuttles', 'clarionriverkayak.com', true);
INSERT INTO public.river_outfitters (river_id, name, description, link, is_seed) VALUES ('clarion', 'Cook Forest State Park', 'Clarion access and camping, old growth forest', 'dcnr.pa.gov', true);
INSERT INTO public.rivers (id, state_key, name, county, length, class, optimal_cfs, usgs_gauge, avg_cfs, hist_flow, map_x, map_y, description, designations, sections, filter_flags) VALUES ('lehigh', 'pa', 'Lehigh River', 'Carbon / Northampton Co.', '109 mi', 'II–IV', '800–3500', '01452500', 1850, 1680, 560, 85, 'Pennsylvania''s best whitewater east of the Yough — the Lehigh Gorge delivers 26 miles of Class II–IV rapids through a dramatic 1,000-foot-deep gorge in Lehigh Gorge State Park. A 26-mile rail-trail parallels the river the entire length, creating Pennsylvania''s finest paddle-and-bike combination. Best on dam releases from Francis E. Walter Reservoir.', 'Lehigh Gorge State Park · Francis E. Walter Dam Recreation Releases', ARRAY['White Haven to Jim Thorpe — 26 mi, Lehigh Gorge, Class II–IV, the classic','Above White Haven — Class I–II, upper approach','Below Jim Thorpe — Class I–II, widening valley to Allentown'], '{"ww":true,"wild":false,"nat":false,"scenic":true}') ON CONFLICT (id) DO NOTHING;
INSERT INTO public.river_history (river_id, era, year, title, body, source, sort_order) VALUES ('lehigh', 'native', 'Pre-contact', 'Lenape — The Lehigh Valley Homeland', 'The Lehigh River (Lechauwitank in Lenape — ''fork river'') was at the center of Lenape (Delaware) territory in eastern Pennsylvania. The Lehigh Valley supported large Lenape communities before European contact. ''Jim Thorpe'' (originally Mauch Chunk) was a major Lenape trading site.', 'Lenape Nation of Pennsylvania; Pennsylvania Historical and Museum Commission', 0);
INSERT INTO public.river_history (river_id, era, year, title, body, source, sort_order) VALUES ('lehigh', 'logging', '1820s–1870', 'Lehigh Coal & Navigation — The Coal Artery', 'The Lehigh Navigation System (completed 1829) transformed the river into a coal highway, carrying anthracite from the Schuylkill and Carbon County mines to Philadelphia. The canal system used 57 lift locks over 72 miles. It was superseded by the Lehigh Valley Railroad in the 1870s.', 'Lehigh County Historical Society; Historic Bethlehem', 1);
INSERT INTO public.river_history (river_id, era, year, title, body, source, sort_order) VALUES ('lehigh', 'modern', '2023', 'Lehigh Gorge Rail Trail — 26 Miles of Gorge Access', 'The Lehigh Gorge Rail Trail on the former Central Railroad of New Jersey grade provides a 26-mile corridor parallel to the river, enabling unique paddle-and-bike combinations. USACE Francis Walter Dam releases create reliable whitewater conditions from April through October.', 'Pennsylvania DCNR; USACE', 2);
INSERT INTO public.river_reviews (river_id, username, review_date, stars, body, is_seed) VALUES ('lehigh', 'lehigh_gorge_annual', 'Apr 2024', 5, 'White Haven to Jim Thorpe at 2,400 cfs on a dam release — 26 miles of Class III bouncing off the gorge walls, rail-trail bikers cheering from the bank. Best dam-release river in the East.', true);
INSERT INTO public.river_reviews (river_id, username, review_date, stars, body, is_seed) VALUES ('lehigh', 'jim_thorpe_local', 'May 2024', 4, 'Upper gorge at 1,800 cfs — fun Class II–III all day. The railroad grade trail is perfectly maintained. Finished with pierogies in Jim Thorpe.', true);
INSERT INTO public.river_outfitters (river_id, name, description, link, is_seed) VALUES ('lehigh', 'Jim Thorpe River Adventures', 'Lehigh Gorge guided trips and rentals', 'jtraft.com', true);
INSERT INTO public.river_outfitters (river_id, name, description, link, is_seed) VALUES ('lehigh', 'Pocono Whitewater', 'Lehigh Gorge rafting since 1980', 'poconowhitewater.com', true);
INSERT INTO public.rivers (id, state_key, name, county, length, class, optimal_cfs, usgs_gauge, avg_cfs, hist_flow, map_x, map_y, description, designations, sections, filter_flags) VALUES ('delaware_pa', 'pa', 'Delaware River — Upper', 'Pike / Monroe Co.', '70 mi', 'I–II', '2000–8000', '01439500', 4200, 3800, 590, 50, 'The upper Delaware is one of the finest free-flowing rivers in the eastern U.S. — 70 miles of National Wild & Scenic River along the Pennsylvania-New Jersey border through the Delaware Water Gap National Recreation Area. Winter bald eagle concentrations here are among the highest in the Northeast. Gentle Class I–II water is ideal for multi-day canoe camping and eagle watching.', 'National Wild & Scenic River (1978) · Delaware Water Gap National Recreation Area', ARRAY['Hancock to Narrowsburg — 30 mi, remote and wild, eagle territory','Narrowsburg to Milford — 25 mi, Class I–II, scenic bluffs','Milford to Delaware Water Gap — 15 mi, most popular section'], '{"ww":false,"wild":true,"nat":false,"scenic":true}') ON CONFLICT (id) DO NOTHING;
INSERT INTO public.river_history (river_id, era, year, title, body, source, sort_order) VALUES ('delaware_pa', 'native', 'Pre-contact', 'Lenape Homeland — Lenapehocking', 'The Delaware River watershed was the heart of Lenape (Delaware) territory — Lenapehocking. The upper river sustained large Lenape communities for thousands of years. European contact and the 1737 Walking Purchase dispossessed the Lenape from most of their homeland along the river.', 'Lenape Nation of Pennsylvania; Delaware Water Gap NRA', 0);
INSERT INTO public.river_history (river_id, era, year, title, body, source, sort_order) VALUES ('delaware_pa', 'modern', '1978', 'Wild & Scenic Designation — Protecting the Upper Delaware', 'Congress designated 73.4 miles of the upper Delaware as Wild & Scenic in 1978, protecting one of the last free-flowing stretches of the river. The designation halted dam proposals that would have flooded the valley. Today the corridor supports one of the densest wintering bald eagle populations in the eastern U.S.', 'NPS Upper Delaware Scenic and Recreational River; National Wild & Scenic Rivers Council', 1);
INSERT INTO public.river_reviews (river_id, username, review_date, stars, body, is_seed) VALUES ('delaware_pa', 'upper_delaware_paddler', 'Jul 2024', 5, 'Hancock to Narrowsburg in two days — bald eagles on every bend, Class I riffles, zero development. The upper Delaware is the most underrated canoe trip in the Northeast.', true);
INSERT INTO public.river_reviews (river_id, username, review_date, stars, body, is_seed) VALUES ('delaware_pa', 'pike_county_kayaker', 'Jun 2024', 4, 'Milford to the Gap at 3,500 cfs — gentle Class I–II all day through spectacular bluffs. Perfect family river.', true);
INSERT INTO public.river_outfitters (river_id, name, description, link, is_seed) VALUES ('delaware_pa', 'Kittatinny Canoes', 'Upper Delaware rentals and shuttles since 1941', '', true);
INSERT INTO public.rivers (id, state_key, name, county, length, class, optimal_cfs, usgs_gauge, avg_cfs, hist_flow, map_x, map_y, description, designations, sections, filter_flags) VALUES ('susquehanna', 'pa', 'Susquehanna River', 'Northumberland / Dauphin Co.', '444 mi', 'I–II', '5000–30000', '01570500', 24800, 22500, 540, 80, 'The longest river on the East Coast at 444 miles — the Susquehanna drains nearly half of Pennsylvania on its way to the Chesapeake Bay. The river passes through Harrisburg, the state capital, where dramatic Class I–II ledges at City Island create an urban paddling playground. Wide, shallow, and island-studded, the Susquehanna is Pennsylvania"s big-water canoe river.', 'Pennsylvania Scenic Rivers Program · Captain John Smith Chesapeake NHT', ARRAY['Sunbury to Harrisburg — 60 mi, island-studded, wide Class I','Harrisburg — City Island ledges, urban Class I–II','Below Harrisburg to Chesapeake — tidal transition'], '{"ww":false,"wild":false,"nat":false,"scenic":true}') ON CONFLICT (id) DO NOTHING;
INSERT INTO public.river_history (river_id, era, year, title, body, source, sort_order) VALUES ('susquehanna', 'native', 'Pre-contact', 'Susquehannock People — River of the Susquehannock', 'The Susquehannock (Conestoga) people gave the river its name. They were a powerful Iroquoian-speaking nation that controlled the lower Susquehanna valley. European disease and warfare devastated the Susquehannock by the late 1600s, and the survivors were absorbed into the Haudenosaunee Confederacy.', 'Pennsylvania Historical and Museum Commission; Smithsonian Institution', 0);
INSERT INTO public.river_history (river_id, era, year, title, body, source, sort_order) VALUES ('susquehanna', 'logging', '1830s–1900', 'Susquehanna Lumber Rafts — The Great Drives', 'The Susquehanna was Pennsylvania"s primary lumber highway. Massive timber rafts up to 200 feet long were floated from the northern forests to Chesapeake Bay markets. The West Branch alone floated an estimated 300 million board feet annually at peak. The log drives ended by 1900 as the great forests were exhausted.', 'Lycoming County Historical Society; Pennsylvania Lumber Museum', 1);
INSERT INTO public.river_reviews (river_id, username, review_date, stars, body, is_seed) VALUES ('susquehanna', 'harrisburg_river_rat', 'Aug 2024', 4, 'City Island at 12,000 cfs — surfable ledges right in downtown Harrisburg. The Susquehanna is a mile wide and a foot deep, as they say, but the city stretch delivers.', true);
INSERT INTO public.river_reviews (river_id, username, review_date, stars, body, is_seed) VALUES ('susquehanna', 'pa_big_water_paddler', 'Jun 2024', 4, 'Sunbury to Harrisburg in three days — hundreds of islands, herons on every one. Pennsylvania"s most overlooked canoe trip.', true);
INSERT INTO public.river_outfitters (river_id, name, description, link, is_seed) VALUES ('susquehanna', 'Susquehanna River Trail Association', 'Susquehanna water trail maps and access', '', true);
INSERT INTO public.rivers (id, state_key, name, county, length, class, optimal_cfs, usgs_gauge, avg_cfs, hist_flow, map_x, map_y, description, designations, sections, filter_flags) VALUES ('schuylkill', 'pa', 'Schuylkill River', 'Berks / Montgomery Co.', '128 mi', 'I–II', '500–3000', '01474500', 1650, 1480, 555, 90, 'The Schuylkill ("hidden river" in Dutch) flows 128 miles from the coal regions of Schuylkill County to the Delaware River in Philadelphia. The 75-mile Schuylkill River Trail parallels the river from Pottsville to Philadelphia — one of the premier multi-use trails in the eastern U.S. The river has undergone a dramatic environmental recovery from its coal-mining past.', 'Schuylkill River Heritage Area · Schuylkill River Trail · National Heritage Area', ARRAY['Upper Schuylkill — Pottsville to Reading, Class I–II, coal country recovery','Reading to Pottstown — Class I, scenic farmland','Valley Forge to Philadelphia — Class I, urban heritage corridor'], '{"ww":false,"wild":false,"nat":false,"scenic":true}') ON CONFLICT (id) DO NOTHING;
INSERT INTO public.river_history (river_id, era, year, title, body, source, sort_order) VALUES ('schuylkill', 'native', 'Pre-contact', 'Lenape — Ganshowahanna (Falling Water River)', 'The Lenape called the river Ganshowahanna. The Schuylkill valley was home to Lenape communities for thousands of years before European contact. Dutch explorers named it "Schuylkill" (hidden creek) because its mouth was concealed behind an island in the Delaware.', 'Lenape Nation of Pennsylvania; Schuylkill River Heritage Area', 0);
INSERT INTO public.river_history (river_id, era, year, title, body, source, sort_order) VALUES ('schuylkill', 'logging', '1820s–1930s', 'Anthracite Coal — The Schuylkill Navigation', 'The Schuylkill Navigation Company (chartered 1815) built a canal system to carry anthracite coal from the Schuylkill County mines to Philadelphia. By 1845 the Schuylkill was the primary artery for Pennsylvania"s anthracite industry. Coal-era pollution devastated the river for over a century.', 'Schuylkill River Heritage Area; Berks County Historical Society', 1);
INSERT INTO public.river_reviews (river_id, username, review_date, stars, body, is_seed) VALUES ('schuylkill', 'schuylkill_trail_paddler', 'Sep 2024', 4, 'Reading to Pottstown at 1,200 cfs — gentle Class I through farmland with the Schuylkill River Trail alongside. The river"s recovery from coal-era pollution is remarkable.', true);
INSERT INTO public.river_reviews (river_id, username, review_date, stars, body, is_seed) VALUES ('schuylkill', 'philly_river_explorer', 'Oct 2024', 4, 'Manayunk to Boathouse Row at 800 cfs — paddling into Philadelphia past the art museum. Schuylkill at its most urban and historic.', true);
INSERT INTO public.river_outfitters (river_id, name, description, link, is_seed) VALUES ('schuylkill', 'Schuylkill River Greenways', 'Schuylkill River access and trail information', '', true);
INSERT INTO public.rivers (id, state_key, name, county, length, class, optimal_cfs, usgs_gauge, avg_cfs, hist_flow, map_x, map_y, description, designations, sections, filter_flags) VALUES ('flathead', 'mt', 'Flathead River — Middle Fork', 'Flathead / Glacier Co.', '94 mi', 'I–IV', '2000–8000', '12358500', 3400, 3100, 165, 55, 'One of the most spectacular wilderness river corridors in the American West — flows along the southern boundary of Glacier National Park and through the Great Bear Wilderness. Bears (both black and grizzly), mountain goats, moose, and wolves inhabit the corridor.', 'National Wild & Scenic River · Great Bear Wilderness · Glacier National Park boundary', ARRAY['Upper Middle Fork — Schafer Meadows to Moccasin, remote wilderness float','Middle section — Spruce Park to Bear Creek, Class II–III','Lower Middle Fork — Bear Creek to Columbia Falls, Class III–IV'], '{"ww":true,"wild":true,"remote":true,"fishing":true}') ON CONFLICT (id) DO NOTHING;
INSERT INTO public.river_history (river_id, era, year, title, body, source, sort_order) VALUES ('flathead', 'native', 'Pre-contact', 'Blackfeet (Niitsitapi) and Salish-Kootenai — Glacier Country', 'The Flathead River watershed was shared territory of the Blackfeet Nation and the Confederated Salish and Kootenai Tribes. The Blackfeet, who called themselves Niitsitapi (''real people''), held the Rocky Mountain Front east of the Continental Divide. The 1855 Hellgate Treaty established the Flathead Reservation and ceded vast territories.', 'Blackfeet Nation; Confederated Salish and Kootenai Tribes', 0);
INSERT INTO public.river_history (river_id, era, year, title, body, source, sort_order) VALUES ('flathead', 'survey', '1976', 'Wild & Scenic River Designation — Middle Fork', 'Congress designated the Middle Fork Flathead as a Wild & Scenic River in 1976, protecting the 94-mile corridor from development and dam proposals.', 'Wild & Scenic Rivers Act Amendments (1976)', 1);
INSERT INTO public.river_history (river_id, era, year, title, body, source, sort_order) VALUES ('flathead', 'modern', '2023', 'Grizzly Bear Density — Highest in Lower 48', 'The Flathead valley and surrounding wildlands host the highest density of grizzly bears in the contiguous United States. Bear canisters and proper food storage are required on permitted river trips.', 'USFWS Grizzly Bear Recovery Program; Flathead NF', 2);
INSERT INTO public.river_documents (river_id, title, source, year, doc_type, pages, url) VALUES ('flathead', 'Middle Fork Flathead Wild & Scenic River Management Plan', 'Flathead NF', 2004, 'Federal', 145, 'https://www.rivers.gov/sites/rivers/files/documents/plans/flathead-plan.pdf');
INSERT INTO public.river_reviews (river_id, username, review_date, stars, body, is_seed) VALUES ('flathead', 'glacier_boundary_paddler', 'Jul 2024', 5, 'Middle Fork at 4,800 cfs — flew into Schafer Meadows, 5-day float to West Glacier. Grizzly on the bank twice, mountain goats on cliffs above Spruce Park. Nothing else in the lower 48 compares.', true);
INSERT INTO public.river_reviews (river_id, username, review_date, stars, body, is_seed) VALUES ('flathead', 'great_bear_vet', 'Aug 2024', 5, 'Upper section was biblical. No trail, no roads, no other groups. Just the river, the forest, and the mountains. And a griz eating berries 30 yards off the bank on Day 3.', true);
INSERT INTO public.river_outfitters (river_id, name, description, link, is_seed) VALUES ('flathead', 'Glacier Raft Company', 'Middle Fork Flathead trips, all levels', 'glacierraftco.com', true);
INSERT INTO public.river_outfitters (river_id, name, description, link, is_seed) VALUES ('flathead', 'Wild River Adventures', 'Multi-day Middle Fork expeditions', 'wildrivermt.com', true);
INSERT INTO public.rivers (id, state_key, name, county, length, class, optimal_cfs, usgs_gauge, avg_cfs, hist_flow, map_x, map_y, description, designations, sections, filter_flags) VALUES ('gallatin', 'mt', 'Gallatin River', 'Gallatin Co.', '120 mi', 'I–IV', '600–3000', '06043500', 1100, 980, 320, 130, 'Flows from Yellowstone National Park through Big Sky and Bozeman to the Missouri River. Immortalized in ''A River Runs Through It'' (filmed partly on the Gallatin and nearby Blackfoot). World-class whitewater above Big Sky, blue-ribbon trout fishing below.', 'Blue-Ribbon Trout Stream (Montana FWP) · Yellowstone National Park headwaters', ARRAY['Yellowstone Park headwaters — Class I–II, wildlife-rich','Big Sky Canyon — Class III–IV, the best whitewater','Gallatin Gateway to Bozeman — Class II–III, popular family run','Lower Gallatin — Class I–II, fly-fishing country'], '{"ww":true,"wild":false,"remote":false,"fishing":true}') ON CONFLICT (id) DO NOTHING;
INSERT INTO public.river_history (river_id, era, year, title, body, source, sort_order) VALUES ('gallatin', 'native', 'Pre-contact', 'Crow (Apsáalooke) and Blackfeet — Yellowstone Country', 'The Gallatin River flows from Yellowstone, the ancestral homeland of the Crow (Apsáalooke) Nation and a shared hunting territory with the Blackfeet and Shoshone. Lewis and Clark''s 1806 return journey passed through the Gallatin Valley.', 'Crow Nation; Yellowstone National Park; Montana Historical Society', 0);
INSERT INTO public.river_history (river_id, era, year, title, body, source, sort_order) VALUES ('gallatin', 'survey', '1982', 'Designated Montana Blue-Ribbon Trout Stream', 'Montana Fish, Wildlife and Parks designated the Gallatin as a Blue-Ribbon Trout Stream, recognizing its exceptional wild trout populations and regulating angling to protect the fishery.', 'Montana FWP', 1);
INSERT INTO public.river_history (river_id, era, year, title, body, source, sort_order) VALUES ('gallatin', 'modern', '1992', '''A River Runs Through It'' — Montana''s River in American Culture', 'Robert Redford''s 1992 film — based on Norman Maclean''s novella and filmed partly on the Gallatin, Blackfoot, and Yellowstone rivers — placed Montana fly-fishing in the American imagination.', 'Norman Maclean Foundation; Redford Productions', 2);
INSERT INTO public.river_reviews (river_id, username, review_date, stars, body, is_seed) VALUES ('gallatin', 'big_sky_kayaker', 'Jun 2024', 5, 'Big Sky Canyon at 1,800 cfs — House Rock and Mad Mile both pumping. Snowcapped peaks above and crystal water below. Montana delivered.', true);
INSERT INTO public.river_reviews (river_id, username, review_date, stars, body, is_seed) VALUES ('gallatin', 'gallatin_fly_guide', 'Sep 2024', 5, 'Blue-ribbon brown trout float below Bozeman — 20-inch fish visible in every pool. Maclean would have wept.', true);
INSERT INTO public.river_outfitters (river_id, name, description, link, is_seed) VALUES ('gallatin', 'Montana Whitewater', 'Gallatin Canyon rafting since 1976', 'montanawhitewater.com', true);
INSERT INTO public.river_outfitters (river_id, name, description, link, is_seed) VALUES ('gallatin', 'Geyser Whitewater', 'All Gallatin sections', 'geyserwhitewater.com', true);
INSERT INTO public.rivers (id, state_key, name, county, length, class, optimal_cfs, usgs_gauge, avg_cfs, hist_flow, map_x, map_y, description, designations, sections, filter_flags) VALUES ('blackfoot', 'mt', 'Blackfoot River', 'Powell / Missoula Co.', '132 mi', 'I–II', '1500–5000', '12340000', 2200, 2000, 240, 115, '''A River Runs Through It'' country. Norman Maclean''s Blackfoot River flows 132 miles from the Continental Divide to the Clark Fork near Missoula. A beloved recreation river restored through a landmark conservation partnership. Exceptional fly-fishing, continuous Class II–III whitewater in spring, and access to some of the last wild bull trout habitat in the lower 48.', 'Blackfoot Challenge Conservation Area · Montana Blue-Ribbon Trout Stream', ARRAY['Upper Blackfoot — Landers Fork to Lincoln, Class I–II','Middle Blackfoot — Lincoln to Clearwater junction, Class II–III','Lower Blackfoot — Clearwater to Clark Fork, the Maclean water'], '{"ww":false,"wild":false,"remote":false,"fishing":true}') ON CONFLICT (id) DO NOTHING;
INSERT INTO public.river_history (river_id, era, year, title, body, source, sort_order) VALUES ('blackfoot', 'native', 'Pre-contact', 'Blackfeet and Salish — ''The River of the Road to the Buffalo''', 'The Blackfoot River was named by early settlers for the Blackfoot (Blackfeet) Nation, who used the river corridor as a route to the buffalo plains east of the Rockies. The Salish people (Séliš) also inhabited the valley.', 'Confederated Salish and Kootenai Tribes; Blackfeet Nation', 0);
INSERT INTO public.river_history (river_id, era, year, title, body, source, sort_order) VALUES ('blackfoot', 'logging', '1880s–1970s', 'Mining and Timber — Near Destruction of the Fishery', 'Copper mining at Anaconda and chrome mining throughout the upper watershed severely degraded the Blackfoot''s water quality in the 20th century. By the 1980s, the famed wild bull trout and westslope cutthroat populations had collapsed. The recovery story is one of the most remarkable in American conservation.', 'Blackfoot Challenge; Montana Trout Unlimited', 1);
INSERT INTO public.river_history (river_id, era, year, title, body, source, sort_order) VALUES ('blackfoot', 'survey', '1993', 'Blackfoot Challenge Founded — Landmark Collaborative Conservation', 'The Blackfoot Challenge was established as a voluntary collaborative among landowners, agencies, and conservation organizations — one of the first watershed-scale conservation partnerships in the West. It has protected over 300,000 acres and restored much of the river''s historic fishery.', 'Blackfoot Challenge; The Nature Conservancy', 2);
INSERT INTO public.river_history (river_id, era, year, title, body, source, sort_order) VALUES ('blackfoot', 'modern', '1992', 'Norman Maclean and ''A River Runs Through It''', 'The Blackfoot River is the setting of Norman Maclean''s ''A River Runs Through It'' — the most celebrated piece of American river writing. Published posthumously and turned into a film, it placed the Blackfoot permanently in American literary and cultural consciousness.', 'Norman Maclean Foundation; University of Chicago Press', 3);
INSERT INTO public.river_documents (river_id, title, source, year, doc_type, pages, url) VALUES ('blackfoot', 'Blackfoot River Fisheries Assessment', 'Montana FWP', 2020, 'Ecology', 85, 'https://fwp.mt.gov/binaries/content/assets/fwp/conservation/fisheries-management/statewide-fisheries-management-plan-2023-2026/2.07_blackfoot-river-drainage.pdf');
INSERT INTO public.river_reviews (river_id, username, review_date, stars, body, is_seed) VALUES ('blackfoot', 'maclean_water_pilgrim', 'Jul 2024', 5, 'Floated the Maclean water above Missoula. Every bend felt like a sentence from the book. Wild cutthroat rising to PMDs. Spiritual experience.', true);
INSERT INTO public.river_reviews (river_id, username, review_date, stars, body, is_seed) VALUES ('blackfoot', 'blackfoot_local_mt', 'Jun 2024', 4, 'Middle Blackfoot at 2,800 cfs in June — continuous Class II with constant wildlife. Osprey, eagles, deer, and a black bear swimming across above Johnsrud.', true);
INSERT INTO public.river_outfitters (river_id, name, description, link, is_seed) VALUES ('blackfoot', 'Ten Spoon Winery & Vineyard', 'Blackfoot float-and-wine packages', 'tenspoon.com', true);
INSERT INTO public.river_outfitters (river_id, name, description, link, is_seed) VALUES ('blackfoot', 'Missoula Paddleheads', 'Blackfoot canoe and kayak rentals', 'missoulapaddleheads.com', true);
INSERT INTO public.rivers (id, state_key, name, county, length, class, optimal_cfs, usgs_gauge, avg_cfs, hist_flow, map_x, map_y, description, designations, sections, filter_flags) VALUES ('missouri_mt', 'mt', 'Missouri River — Upper Missouri Breaks', 'Chouteau / Blaine / Phillips Co.', '149 mi', 'I', '5000–15000', '06054500', 9200, 8500, 378, 38, 'The most historically significant float in North America — Lewis and Clark paddled these exact 149 miles through the Upper Missouri Breaks in May 1805. The river flows through one of the largest remaining areas of shortgrass prairie wilderness in the world, past white sandstone formations, pronghorn antelope, bighorn sheep, and bald eagles. Changed almost nothing in 220 years.', 'Upper Missouri River Breaks National Monument · National Wild & Scenic River · Lewis & Clark National Historic Trail', ARRAY['Fort Benton to Coal Banks Landing — Class I, historical starting point, white cliffs','Coal Banks to Judith Landing — Class I, most remote, badlands and wildlife','Judith Landing to Fred Robinson Bridge — Class I, Lower Breaks, lower canyon'], '{"ww":false,"wild":true,"remote":true,"fishing":false}') ON CONFLICT (id) DO NOTHING;
INSERT INTO public.river_history (river_id, era, year, title, body, source, sort_order) VALUES ('missouri_mt', 'native', 'Pre-contact', 'Blackfeet, Assiniboine, Gros Ventre — The Upper Missouri Nations', 'The Upper Missouri Breaks were shared territory of the Blackfeet (Niitsitapi), Assiniboine, and Gros Ventre peoples. The river was the primary highway of the Northern Plains. Buffalo herds numbering in the millions grazed the breaks; the river''s cottonwood galleries provided shelter and fuel.', 'Blackfeet Nation; Fort Belknap Indian Reservation; Montana Historical Society', 0);
INSERT INTO public.river_history (river_id, era, year, title, body, source, sort_order) VALUES ('missouri_mt', 'logging', '1805', 'Lewis and Clark — ''The Gates of the Rocky Mountains''', 'Meriwether Lewis wrote in May 1805 that the white cliffs of the Missouri Breaks were the most extraordinary scenery he had witnessed. The expedition floated this exact 149-mile corridor on their way to the Pacific. The landscape has changed almost imperceptibly since.', 'Lewis and Clark Journals; Gary E. Moulton ed. (University of Nebraska Press, 1988)', 1);
INSERT INTO public.river_history (river_id, era, year, title, body, source, sort_order) VALUES ('missouri_mt', 'modern', '2001', 'Upper Missouri River Breaks National Monument', 'President Clinton designated 377,000 acres of the Upper Missouri Breaks as a National Monument in January 2001 — protecting the most intact stretch of the Lewis and Clark Trail and one of the last remaining shortgrass prairie ecosystems in North America.', 'BLM Montana; National Monuments Designation Record (2001)', 2);
INSERT INTO public.river_documents (river_id, title, source, year, doc_type, pages, url) VALUES ('missouri_mt', 'Upper Missouri National Wild & Scenic River Management Plan', 'BLM Montana', 2008, 'Federal', 245, 'https://rivers.gov/sites/rivers/files/documents/plans/upper-missouri-plan.pdf');
INSERT INTO public.river_documents (river_id, title, source, year, doc_type, pages, url) VALUES ('missouri_mt', 'Upper Missouri Breaks National Monument Resource Management Plan', 'BLM', 2008, 'Federal', 320, 'https://npshistory.com/publications/blm/upper-missouri-river-breaks/rod-armp-2008.pdf');
INSERT INTO public.river_reviews (river_id, username, review_date, stars, body, is_seed) VALUES ('missouri_mt', 'lewis_clark_route_paddler', 'Jun 2024', 5, 'Fort Benton to Judith Landing in five days — pronghorn on every bench, white cliffs glowing at sunset, a golden eagle riding thermals above camp. I floated over Lewis and Clark''s exact campsites. Humbling beyond description.', true);
INSERT INTO public.river_reviews (river_id, username, review_date, stars, body, is_seed) VALUES ('missouri_mt', 'breaks_wilderness_canoeist', 'Jul 2024', 5, '150 miles of Class I and not a moment of boredom. The landscape talks. No roads, no people for days at a time. Montana''s secret masterpiece.', true);
INSERT INTO public.river_outfitters (river_id, name, description, link, is_seed) VALUES ('missouri_mt', 'Missouri River Canoe Company', 'Fort Benton-based Missouri Breaks trips', 'montanacanoe.com', true);
INSERT INTO public.river_outfitters (river_id, name, description, link, is_seed) VALUES ('missouri_mt', 'Upper Missouri River Guides', 'Lewis & Clark route canoe expeditions', 'uppermissouri.com', true);
INSERT INTO public.rivers (id, state_key, name, county, length, class, optimal_cfs, usgs_gauge, avg_cfs, hist_flow, map_x, map_y, description, designations, sections, filter_flags) VALUES ('stillwater', 'mt', 'Stillwater River', 'Stillwater / Park Co.', '80 mi', 'II–III', '800–3500', '06209500', 1400, 1280, 382, 92, 'Drains the Beartooth Mountains (one of the highest mountain ranges in the U.S.) through the Absaroka-Beartooth Wilderness to Columbus. The upper river through the Beartooth canyon delivers Class III–IV whitewater in a spectacular alpine gorge; the lower river is a blue-ribbon trout stream in classic Paradise Valley-adjacent scenery. World-class fly fishing for brown and rainbow trout.', 'Absaroka-Beartooth Wilderness (headwaters) · Montana Blue-Ribbon Trout Stream', ARRAY['Upper Stillwater — Beartooth canyon, Class III–IV, wilderness','Absaroka to Nye — Class II–III, mountain valley transition','Nye to Columbus — Class I–II, lower river, blue-ribbon fishing'], '{"ww":true,"wild":false,"remote":false,"fishing":true}') ON CONFLICT (id) DO NOTHING;
INSERT INTO public.river_history (river_id, era, year, title, body, source, sort_order) VALUES ('stillwater', 'native', 'Pre-contact', 'Crow (Apsáalooke) — ''The Beartooth People''', 'The Stillwater River watershed lies at the western edge of the Crow Nation''s ancestral territory. The Beartooth Mountains were a spiritual landscape for the Apsáalooke, and the Stillwater valley provided abundant elk, deer, and bison hunting.', 'Crow Nation; Stillwater County Historical Society', 0);
INSERT INTO public.river_history (river_id, era, year, title, body, source, sort_order) VALUES ('stillwater', 'logging', '1890s–1920', 'Stillwater Mine — Palladium and Platinum', 'The Stillwater Complex along the upper river is one of the only deposits of palladium and platinum in North America. The Stillwater Mine (opened 1986) remains the only U.S. producer of platinum group metals, operating under strict environmental oversight.', 'Stillwater Mine (Sibanye-Stillwater); Montana Bureau of Mines and Geology', 1);
INSERT INTO public.river_history (river_id, era, year, title, body, source, sort_order) VALUES ('stillwater', 'modern', '2024', 'Beartooth Highway — Gateway to the Upper Canyon', 'US-212, the Beartooth Highway (called ''the most beautiful road in America'' by Charles Kuralt), provides access to the upper Stillwater watershed. The highway''s seasonal closure — typically mid-October to Memorial Day — concentrates paddling season on spring snowmelt.', 'Montana DOT; US Forest Service Custer-Gallatin NF', 2);
INSERT INTO public.river_reviews (river_id, username, review_date, stars, body, is_seed) VALUES ('stillwater', 'beartooth_paddler', 'Jun 2024', 5, 'Stillwater canyon at 2,800 cfs — snowmelt, Class III walls, Beartooth peaks visible above. One of Montana''s best-kept secrets. Zero other paddlers all day.', true);
INSERT INTO public.river_reviews (river_id, username, review_date, stars, body, is_seed) VALUES ('stillwater', 'columbus_mt_local', 'Jul 2024', 4, 'Lower Stillwater below Absaroka at 1,200 cfs — blue-ribbon rainbow trout in gin-clear water. The drift boat scene here rivals anything on the Yellowstone.', true);
INSERT INTO public.river_outfitters (river_id, name, description, link, is_seed) VALUES ('stillwater', 'Absaroka Fly Fishing', 'Stillwater River guided float fishing', 'absarokaflyfishing.com', true);
INSERT INTO public.river_outfitters (river_id, name, description, link, is_seed) VALUES ('stillwater', 'Montana Wilderness Outfitters', 'Upper Stillwater canyon trips', 'montanawildernessoutfitters.com', true);
INSERT INTO public.rivers (id, state_key, name, county, length, class, optimal_cfs, usgs_gauge, avg_cfs, hist_flow, map_x, map_y, description, designations, sections, filter_flags) VALUES ('yellowstone', 'mt', 'Yellowstone River', 'Park / Sweet Grass Co.', '692 mi', 'I–III', '2000–15000', '06192500', 7800, 7100, 340, 60, 'The longest undammed river in the contiguous United States — 692 miles from Yellowstone National Park to the Missouri River confluence. The Yellowstone flows through Paradise Valley, past Livingston and Billings, delivering world-class trout fishing and Class I–III whitewater in one of the most iconic Western landscapes.', 'Yellowstone National Park (headwaters) · Montana Blue-Ribbon Trout Stream', ARRAY['Paradise Valley — Gardiner to Livingston, Class I–III, most popular','Livingston to Big Timber — Class I–II, wide valley float','Big Timber to Columbus — Class I, prairie river transition'], '{"ww":true,"wild":false,"remote":false,"fishing":true}') ON CONFLICT (id) DO NOTHING;
INSERT INTO public.river_history (river_id, era, year, title, body, source, sort_order) VALUES ('yellowstone', 'native', 'Pre-contact', 'Crow (Apsáalooke) — ''Where the River of Yellow Stones Runs''', 'The Yellowstone River watershed was the heart of Crow (Apsáalooke) territory. The Crow called themselves Apsáalooke — "Children of the Large-Beaked Bird." The Yellowstone valley was their homeland for centuries, providing bison hunting and a natural corridor through the northern Rockies.', 'Crow Nation; Yellowstone National Park Service', 0);
INSERT INTO public.river_history (river_id, era, year, title, body, source, sort_order) VALUES ('yellowstone', 'modern', '2022', 'Historic Flooding — 500-Year Event', 'In June 2022 the Yellowstone experienced catastrophic flooding that destroyed roads and bridges in Yellowstone National Park and Paradise Valley. The flood reshaped the river channel in many areas and temporarily closed the park. Recovery efforts continue to reshape management of the river corridor.', 'USGS; NPS Yellowstone; Montana DNRC (2022)', 1);
INSERT INTO public.river_reviews (river_id, username, review_date, stars, body, is_seed) VALUES ('yellowstone', 'paradise_valley_guide', 'Jul 2024', 5, 'Gardiner to Livingston at 8,000 cfs — Yellowstone cutthroat in every run, Absaroka peaks above, and the longest undammed river in the lower 48. Montana"s crown jewel.', true);
INSERT INTO public.river_reviews (river_id, username, review_date, stars, body, is_seed) VALUES ('yellowstone', 'montana_drift_boat', 'Aug 2024', 5, 'Big Timber section at 5,000 cfs — brown trout to 24 inches on hoppers. The Yellowstone in late summer is everything fly fishing should be.', true);
INSERT INTO public.river_outfitters (river_id, name, description, link, is_seed) VALUES ('yellowstone', 'Montana Fishing Company', 'Yellowstone River guided float fishing from Livingston', '', true);
INSERT INTO public.rivers (id, state_key, name, county, length, class, optimal_cfs, usgs_gauge, avg_cfs, hist_flow, map_x, map_y, description, designations, sections, filter_flags) VALUES ('clark_fork', 'mt', 'Clark Fork', 'Missoula / Mineral Co.', '310 mi', 'I–III', '2000–10000', '12340500', 5400, 4900, 220, 100, 'Montana"s largest river by volume — the Clark Fork flows 310 miles from Butte through Missoula to Lake Pend Oreille in Idaho. The Alberton Gorge west of Missoula delivers 14 miles of Class II–III whitewater through a dramatic railroad canyon. Missoula"s urban stretch offers one of the best city float experiences in the West.', 'Montana Blue-Ribbon Trout Stream (lower reach) · Alberton Gorge Recreation Corridor', ARRAY['Missoula urban float — Class I, Brennan"s Wave surfing','Alberton Gorge — 14 mi, Class II–III, whitewater canyon','Superior to St. Regis — Class I–II, lower river'], '{"ww":true,"wild":false,"remote":false,"fishing":true}') ON CONFLICT (id) DO NOTHING;
INSERT INTO public.river_history (river_id, era, year, title, body, source, sort_order) VALUES ('clark_fork', 'native', 'Pre-contact', 'Salish (Séliš) and Pend d''Oreilles — Nmesuletkʷ (The River)', 'The Clark Fork valley was home to the Salish (Séliš) and Pend d"Oreilles peoples for thousands of years. The Missoula valley was a major gathering place. The 1855 Hellgate Treaty forced the Salish to the Flathead Reservation, ending their occupation of the Missoula valley.', 'Confederated Salish and Kootenai Tribes; Missoula County Historical Society', 0);
INSERT INTO public.river_history (river_id, era, year, title, body, source, sort_order) VALUES ('clark_fork', 'modern', '2024', 'Superfund to Surfing — Clark Fork Recovery', 'The upper Clark Fork was once one of the most polluted rivers in America — devastated by a century of copper mining in Butte and Anaconda. A massive EPA Superfund cleanup, the largest in U.S. history, has restored the river. Missoula"s Brennan"s Wave surf park on the Clark Fork is now a symbol of the river"s remarkable recovery.', 'EPA; Montana DEQ; Clark Fork Coalition (2024)', 1);
INSERT INTO public.river_reviews (river_id, username, review_date, stars, body, is_seed) VALUES ('clark_fork', 'missoula_river_rat', 'Jul 2024', 5, 'Alberton Gorge at 6,000 cfs — 14 miles of Class II–III through a railroad canyon with no road access. Best day whitewater near Missoula.', true);
INSERT INTO public.river_reviews (river_id, username, review_date, stars, body, is_seed) VALUES ('clark_fork', 'clark_fork_kayaker', 'Aug 2024', 4, 'Brennan"s Wave at 4,000 cfs — surfing in downtown Missoula. The Clark Fork"s comeback from Superfund to surf park is the best river recovery story in America.', true);
INSERT INTO public.river_outfitters (river_id, name, description, link, is_seed) VALUES ('clark_fork', 'Montana River Expeditions', 'Alberton Gorge and Clark Fork guided trips', '', true);
INSERT INTO public.rivers (id, state_key, name, county, length, class, optimal_cfs, usgs_gauge, avg_cfs, hist_flow, map_x, map_y, description, designations, sections, filter_flags) VALUES ('big_hole', 'mt', 'Big Hole River', 'Beaverhead Co.', '153 mi', 'I–II', '500–3000', '06024540', 680, 620, 310, 120, 'The "River of 10,000 Bends" — the Big Hole meanders 153 miles through one of Montana"s most remote and undeveloped valleys. Blue-Ribbon trout fishing for wild brown, rainbow, and brook trout in a landscape that looks much as it did when Lewis and Clark passed through. One of the last rivers in the lower 48 where Arctic grayling survive.', 'Montana Blue-Ribbon Trout Stream · Arctic Grayling Recovery Area', ARRAY['Upper Big Hole — Wisdom to Divide, Class I, high mountain meadow','Middle Big Hole — Divide to Melrose, Class I–II, canyon transition','Lower Big Hole to Jefferson — Class I, wide valley'], '{"ww":false,"wild":false,"remote":true,"fishing":true}') ON CONFLICT (id) DO NOTHING;
INSERT INTO public.river_history (river_id, era, year, title, body, source, sort_order) VALUES ('big_hole', 'native', 'Pre-contact', 'Shoshone and Nez Perce — The Big Hole Valley', 'The Big Hole Valley was used by Shoshone, Bannock, and Nez Perce peoples as summer hunting and gathering territory. The 1877 Battle of the Big Hole between the U.S. Army and the Nez Perce under Chief Joseph was fought along the river — one of the most tragic engagements of the Nez Perce War.', 'Big Hole National Battlefield NPS; Nez Perce Tribe', 0);
INSERT INTO public.river_history (river_id, era, year, title, body, source, sort_order) VALUES ('big_hole', 'modern', '2023', 'Arctic Grayling Conservation — Last Lower-48 Population', 'The Big Hole is home to the last remaining fluvial Arctic grayling population in the contiguous United States. A multi-agency conservation effort has stabilized the population, but the species remains a candidate for Endangered Species Act listing. The Big Hole"s cold, clean water is critical to grayling survival.', 'Montana FWP; USFWS; Big Hole Watershed Committee (2023)', 1);
INSERT INTO public.river_reviews (river_id, username, review_date, stars, body, is_seed) VALUES ('big_hole', 'big_hole_devotee', 'Jul 2024', 5, 'Wisdom to Divide at 800 cfs — 10,000 bends through high mountain meadows, wild brown trout on every cast, Bitterroot peaks above. Montana at its most remote and beautiful.', true);
INSERT INTO public.river_reviews (river_id, username, review_date, stars, body, is_seed) VALUES ('big_hole', 'grayling_seeker', 'Jun 2024', 4, 'Upper Big Hole at 600 cfs — caught three Arctic grayling in an afternoon. The last wild population in the lower 48. Handle with care.', true);
INSERT INTO public.river_outfitters (river_id, name, description, link, is_seed) VALUES ('big_hole', 'Big Hole River Outfitters', 'Guided float fishing on the Big Hole from Melrose', '', true);
INSERT INTO public.rivers (id, state_key, name, county, length, class, optimal_cfs, usgs_gauge, avg_cfs, hist_flow, map_x, map_y, description, designations, sections, filter_flags) VALUES ('nolichucky', 'tn', 'Nolichucky River', 'Unicoi / Greene Co.', '115 mi', 'III–IV', '600–3000', '03467609', 1400, 1280, 530, 95, 'The Nolichucky gorge is the deepest river gorge in the eastern United States — deeper even than the New River Gorge. Plunges through the Unaka Mountains in a 3,000-foot-deep canyon in the Pisgah National Forest. Class III–IV rapids in a remote corridor with no road access for 26 miles. One of Appalachia''s great wilderness paddling experiences.', 'Nolichucky Gorge Special Management Area · Pisgah National Forest', ARRAY['Poplar NC to Erwin TN — Class III–IV, the 26-mile gorge run','Erwin to Embreeville — Class I–II, post-gorge recovery','Lower Nolichucky — Class I, farm country'], '{"ww":true,"wild":true,"nat":true,"appalachian":true}') ON CONFLICT (id) DO NOTHING;
INSERT INTO public.river_history (river_id, era, year, title, body, source, sort_order) VALUES ('nolichucky', 'native', 'Pre-contact', 'Cherokee (Tsalagi) — ''River of Many Cliffs''', 'The Nolichucky River was Cherokee (Tsalagi) territory for thousands of years. ''Nolichucky'' derives from the Cherokee word for ''spruce tree place'' or ''rapid river with banks of shoal.'' The gorge was a spiritual landmark. The 1791 Treaty of Holston and subsequent land cessions dispossessed Cherokee from the watershed.', 'Eastern Band of Cherokee Indians; Tennessee Historical Society', 0);
INSERT INTO public.river_history (river_id, era, year, title, body, source, sort_order) VALUES ('nolichucky', 'logging', '1880s–1930s', 'Champion Paper Company and the Pisgah Forest Logging', 'The Nolichucky headwaters in North Carolina were extensively logged by Champion Paper Company in the early 20th century, with a narrow-gauge railroad penetrating the gorge for timber removal.', 'Pisgah National Forest Historical Records; Unicoi County Historical Society', 1);
INSERT INTO public.river_history (river_id, era, year, title, body, source, sort_order) VALUES ('nolichucky', 'survey', '2010', 'Nolichucky Gorge Special Management Area', 'The USFS designated the 26-mile gorge as a Special Management Area to protect the extraordinary ecological and recreational values of the roadless corridor.', 'USFS Pisgah National Forest (2010)', 2);
INSERT INTO public.river_history (river_id, era, year, title, body, source, sort_order) VALUES ('nolichucky', 'modern', '2024', 'Nolichucky Gorge — Premier Appalachian Wilderness Float', 'The Nolichucky Gorge consistently ranks among the top 10 wilderness river experiences in the eastern U.S. Shuttles require driving over Unaka Mountain on a switchback road. The remoteness is the point.', 'American Whitewater; Appalachian Trail Conservancy', 3);
INSERT INTO public.river_reviews (river_id, username, review_date, stars, body, is_seed) VALUES ('nolichucky', 'appalachian_paddler', 'May 2024', 5, 'Nolichucky at 1,800 cfs — 26 miles through the deepest gorge in the East, no roads, no people. Quarter Mile, Roostertail, Island Creek Falls. The real deal.', true);
INSERT INTO public.river_reviews (river_id, username, review_date, stars, body, is_seed) VALUES ('nolichucky', 'tn_river_devotee', 'Apr 2024', 5, 'First trip at 1,200 cfs. The shuttle drive over the mountain is an adventure in itself. The gorge walls above Quarter Mile were absolutely silent between the drops.', true);
INSERT INTO public.river_outfitters (river_id, name, description, link, is_seed) VALUES ('nolichucky', 'USA Raft', 'Nolichucky guided trips from Erwin TN', 'usaraft.com', true);
INSERT INTO public.river_outfitters (river_id, name, description, link, is_seed) VALUES ('nolichucky', 'Nantahala Outdoor Center', 'Nolichucky and regional Appalachian rivers', 'noc.com', true);
INSERT INTO public.rivers (id, state_key, name, county, length, class, optimal_cfs, usgs_gauge, avg_cfs, hist_flow, map_x, map_y, description, designations, sections, filter_flags) VALUES ('obeds', 'tn', 'Obed Wild & Scenic River', 'Cumberland / Morgan Co.', '45 mi', 'III–V', '400–2000', '03539800', 890, 820, 400, 105, 'Tennessee''s only National Wild & Scenic River — and among the best-kept secrets in eastern whitewater. The Obed and its tributaries (Clear Creek and Daddy''s Creek) cut through the Cumberland Plateau in dramatic sandstone gorges. Technical, unforgiving, and extraordinary.', 'Tennessee''s Only National Wild & Scenic River (1976) · NPS Obed Wild & Scenic River', ARRAY['Obed Junction to Nemo — Class IV–V, technical','Clear Creek Gorge — Class IV+, the hardest tributary','Daddy''s Creek — Class III–IV, most accessible section'], '{"ww":true,"wild":true,"nat":false,"appalachian":true}') ON CONFLICT (id) DO NOTHING;
INSERT INTO public.river_history (river_id, era, year, title, body, source, sort_order) VALUES ('obeds', 'native', 'Pre-contact', 'Cherokee Hunting Grounds — The Cumberland Plateau', 'The Cumberland Plateau including the Obed watershed was a vast hunting ground contested between the Cherokee, Creek (Muscogee), and later Shawnee.', 'Tennessee Historical Commission; Eastern Band of Cherokee Indians', 0);
INSERT INTO public.river_history (river_id, era, year, title, body, source, sort_order) VALUES ('obeds', 'survey', '1976', 'Wild & Scenic Designation — Tennessee''s Only', 'Congress designated the Obed and portions of Clear Creek and Daddy''s Creek as Wild & Scenic in 1976, making it Tennessee''s only river with federal Wild & Scenic protection.', 'NPS Obed Wild & Scenic River; Wild & Scenic Rivers Act (1976)', 1);
INSERT INTO public.river_history (river_id, era, year, title, body, source, sort_order) VALUES ('obeds', 'modern', '2023', 'Rock Climbing and Paddling — A Two-Sport Mecca', 'The Obed''s sandstone cliffs have become one of the premier rock climbing destinations in the Southeast alongside its whitewater reputation.', 'NPS Obed Wild & Scenic River; American Alpine Club', 2);
INSERT INTO public.river_documents (river_id, title, source, year, doc_type, pages, url) VALUES ('obeds', 'Obed Wild & Scenic River Comprehensive Management Plan', 'NPS', 2004, 'Federal', 160, 'https://www.rivers.gov/sites/rivers/files/documents/plans/obed-plan.pdf');
INSERT INTO public.river_reviews (river_id, username, review_date, stars, body, is_seed) VALUES ('obeds', 'obed_when_it_rains', 'Mar 2024', 5, 'Hit the Obed at 1,400 cfs after 3 days of rain. Obed Junction to Nemo — Class IV–V ledges in a gorgeous sandstone gorge. Tennessee''s wild secret.', true);
INSERT INTO public.river_reviews (river_id, username, review_date, stars, body, is_seed) VALUES ('obeds', 'plateau_paddler_tn', 'Apr 2024', 4, 'Clear Creek at 600 cfs — technical Class IV all day in the tightest gorge I''ve seen east of the Mississippi.', true);
INSERT INTO public.river_outfitters (river_id, name, description, link, is_seed) VALUES ('obeds', 'Obed River Outfitters', 'Crossville-based guided Obed trips', 'obedriveroutfitters.com', true);
INSERT INTO public.rivers (id, state_key, name, county, length, class, optimal_cfs, usgs_gauge, avg_cfs, hist_flow, map_x, map_y, description, designations, sections, filter_flags) VALUES ('hiwassee', 'tn', 'Hiwassee River', 'Polk / Bradley Co.', '72 mi', 'I–II', '900–3500', '03566000', 1700, 1560, 560, 120, 'One of the Southeast''s most beloved paddling rivers — flows through the Cherokee National Forest in the Blue Ridge Mountains and is regulated by releases from Apalachia Dam, creating consistent flows all summer. Outstanding for beginners and families. World-class blue-ribbon trout fishery below the dam.', 'Cherokee National Forest · John Muir Scenic Trail · Blue-Ribbon Trout Stream', ARRAY['Apalachia Dam release section — Class II–III, 5 mi, most popular','Reliance to Towee Creek — Class I–II, family float','Lower Hiwassee — Class I, wide and calm'], '{"ww":false,"wild":false,"nat":false,"appalachian":true}') ON CONFLICT (id) DO NOTHING;
INSERT INTO public.river_history (river_id, era, year, title, body, source, sort_order) VALUES ('hiwassee', 'native', 'Pre-contact', 'Cherokee (Tsalagi) — Heart of Cherokee Country', 'The Hiwassee River was at the very heart of the Cherokee Nation''s territory in the southern Appalachians. ''Hiwassee'' derives from the Cherokee ''Ayuhwasi'' meaning ''savanna'' or ''meadow.'' The great Cherokee town of Hiwassee Town stood near the river''s confluence with the Valley River. The forced removal known as the Trail of Tears (1838) displaced thousands of Cherokee from this valley.', 'Eastern Band of Cherokee Indians; Trail of Tears National Historic Trail (NPS)', 0);
INSERT INTO public.river_history (river_id, era, year, title, body, source, sort_order) VALUES ('hiwassee', 'logging', '1890s–1930s', 'Copper Basin Environmental Disaster — And Recovery', 'The Copper Basin, just south of the Hiwassee watershed near Ducktown, TN, was the site of one of the worst industrial environmental disasters in American history. Copper smelting operations deforested over 50,000 acres through sulfur dioxide emissions. Reclamation efforts beginning in the 1970s have dramatically reversed the damage.', 'USDA Forest Service; Ducktown Basin Museum', 1);
INSERT INTO public.river_history (river_id, era, year, title, body, source, sort_order) VALUES ('hiwassee', 'survey', '1968', 'John Muir Trail — Established Along the Hiwassee', 'The John Muir National Recreation Trail follows the Hiwassee River corridor for 20 miles through Cherokee National Forest, honoring Muir''s 1867 thousand-mile walk to the Gulf of Mexico.', 'USFS Cherokee National Forest', 2);
INSERT INTO public.river_history (river_id, era, year, title, body, source, sort_order) VALUES ('hiwassee', 'modern', '2023', 'TVA Dam Releases — Most Consistent Paddling in the Southeast', 'TVA Apalachia Dam releases create the most predictable Class II–III paddling in the Southeast. The Hiwassee is one of the few rivers in the region where you can call the TVA hotline, confirm a release schedule, and plan a trip days in advance.', 'TVA River Neighbors Program; American Whitewater', 3);
INSERT INTO public.river_reviews (river_id, username, review_date, stars, body, is_seed) VALUES ('hiwassee', 'hiwassee_weekly', 'Aug 2024', 5, 'Hiwassee at a TVA release of 1,800 cfs — clearest water in Tennessee, continuous Class II, cold tailwater. Best beginner to intermediate river in the Southeast.', true);
INSERT INTO public.river_reviews (river_id, username, review_date, stars, body, is_seed) VALUES ('hiwassee', 'se_paddler', 'Jul 2024', 4, 'Families, rafters, kayakers, tubers — everyone coexists on the Hiwassee. The Cherokee NF setting makes it feel like a true wilderness float.', true);
INSERT INTO public.river_outfitters (river_id, name, description, link, is_seed) VALUES ('hiwassee', 'Hiwassee Outfitters', 'Reliance TN rentals and shuttles', 'hiwasseeoutfitters.com', true);
INSERT INTO public.river_outfitters (river_id, name, description, link, is_seed) VALUES ('hiwassee', 'Nantahala Outdoor Center', 'Hiwassee guided trips', 'noc.com', true);
INSERT INTO public.rivers (id, state_key, name, county, length, class, optimal_cfs, usgs_gauge, avg_cfs, hist_flow, map_x, map_y, description, designations, sections, filter_flags) VALUES ('ocoee', 'tn', 'Ocoee River', 'Polk Co.', '8 mi', 'III–IV', '1200–2500', '03564500', 1500, 1350, 548, 122, 'Site of the 1996 Atlanta Olympics whitewater canoe/kayak events — the Ocoee is the most commercially rafted river in the South and the most technically consistent Class III–IV river in the Southeast. Dam-regulated flows from Ocoee No. 2 powerhouse create perfect year-round conditions. The 5-mile middle Ocoee section is a non-stop Class III–IV wave train through the Cherokee National Forest.', 'Cherokee National Forest · 1996 Olympic Whitewater Venue · Tennessee Scenic River', ARRAY['Upper Ocoee (Olympic Section) — Class III–IV, competition venue, best waves','Middle Ocoee — Class III–IV, 5 mi non-stop wave train, most popular','Lower Ocoee — Class II–III, below powerhouse, family-friendly'], '{"ww":true,"wild":false,"nat":false,"appalachian":true}') ON CONFLICT (id) DO NOTHING;
INSERT INTO public.river_history (river_id, era, year, title, body, source, sort_order) VALUES ('ocoee', 'native', 'Pre-contact', 'Cherokee — Ocoee River Country', '''Ocoee'' derives from a Cherokee word meaning ''blocked waterway'' or ''place of the amber liquid'' — a reference to the tannic tea-colored water from the surrounding wetlands. The Ocoee River valley was central Cherokee territory before the forced removal of the 1830s.', 'Eastern Band of Cherokee Indians; Tennessee Historical Commission', 0);
INSERT INTO public.river_history (river_id, era, year, title, body, source, sort_order) VALUES ('ocoee', 'logging', '1910–1940', 'TAPOCO and the Ocoee Dams', 'The Tallassee Power Company (TAPOCO, later TVA) built a series of dams on the Ocoee beginning in 1910 for hydroelectric power generation. The No. 2 powerhouse diverted the river through a wooden flume for decades — the riverbed ran dry until a landmark 1976 negotiation restored recreational flows.', 'Tennessee Valley Authority; Polk County Historical Society', 1);
INSERT INTO public.river_history (river_id, era, year, title, body, source, sort_order) VALUES ('ocoee', 'modern', '1996', '1996 Atlanta Olympics — Canoe/Kayak Events', 'The Ocoee hosted the canoe/kayak events for the 1996 Atlanta Olympics — the first whitewater Olympic events held in the United States. The Olympic facility on the Upper Ocoee continues to host national and international competitions.', 'USOC; TVA; Cherokee NF', 2);
INSERT INTO public.river_reviews (river_id, username, review_date, stars, body, is_seed) VALUES ('ocoee', 'ocoee_every_weekend', 'Jul 2024', 5, 'Middle Ocoee at 1,800 cfs — Double Suck, Table Saw, Diamond Splitter, and Broken Nose all on perfect line. The most reliable Class III–IV river in the Southeast.', true);
INSERT INTO public.river_reviews (river_id, username, review_date, stars, body, is_seed) VALUES ('ocoee', 'se_whitewater_circuit', 'May 2024', 4, 'Upper Olympic section at 1,400 cfs — the gate courses are still there. Five miles of technical Class IV and not a flat second.', true);
INSERT INTO public.river_outfitters (river_id, name, description, link, is_seed) VALUES ('ocoee', 'Nantahala Outdoor Center', 'Ocoee guided raft trips', 'noc.com', true);
INSERT INTO public.river_outfitters (river_id, name, description, link, is_seed) VALUES ('ocoee', 'Ocoee Outdoors', 'Ducktown TN outfitter since 1985', 'ocoeeoutdoors.com', true);
INSERT INTO public.rivers (id, state_key, name, county, length, class, optimal_cfs, usgs_gauge, avg_cfs, hist_flow, map_x, map_y, description, designations, sections, filter_flags) VALUES ('duck_river', 'tn', 'Duck River', 'Maury / Marshall / Humphreys Co.', '284 mi', 'I–II', '400–2500', '03599500', 1850, 1700, 400, 118, 'The most biologically diverse river in North America — the Duck River supports more species of freshwater fish and mussels per mile than any other river on the continent. 284 miles through the heart of middle Tennessee, flowing through some of the oldest and most continuously inhabited landscapes in eastern North America. Class I–II scenic floating through cedar glades, limestone bluffs, and agricultural bottomland.', 'Tennessee Scenic River · One of the Most Biologically Diverse Rivers in North America (NatureServe)', ARRAY['Upper Duck — Shelbyville to Lewisburg, Class I–II, scenic limestone bluffs','Middle Duck — Columbia area, Class I, most popular float','Lower Duck to Tennessee River — Class I, wide bottomland'], '{"ww":false,"wild":false,"nat":false,"appalachian":false}') ON CONFLICT (id) DO NOTHING;
INSERT INTO public.river_history (river_id, era, year, title, body, source, sort_order) VALUES ('duck_river', 'native', 'Pre-contact – ongoing', 'Duck River Archaeological District — 10,000 Years of Continuous Use', 'The Duck River valley has been continuously occupied for over 10,000 years — among the longest archaeological records in eastern North America. Multiple Paleo-Indian sites document early habitation. The Mississippian culture town at Old Stone Fort (near Manchester) was occupied from approximately 30 BC to AD 430.', 'Tennessee Division of Archaeology; Old Stone Fort State Archaeological Park', 0);
INSERT INTO public.river_history (river_id, era, year, title, body, source, sort_order) VALUES ('duck_river', 'logging', '1800s', 'Tennessee Iron Industry and the Duck River', 'The Duck River valley became a center of Tennessee''s early iron industry. Ore deposits throughout the watershed fueled iron production from the Revolutionary War era through the Civil War. Columbia''s role as Tennessee''s largest pre-Civil War city was partly built on Duck River commerce.', 'Maury County Historical Society; Tennessee State Library and Archives', 1);
INSERT INTO public.river_history (river_id, era, year, title, body, source, sort_order) VALUES ('duck_river', 'modern', '2022', 'Most Biologically Diverse River — Conservation Priority', 'The Duck River is home to 151 species of fish (more than in the entire country of England) and over 50 species of freshwater mussels. Conservation organizations have focused on the Duck as a global biodiversity priority. The Nature Conservancy lists it as one of the most important freshwater systems in the temperate world.', 'The Nature Conservancy; NatureServe; Tennessee Aquatic Biodiversity Program (2022)', 2);
INSERT INTO public.river_documents (river_id, title, source, year, doc_type, pages, url) VALUES ('duck_river', 'Duck River Watershed Management Plan', 'Tennessee Department of Environment and Conservation', 2020, 'Survey', 195, 'https://www.tn.gov/content/dam/tn/environment/water/duck-river-watershed-planning-partnership/drwpp_initial-report-11-20-2025.pdf');
INSERT INTO public.river_reviews (river_id, username, review_date, stars, body, is_seed) VALUES ('duck_river', 'duck_river_local', 'Sep 2024', 5, 'Middle Duck near Columbia at 1,200 cfs — Class I through limestone bluffs with cedar glades overhead. Freshwater mussels visible in every riffle. Tennessee''s quietest treasure.', true);
INSERT INTO public.river_reviews (river_id, username, review_date, stars, body, is_seed) VALUES ('duck_river', 'middle_tn_paddler', 'Oct 2024', 4, 'Upper Duck at 800 cfs in fall — low and crystal clear. The biodiversity argument is real — counted 12 species of fish in one pool.', true);
INSERT INTO public.river_outfitters (river_id, name, description, link, is_seed) VALUES ('duck_river', 'Duck River Outfitters', 'Columbia TN canoe and kayak rentals', 'duckriveroutfitters.com', true);
INSERT INTO public.river_outfitters (river_id, name, description, link, is_seed) VALUES ('duck_river', 'Tennessee Canoe Livery', 'Duck River float trips, shuttles', 'tncanoelivery.com', true);
INSERT INTO public.rivers (id, state_key, name, county, length, class, optimal_cfs, usgs_gauge, avg_cfs, hist_flow, map_x, map_y, description, designations, sections, filter_flags) VALUES ('pigeon_tn', 'tn', 'Pigeon River', 'Cocke Co.', '30 mi', 'III–IV', '800–3000', '03461500', 1600, 1450, 545, 92, 'Hartford"s gateway to the Great Smoky Mountains — the Pigeon River delivers 30 miles of Class III–IV whitewater through the Appalachian foothills of eastern Tennessee. One of the most popular commercial rafting rivers in the Southeast, with dam-controlled releases providing consistent flows. The upper section near Hartford is the wildest; the lower section near Newport is more accessible.', 'Cherokee National Forest (headwaters) · Great Smoky Mountains Gateway', ARRAY['Upper Pigeon — Hartford, Class III–IV, dam-release whitewater','Lower Pigeon — Class I–II, family float section','Big Creek to Newport — Class II, lower river'], '{"ww":true,"wild":false,"nat":false,"appalachian":true}') ON CONFLICT (id) DO NOTHING;
INSERT INTO public.river_history (river_id, era, year, title, body, source, sort_order) VALUES ('pigeon_tn', 'native', 'Pre-contact', 'Cherokee — Smoky Mountains River', 'The Pigeon River watershed lies within the ancestral homeland of the Cherokee people. The Great Smoky Mountains were the heart of Cherokee territory, and the Pigeon valley was an important travel corridor between Cherokee towns on either side of the mountains.', 'Eastern Band of Cherokee Indians; Cocke County Historical Society', 0);
INSERT INTO public.river_history (river_id, era, year, title, body, source, sort_order) VALUES ('pigeon_tn', 'modern', '2000s', 'Pigeon River Recovery — From Dead River to Rafting Destination', 'The Pigeon River was severely polluted by a Champion International paper mill in Canton, NC for decades — killing aquatic life for 70 miles downstream. EPA enforcement and mill upgrades in the 1990s have allowed dramatic recovery. Today the Pigeon supports thriving commercial rafting and improving fish populations.', 'EPA Region 4; Tennessee Wildlife Resources Agency', 1);
INSERT INTO public.river_reviews (river_id, username, review_date, stars, body, is_seed) VALUES ('pigeon_tn', 'hartford_rafter', 'Jun 2024', 5, 'Upper Pigeon at 1,800 cfs on a dam release — Class III–IV all the way through with the Smokies rising above. Best commercial rafting in Tennessee.', true);
INSERT INTO public.river_reviews (river_id, username, review_date, stars, body, is_seed) VALUES ('pigeon_tn', 'smoky_mountain_paddler', 'Jul 2024', 4, 'Hartford section at 1,200 cfs — consistent Class III with great play spots. The Pigeon"s recovery from pollution is remarkable.', true);
INSERT INTO public.river_outfitters (river_id, name, description, link, is_seed) VALUES ('pigeon_tn', 'Rafting in the Smokies', 'Hartford TN Pigeon River guided raft trips', '', true);
INSERT INTO public.rivers (id, state_key, name, county, length, class, optimal_cfs, usgs_gauge, avg_cfs, hist_flow, map_x, map_y, description, designations, sections, filter_flags) VALUES ('elk_tn', 'tn', 'Elk River', 'Lincoln / Giles Co.', '195 mi', 'I–II', '300–2000', '03584500', 1400, 1280, 490, 128, 'A limestone spring-fed gem in south-central Tennessee — the Elk River flows 195 miles through the Highland Rim, fed by some of the largest springs in the state. Gentle Class I–II water through pastoral countryside with dramatic limestone bluffs and abundant wildlife. The Elk is one of the most biologically significant tributaries of the Tennessee River.', 'Tennessee Scenic River · Highland Rim Biodiversity Corridor', ARRAY['Upper Elk — Fayetteville area, Class I–II, spring-fed headwaters','Middle Elk — Pulaski to Prospect, Class I, scenic limestone bluffs','Lower Elk to Wheeler Reservoir — Class I, wide bottomland'], '{"ww":false,"wild":false,"nat":false,"appalachian":false}') ON CONFLICT (id) DO NOTHING;
INSERT INTO public.river_history (river_id, era, year, title, body, source, sort_order) VALUES ('elk_tn', 'native', 'Pre-contact', 'Chickasaw and Cherokee — The Elk River Borderland', 'The Elk River valley was a borderland between Chickasaw territory to the west and Cherokee territory to the east. The rich limestone springs and abundant game made the valley a contested hunting ground. European settlers arrived in the early 1800s after the Chickasaw cessions.', 'Tennessee Division of Archaeology; Giles County Historical Society', 0);
INSERT INTO public.river_history (river_id, era, year, title, body, source, sort_order) VALUES ('elk_tn', 'modern', '2023', 'Elk River Springs — Biodiversity Hotspot', 'The Elk River is fed by dozens of major limestone springs, including some of the largest in Tennessee. These springs sustain cold, clear baseflows that support exceptional mussel and fish diversity — over 70 species of fish and 30 species of mussels have been documented in the watershed.', 'Tennessee Wildlife Resources Agency; The Nature Conservancy (2023)', 1);
INSERT INTO public.river_reviews (river_id, username, review_date, stars, body, is_seed) VALUES ('elk_tn', 'elk_river_canoeist', 'May 2024', 4, 'Fayetteville section at 600 cfs — spring-fed Class I through limestone bluffs and farmland. South-central Tennessee"s quiet treasure.', true);
INSERT INTO public.river_reviews (river_id, username, review_date, stars, body, is_seed) VALUES ('elk_tn', 'tn_scenic_paddler', 'Apr 2024', 4, 'Upper Elk at 400 cfs in spring — the water clarity from the limestone springs is incredible. Saw more herons than people.', true);
INSERT INTO public.river_outfitters (river_id, name, description, link, is_seed) VALUES ('elk_tn', 'Elk River Canoe Rental', 'South-central Tennessee Elk River float trips', '', true);
INSERT INTO public.rivers (id, state_key, name, county, length, class, optimal_cfs, usgs_gauge, avg_cfs, hist_flow, map_x, map_y, description, designations, sections, filter_flags) VALUES ('caney_fork', 'tn', 'Caney Fork', 'White / DeKalb Co.', '145 mi', 'I–II', '200–1500', '03426500', 2200, 2000, 470, 112, 'One of Tennessee"s premier tailwater fisheries — the Caney Fork below Great Falls Dam delivers trophy brown and rainbow trout in cold, clear water through the Cumberland Plateau. The dam-release schedule creates consistent flows for both paddling and fishing. The upper section above the dam offers scenic Class I–II floating through the Highland Rim.', 'Tennessee Trophy Trout Stream · Great Falls Dam Tailwater', ARRAY['Below Great Falls Dam — trophy trout tailwater, Class I–II','Rock Island to Center Hill — Class I, scenic canyon','Above Center Hill Lake — upper river, Class I–II'], '{"ww":false,"wild":false,"nat":false,"appalachian":false}') ON CONFLICT (id) DO NOTHING;
INSERT INTO public.river_history (river_id, era, year, title, body, source, sort_order) VALUES ('caney_fork', 'native', 'Pre-contact', 'Cherokee — Cumberland Plateau River', 'The Caney Fork watershed was within Cherokee territory on the western Cumberland Plateau. The river and its tributaries provided travel routes through the rugged plateau landscape. Great Falls, a dramatic 30-foot waterfall on the Caney Fork, was a significant landmark for Native peoples.', 'Tennessee Division of Archaeology; White County Historical Society', 0);
INSERT INTO public.river_history (river_id, era, year, title, body, source, sort_order) VALUES ('caney_fork', 'modern', '2024', 'Trophy Trout Tailwater — World-Class Fishery', 'The Caney Fork below Great Falls Dam has developed into one of the finest trout tailwaters in the Southeast. Cold, oxygen-rich water from the dam"s deep release sustains brown trout exceeding 20 pounds. The TWRA manages it as a trophy fishery with special regulations.', 'Tennessee Wildlife Resources Agency; USACE Center Hill Dam (2024)', 1);
INSERT INTO public.river_reviews (river_id, username, review_date, stars, body, is_seed) VALUES ('caney_fork', 'caney_fork_angler', 'Mar 2024', 5, 'Below Great Falls at 800 cfs on a generation schedule — 20-inch brown trout on a sculpin pattern. The Caney Fork tailwater is southeastern trout fishing at its best.', true);
INSERT INTO public.river_reviews (river_id, username, review_date, stars, body, is_seed) VALUES ('caney_fork', 'cumberland_plateau_paddler', 'Apr 2024', 4, 'Rock Island section at 600 cfs — scenic Class I through the plateau canyon. The Caney Fork above the lake is beautiful and underrated.', true);
INSERT INTO public.river_outfitters (river_id, name, description, link, is_seed) VALUES ('caney_fork', 'Caney Fork Outdoors', 'Guided float fishing on the Caney Fork tailwater', '', true);
INSERT INTO public.rivers (id, state_key, name, county, length, class, optimal_cfs, usgs_gauge, avg_cfs, hist_flow, map_x, map_y, description, designations, sections, filter_flags) VALUES ('american', 'ca', 'American River — South Fork', 'El Dorado / Placer Co.', '21 mi', 'III–IV', '800–4000', '11446500', 1900, 1650, 180, 95, 'The most commercially rafted river in California and one of the most popular in the nation. The South Fork drops through the Sierra Nevada foothills into the American River Canyon east of Sacramento. Gorge, Tunnel Chute, and Satan''s Cesspool are classic Class III–IV rapids. The river flows through the heart of Gold Rush country.', 'Auburn State Recreation Area · Class III–IV Heritage River', ARRAY['Chili Bar to Salmon Falls — 11 mi, Class III, most popular','Gorge section (Salmon Falls to Greenwood) — Class III–IV','Coloma to Lotus — beginner-friendly Class II–III'], '{"ww":true,"wild":false,"sierra":true,"coastal":false}') ON CONFLICT (id) DO NOTHING;
INSERT INTO public.river_history (river_id, era, year, title, body, source, sort_order) VALUES ('american', 'native', 'Pre-contact', 'Nisenan (Southern Maidu) — ''The People of the Foothills''', 'The South Fork American River canyon was the homeland of the Nisenan (Southern Maidu) people, who inhabited the Sierra Nevada foothills for thousands of years. The river''s abundant salmon and acorn harvests sustained their communities.', 'Nisenan Tribal Network; California State Parks', 0);
INSERT INTO public.river_history (river_id, era, year, title, body, source, sort_order) VALUES ('american', 'logging', '1848', 'Sutter''s Mill — Gold Discovery that Changed the World', 'On January 24, 1848, James Marshall discovered gold at Sutter''s Mill on the South Fork American River at Coloma — triggering the California Gold Rush. Within two years, 300,000 people had arrived in California. The hydraulic mining that followed devastated the river system.', 'California State Parks Sutter''s Mill State Historic Park', 1);
INSERT INTO public.river_history (river_id, era, year, title, body, source, sort_order) VALUES ('american', 'survey', '1978', 'Auburn Dam Defeated — Conservation Victory', 'The proposed Auburn Dam on the North Fork American would have flooded the entire canyon system. After decades of advocacy by river conservation groups, the project was abandoned, preserving the American River canyon as a recreation corridor.', 'Friends of the River; USACE', 2);
INSERT INTO public.river_history (river_id, era, year, title, body, source, sort_order) VALUES ('american', 'modern', '2024', '500,000+ Annual Rafters — California''s River Economy', 'The South Fork American supports one of the largest commercial rafting industries in the U.S., with over 70 licensed outfitters and 500,000+ annual commercial passengers. The river generates over $100 million annually in economic impact for El Dorado County.', 'California Outdoor Recreation Alliance; American River Recreation Association', 3);
INSERT INTO public.river_documents (river_id, title, source, year, doc_type, pages, url) VALUES ('american', 'South Fork American River Management Plan', 'Auburn State Recreation Area', 2019, 'Recreation', 165, 'https://www.parks.ca.gov/?page_id=24325');
INSERT INTO public.river_reviews (river_id, username, review_date, stars, body, is_seed) VALUES ('american', 'sf_american_regular', 'May 2024', 5, 'Gorge section at 2,800 cfs — Tunnel Chute was a fire hose. Best Gold Rush history float in the Sierra. Hydraulic mining scars visible on the cliffs all day.', true);
INSERT INTO public.river_reviews (river_id, username, review_date, stars, body, is_seed) VALUES ('american', 'coloma_gold_rush', 'Jun 2024', 4, 'Chili Bar to Salmon Falls at 1,400 cfs — perfect summer intro run. Stopped at Marshall Gold Discovery site at lunch. Living history.', true);
INSERT INTO public.river_outfitters (river_id, name, description, link, is_seed) VALUES ('american', 'OARS American River', 'South Fork American trips', 'oars.com', true);
INSERT INTO public.river_outfitters (river_id, name, description, link, is_seed) VALUES ('american', 'Whitewater Excitement', 'All South Fork sections', 'whitewaterexcitement.com', true);
INSERT INTO public.river_outfitters (river_id, name, description, link, is_seed) VALUES ('american', 'American River Raft Rentals', 'Self-guided trips from Coloma', 'arrafts.com', true);
INSERT INTO public.rivers (id, state_key, name, county, length, class, optimal_cfs, usgs_gauge, avg_cfs, hist_flow, map_x, map_y, description, designations, sections, filter_flags) VALUES ('tuolumne', 'ca', 'Tuolumne River', 'Tuolumne Co.', '18 mi', 'III–V', '300–2500', '11274790', 980, 850, 215, 100, 'The crown jewel of California whitewater — an 18-mile wilderness float through the Grand Canyon of the Tuolumne in Stanislaus National Forest. Pristine Sierra granite, Muir Gorge, Clavey Falls (Class V), and the famous Lumsden campsite make this one of the finest multi-day runs in the American West.', 'National Wild & Scenic River (1984) · Stanislaus National Forest', ARRAY['Lumsden Bridge to Ward''s Ferry — 18 mi, the full classic run','Cherry Creek section above Lumsden — Class V, expert only'], '{"ww":true,"wild":true,"sierra":true,"coastal":false}') ON CONFLICT (id) DO NOTHING;
INSERT INTO public.river_history (river_id, era, year, title, body, source, sort_order) VALUES ('tuolumne', 'native', 'Pre-contact', 'Southern Sierra Miwok — Canyon Homeland', 'The Tuolumne River canyon was Southern Sierra Miwok territory. The word ''Tuolumne'' derives from the Miwok ''talmalamne'' meaning ''cluster of stone wigwams'' or ''land of many stone houses'' — a reference to the granite domes above the canyon.', 'Tuolumne Band of Me-Wuk Indians; Stanislaus National Forest', 0);
INSERT INTO public.river_history (river_id, era, year, title, body, source, sort_order) VALUES ('tuolumne', 'logging', '1913', 'Hetch Hetchy Dam — John Muir''s Defeat', 'The construction of the O''Shaughnessy Dam at Hetch Hetchy Valley — a Yosemite-quality valley described by John Muir as more beautiful than Yosemite itself — was one of the defining environmental battles of the 20th century. Muir opposed it until his death in 1914.', 'NPS Yosemite; Sierra Club John Muir Foundation', 1);
INSERT INTO public.river_history (river_id, era, year, title, body, source, sort_order) VALUES ('tuolumne', 'survey', '1984', 'Wild & Scenic Designation — Tuolumne Below Hetch Hetchy', 'Congress designated the lower Tuolumne below the dam as a National Wild & Scenic River, protecting the 18-mile canyon from further dam proposals.', 'USFS Stanislaus NF; Wild & Scenic Rivers Act (1984)', 2);
INSERT INTO public.river_history (river_id, era, year, title, body, source, sort_order) VALUES ('tuolumne', 'modern', '2023', 'Hetch Hetchy Restoration Debate', 'The ongoing campaign to remove the Hetch Hetchy Dam and restore the valley continued in 2023. The engineering and political challenges remain enormous, but the ecological argument has gained mainstream traction.', 'Restore Hetch Hetchy; PPIC Water Policy Center', 3);
INSERT INTO public.river_documents (river_id, title, source, year, doc_type, pages, url) VALUES ('tuolumne', 'Tuolumne Wild & Scenic River Management Plan', 'USFS Stanislaus NF', 2006, 'Federal', 190, 'https://www.fs.usda.gov/Internet/FSE_DOCUMENTS/stelprdb5126197.pdf');
INSERT INTO public.river_reviews (river_id, username, review_date, stars, body, is_seed) VALUES ('tuolumne', 't_river_devotee', 'Jun 2024', 5, 'Lumsden to Ward''s at 900 cfs — Clavey Falls was a perfect horizon line. Muir Gorge at camp on night two with no other groups. Sierra Nevada at its most raw.', true);
INSERT INTO public.river_reviews (river_id, username, review_date, stars, body, is_seed) VALUES ('tuolumne', 'tuolumne_annual', 'May 2024', 5, 'Cherry Creek into the Grand Canyon at 1,200 cfs — the hardest and most beautiful 23 miles in California. Six Class V rapids and then Clavey as the finale.', true);
INSERT INTO public.river_outfitters (river_id, name, description, link, is_seed) VALUES ('tuolumne', 'OARS Tuolumne', 'Tuolumne River multi-day guided trips', 'oars.com', true);
INSERT INTO public.river_outfitters (river_id, name, description, link, is_seed) VALUES ('tuolumne', 'All-Outdoors California Whitewater', 'Tuolumne sections', 'aorafting.com', true);
INSERT INTO public.rivers (id, state_key, name, county, length, class, optimal_cfs, usgs_gauge, avg_cfs, hist_flow, map_x, map_y, description, designations, sections, filter_flags) VALUES ('kern', 'ca', 'Kern River', 'Kern Co.', '170 mi', 'I–V+', '400–2500', '11189500', 1100, 950, 210, 145, 'Southern California''s premier whitewater river — drops out of the southern Sierra Nevada through Sequoia National Forest and Kern Canyon. The Forks of the Kern (Class V–V+) is one of the most committing wilderness whitewater runs in North America: 15 miles of continuous Class V with no road access.', 'National Wild & Scenic River · Sequoia National Forest', ARRAY['Forks of the Kern — Class V–V+, 15 mi, wilderness only','Upper Kern (Johnsondale to Fairview) — Class IV–V','Lower Kern Canyon — Class III–IV, most accessible'], '{"ww":true,"wild":true,"sierra":true,"coastal":false}') ON CONFLICT (id) DO NOTHING;
INSERT INTO public.river_history (river_id, era, year, title, body, source, sort_order) VALUES ('kern', 'native', 'Pre-contact', 'Kawaiisu (Nuwa) — Southern Sierra People', 'The Kern River canyon was the homeland of the Kawaiisu (Nuwa) people, who inhabited the southern Sierra slopes and Tehachapi Mountains. The Kern''s exceptional golden trout fishery — still one of the purest populations remaining — was a critical food resource.', 'Kawaiisu Language and Cultural Center; USFS Sequoia NF', 0);
INSERT INTO public.river_history (river_id, era, year, title, body, source, sort_order) VALUES ('kern', 'survey', '1987', 'Wild & Scenic Designation — Kern River', 'Congress designated significant portions of the Kern River as Wild & Scenic in 1987, protecting the Forks canyon and the Lower Kern corridor from future dam proposals.', 'USFS Sequoia NF; Wild & Scenic Rivers Act (1987)', 1);
INSERT INTO public.river_history (river_id, era, year, title, body, source, sort_order) VALUES ('kern', 'modern', '2023', 'Exceptional Snowpack — Kern in Full Flood', 'The historic 2022–2023 Sierra Nevada snowpack sent the Kern River into extreme flood in spring 2023, with flows exceeding 10,000 cfs — far above the runnable range for any section.', 'USGS California WSC; National Weather Service', 2);
INSERT INTO public.river_documents (river_id, title, source, year, doc_type, pages, url) VALUES ('kern', 'Kern River Wild & Scenic River Management Plan', 'USFS Sequoia NF', 2009, 'Federal', 155, 'https://www.rivers.gov/rivers/sites/rivers/files/documents/plans/kern-plan.pdf');
INSERT INTO public.river_reviews (river_id, username, review_date, stars, body, is_seed) VALUES ('kern', 'forks_kern_survivor', 'May 2024', 5, 'Forks at 900 cfs — day 1 the river decides if you belong there. Lost a boat at Royal Flush. Recovered it. Nothing in North American kayaking is more committing.', true);
INSERT INTO public.river_reviews (river_id, username, review_date, stars, body, is_seed) VALUES ('kern', 'lower_kern_regular', 'Aug 2024', 4, 'Lower Kern at 1,100 cfs — Lickety Split and Hari Kari both fun and honest Class IV. Best Southern California whitewater by far.', true);
INSERT INTO public.river_outfitters (river_id, name, description, link, is_seed) VALUES ('kern', 'Kern River Outfitters', 'Kernville-based all levels', 'kernrafting.com', true);
INSERT INTO public.river_outfitters (river_id, name, description, link, is_seed) VALUES ('kern', 'Whitewater Voyages', 'Forks and Lower Kern trips', 'whitewatervoyages.com', true);
INSERT INTO public.rivers (id, state_key, name, county, length, class, optimal_cfs, usgs_gauge, avg_cfs, hist_flow, map_x, map_y, description, designations, sections, filter_flags) VALUES ('trinity', 'ca', 'Trinity River', 'Trinity / Humboldt Co.', '165 mi', 'II–IV', '600–3500', '11530000', 2100, 1900, 120, 80, 'Northern California''s premier whitewater river — flows 165 miles from the Trinity Alps through Shasta-Trinity National Forest to the Klamath. The Trinity Gorge section (Class III–IV) rivals anything in the Sierra for scenery and technical challenge. The Hoopa Valley Tribe has maintained treaty-reserved salmon fishing rights since 1864. Exceptional steelhead and Chinook salmon.', 'National Wild & Scenic River (1981) · Trinity Alps Wilderness (headwaters) · Hoopa Valley Indian Reservation (lower)', ARRAY['Trinity Alps to Lewiston — Class I–II, blue-ribbon trout water below Trinity Dam','Cedar Flat to Burnt Ranch Gorge — Class III–IV, most popular whitewater corridor','Burnt Ranch Gorge — Class IV–V, expert, remote 14-mile gorge','Hoopa Valley to Klamath — Class I–II, tribal lands, salmon country'], '{"ww":true,"wild":true,"sierra":false,"coastal":true}') ON CONFLICT (id) DO NOTHING;
INSERT INTO public.river_history (river_id, era, year, title, body, source, sort_order) VALUES ('trinity', 'native', 'Pre-contact – ongoing', 'Hoopa Valley Tribe (Hupa) — Salmon People of the Trinity', 'The Hupa people have inhabited the lower Trinity River valley since time immemorial. Their 1864 treaty with the United States established the Hoopa Valley Reservation — one of the largest in California — protecting their treaty-reserved fishing rights to Chinook salmon and steelhead. The Trinity''s salmon runs are central to Hupa cultural identity and food sovereignty.', 'Hoopa Valley Tribe; California State Indian Museum; USFS Shasta-Trinity NF', 0);
INSERT INTO public.river_history (river_id, era, year, title, body, source, sort_order) VALUES ('trinity', 'logging', '1963', 'Trinity Dam — The Great Diversion', 'Completed in 1963, Trinity Dam and Lewiston Dam diverted 75–90% of the Trinity River''s natural flow to the Sacramento Valley for irrigation and power. The ecological impact was catastrophic — Chinook salmon runs collapsed from over 100,000 annually to fewer than 3,000 by the 1990s.', 'Bureau of Reclamation; Trinity County Historical Society', 1);
INSERT INTO public.river_history (river_id, era, year, title, body, source, sort_order) VALUES ('trinity', 'survey', '1981', 'Wild & Scenic Designation and Flow Restoration', 'Congress designated the Trinity as Wild & Scenic in 1981 and began a multi-decade effort to restore minimum flows. By 2000, federally mandated minimum flows had been increased. Salmon populations have partially recovered, though full restoration remains an ongoing effort.', 'USFS Shasta-Trinity NF; Trinity Management Council (2000)', 2);
INSERT INTO public.river_history (river_id, era, year, title, body, source, sort_order) VALUES ('trinity', 'modern', '2023', 'Salmon Recovery — Hoopa and Federal Partnership', 'A 2023 agreement between the Hoopa Valley Tribe, Bureau of Reclamation, and USFWS established new flow restoration targets for the Trinity River, the most significant step toward full salmon recovery since the 1990s restoration agreement.', 'Hoopa Valley Tribe; Bureau of Reclamation Trinity River Restoration Program (2023)', 3);
INSERT INTO public.river_reviews (river_id, username, review_date, stars, body, is_seed) VALUES ('trinity', 'trinity_gorge_devotee', 'Jun 2024', 5, 'Cedar Flat to Pigeon Point at 2,400 cfs — Canyon Creek, Zig Zag, and Hennessy rapids all clean. Trinity Alps peaks above, steelhead in every pool below. Best Northern California river.', true);
INSERT INTO public.river_reviews (river_id, username, review_date, stars, body, is_seed) VALUES ('trinity', 'burnt_ranch_specialist', 'May 2024', 5, 'Burnt Ranch Gorge at 1,800 cfs — 14-mile expert gorge, no road, no exit. The Trinity''s hidden masterpiece.', true);
INSERT INTO public.river_outfitters (river_id, name, description, link, is_seed) VALUES ('trinity', 'Trinity River Rafting', 'Trinity River gorge guided trips', 'trinityriverrafting.com', true);
INSERT INTO public.river_outfitters (river_id, name, description, link, is_seed) VALUES ('trinity', 'Big Foot Rafting', 'Burnt Ranch Gorge and Trinity Alps expeditions', 'bigfootrafting.com', true);
INSERT INTO public.rivers (id, state_key, name, county, length, class, optimal_cfs, usgs_gauge, avg_cfs, hist_flow, map_x, map_y, description, designations, sections, filter_flags) VALUES ('merced', 'ca', 'Merced River', 'Mariposa / Merced Co.', '81 mi', 'II–V', '600–3000', '11274000', 1200, 1050, 195, 108, 'Flows from the Sierra Nevada through Yosemite National Park and the spectacular Merced River Canyon — one of the most scenic river corridors in California. The iconic Class IV–V Merced Gorge between Briceburg and Bagby delivers technical Sierra granite whitewater. The Yosemite Valley section flows past El Capitan and Half Dome. National Wild & Scenic River since 1987.', 'National Wild & Scenic River (1987) · Yosemite National Park (upper reach)', ARRAY['Yosemite Valley — Class I–II, past El Capitan and Half Dome','El Portal to Briceburg — Class III–IV, transition canyon','Briceburg to Bagby — Class IV–V, Merced Gorge, expert only'], '{"ww":true,"wild":true,"sierra":true,"coastal":false}') ON CONFLICT (id) DO NOTHING;
INSERT INTO public.river_history (river_id, era, year, title, body, source, sort_order) VALUES ('merced', 'native', 'Pre-contact', 'Ahwahneechee (Southern Sierra Miwok) — Valley of the Ahwahneechee', 'The Merced River flows through the heart of Ahwahneechee (Southern Sierra Miwok) territory. ''Yosemite Valley'' was ''Ahwahnee'' — ''place of the gaping mouth'' — to the Ahwahneechee. The river was central to their subsistence and cultural life for thousands of years. The 1851 Mariposa Battalion forced them from the valley.', 'Yosemite Valley Native American History Program; NPS; Tuolumne Band of Me-Wuk Indians', 0);
INSERT INTO public.river_history (river_id, era, year, title, body, source, sort_order) VALUES ('merced', 'survey', '1987', 'Merced Wild & Scenic — Protecting the Gorge', 'Congress designated the Merced Wild & Scenic in 1987, specifically protecting the Merced Gorge section from dam proposals that had been floated since the 1940s. The designation established the Merced''s status as one of California''s most protected river corridors.', 'USFS Sierra NF; Wild & Scenic Rivers Act (1987)', 1);
INSERT INTO public.river_history (river_id, era, year, title, body, source, sort_order) VALUES ('merced', 'modern', '2014', 'Yosemite Valley Plan — Restoring the Merced Floodplain', 'NPS''s Yosemite Valley Plan began restoring the Merced''s natural floodplain in Yosemite Valley, removing developed facilities from the flood zone and allowing the river to meander more naturally — the first major floodplain restoration in a national park of this scale.', 'NPS Yosemite; Yosemite Merced Wild & Scenic River Management Plan (2014)', 2);
INSERT INTO public.river_documents (river_id, title, source, year, doc_type, pages, url) VALUES ('merced', 'Merced Wild & Scenic River Comprehensive Management Plan', 'NPS Yosemite', 2014, 'Federal', 280, 'https://www.rivers.gov/sites/rivers/files/documents/plans/merced-plan.pdf');
INSERT INTO public.river_reviews (river_id, username, review_date, stars, body, is_seed) VALUES ('merced', 'merced_gorge_regular', 'May 2024', 5, 'Briceburg to Bagby at 2,400 cfs — Ned Bull, Gray''s Grindstone, and Nightmare Island all hitting perfectly. Best expert Sierra Nevada canyon run outside the Tuolumne.', true);
INSERT INTO public.river_reviews (river_id, username, review_date, stars, body, is_seed) VALUES ('merced', 'yosemite_river_paddler', 'Jun 2024', 4, 'El Portal section at 1,800 cfs — Class III through Yosemite with the valley walls above. Half Dome visible at one bend. Surreal.', true);
INSERT INTO public.river_outfitters (river_id, name, description, link, is_seed) VALUES ('merced', 'Zephyr Whitewater Expeditions', 'Merced River gorge raft and kayak trips', 'zrafting.com', true);
INSERT INTO public.river_outfitters (river_id, name, description, link, is_seed) VALUES ('merced', 'ARTA River Trips', 'Merced River guided trips', 'arta.org', true);
INSERT INTO public.rivers (id, state_key, name, county, length, class, optimal_cfs, usgs_gauge, avg_cfs, hist_flow, map_x, map_y, description, designations, sections, filter_flags) VALUES ('klamath', 'ca', 'Klamath River', 'Siskiyou / Humboldt Co.', '257 mi', 'I–IV', '1000–6000', '11530500', 4200, 3800, 115, 55, 'The site of the largest dam removal in U.S. history — four Klamath River dams were removed in 2024, reopening 400 miles of salmon habitat for the first time in over a century. The Klamath flows 257 miles from southern Oregon to the Pacific through remote Northern California canyon country. Class I–IV whitewater, world-class steelhead, and one of the most dramatic river restoration stories in American history.', 'National Wild & Scenic River (partial) · Klamath Dam Removal — Largest in U.S. History (2024)', ARRAY['Upper Klamath — Iron Gate to Happy Camp, Class I–III, former dam reach','Ishi Pishi Falls to Weitchpec — Class III–IV, Yurok territory','Lower Klamath to Pacific — Class I–II, estuary'], '{"ww":true,"wild":true,"sierra":false,"coastal":true}') ON CONFLICT (id) DO NOTHING;
INSERT INTO public.river_history (river_id, era, year, title, body, source, sort_order) VALUES ('klamath', 'native', 'Pre-contact', 'Yurok, Karuk, and Hoopa — The Salmon River', 'The Klamath River is the ancestral homeland of the Yurok, Karuk, and Hoopa Valley Tribes. Salmon were — and remain — the center of tribal culture, spirituality, and subsistence. The tribes fought for decades to remove the dams and restore their salmon runs.', 'Yurok Tribe; Karuk Tribe; Hoopa Valley Tribe', 0);
INSERT INTO public.river_history (river_id, era, year, title, body, source, sort_order) VALUES ('klamath', 'modern', '2024', 'Largest Dam Removal in U.S. History', 'In 2024, four Klamath River dams (Copco No. 1, Copco No. 2, Iron Gate, and J.C. Boyle) were removed — the largest dam removal project in U.S. history. The $500 million project reopened over 400 miles of salmon and steelhead habitat. Tribal nations celebrated the return of free-flowing water for the first time in over a century.', 'Klamath River Renewal Corporation; FERC; Yurok Tribe (2024)', 1);
INSERT INTO public.river_reviews (river_id, username, review_date, stars, body, is_seed) VALUES ('klamath', 'klamath_restoration_paddler', 'Sep 2024', 5, 'Happy Camp to Weitchpec post-dam-removal at 2,400 cfs — salmon jumping in rapids that haven"t been free-flowing in a century. History on the water.', true);
INSERT INTO public.river_reviews (river_id, username, review_date, stars, body, is_seed) VALUES ('klamath', 'norcal_whitewater_guide', 'Oct 2024', 5, 'Ishi Pishi Falls section at 3,000 cfs — Class IV in Yurok territory, steelhead in every pool. The Klamath is reborn.', true);
INSERT INTO public.river_outfitters (river_id, name, description, link, is_seed) VALUES ('klamath', 'Klamath River Outfitters', 'Guided Klamath River raft and fishing trips', '', true);
INSERT INTO public.rivers (id, state_key, name, county, length, class, optimal_cfs, usgs_gauge, avg_cfs, hist_flow, map_x, map_y, description, designations, sections, filter_flags) VALUES ('stanislaus', 'ca', 'Stanislaus River', 'Tuolumne / Calaveras Co.', '60 mi', 'III–IV', '500–3000', '11302000', 980, 880, 200, 112, 'Sierra Nevada foothill whitewater through Goodwin Canyon and the Camp 9 run — the Stanislaus delivers Class III–IV rapids in a dramatic limestone and granite canyon east of the Central Valley. The river was at the center of one of California"s most famous environmental battles when New Melones Dam flooded the original Camp 9 canyon in the 1980s.', 'BLM Goodwin Canyon Recreation Area · Camp 9 Whitewater Run', ARRAY['Camp 9 Run — Class III–IV, 10 mi, most popular whitewater','Goodwin Canyon — Class III, 5 mi, below Goodwin Dam','Knights Ferry — Class I–II, family float, historic covered bridge'], '{"ww":true,"wild":false,"sierra":true,"coastal":false}') ON CONFLICT (id) DO NOTHING;
INSERT INTO public.river_history (river_id, era, year, title, body, source, sort_order) VALUES ('stanislaus', 'native', 'Pre-contact', 'Yokuts and Miwok — Sierra Foothill River', 'The Stanislaus River canyon was home to Northern Yokuts and Sierra Miwok peoples who utilized the river for fishing, gathering, and trade between the Central Valley and the Sierra Nevada. The Gold Rush of 1849 devastated Native communities throughout the watershed.', 'Tuolumne County Historical Society; California Native American Heritage Commission', 0);
INSERT INTO public.river_history (river_id, era, year, title, body, source, sort_order) VALUES ('stanislaus', 'modern', '1983', 'New Melones Dam — The Fight to Save the Stanislaus', 'The battle over New Melones Dam in the late 1970s and early 1980s was one of the most significant environmental fights in California history. Mark Dubois chained himself to rocks in the canyon to protest the dam. The original Camp 9 canyon was flooded, but the remaining river sections became symbols of river conservation.', 'American Rivers; Friends of the River; USBR', 1);
INSERT INTO public.river_reviews (river_id, username, review_date, stars, body, is_seed) VALUES ('stanislaus', 'stanislaus_camp9_regular', 'May 2024', 5, 'Camp 9 at 1,500 cfs — Class III–IV through limestone canyon walls. The Stanislaus delivers Sierra whitewater without the multi-day commitment.', true);
INSERT INTO public.river_reviews (river_id, username, review_date, stars, body, is_seed) VALUES ('stanislaus', 'goodwin_canyon_paddler', 'Jun 2024', 4, 'Goodwin Canyon at 800 cfs — compact Class III run below the dam. Perfect half-day Sierra foothill trip.', true);
INSERT INTO public.river_outfitters (river_id, name, description, link, is_seed) VALUES ('stanislaus', 'Sunshine Rafting Adventures', 'Stanislaus River guided raft and kayak trips', '', true);
INSERT INTO public.rivers (id, state_key, name, county, length, class, optimal_cfs, usgs_gauge, avg_cfs, hist_flow, map_x, map_y, description, designations, sections, filter_flags) VALUES ('eel', 'ca', 'Eel River', 'Mendocino / Humboldt Co.', '200 mi', 'I–III', '1000–5000', '11477000', 3600, 3200, 100, 70, 'Wild & Scenic through the heart of redwood country — the Eel River flows 200 miles through some of the most remote and forested terrain in California. The river supports critical steelhead and Chinook salmon runs and passes through ancient coast redwood groves. Best in winter and spring rain season; the Eel is California"s most seasonal major river.', 'National Wild & Scenic River (1981) · California Wild & Scenic River', ARRAY['Pillsbury Run — upper river, Class II–III, remote','Dos Rios to Alderpoint — Class I–II, scenic canyon','South Fork Eel — Class I–III, redwood country, most popular'], '{"ww":true,"wild":true,"sierra":false,"coastal":true}') ON CONFLICT (id) DO NOTHING;
INSERT INTO public.river_history (river_id, era, year, title, body, source, sort_order) VALUES ('eel', 'native', 'Pre-contact', 'Wailaki, Cahto, and Round Valley Peoples', 'The Eel River watershed was home to multiple Native peoples including the Wailaki, Cahto, and others. The river sustained salmon-dependent cultures for thousands of years. The Round Valley massacres of the 1850s–1860s devastated Native populations throughout the watershed.', 'Round Valley Indian Tribes; Mendocino County Historical Society', 0);
INSERT INTO public.river_history (river_id, era, year, title, body, source, sort_order) VALUES ('eel', 'modern', '2024', 'Potter Valley Project — Dam Removal and Eel River Restoration', 'The proposed decommissioning of the Potter Valley Project (Scott Dam and Cape Horn Dam) would restore the Eel River"s natural flow for the first time in over a century. The project is one of the largest dam removal efforts in California after the Klamath, with significant implications for salmon and steelhead recovery.', 'FERC; CalTrout; Friends of the Eel River (2024)', 1);
INSERT INTO public.river_reviews (river_id, username, review_date, stars, body, is_seed) VALUES ('eel', 'eel_river_winter_paddler', 'Feb 2024', 5, 'South Fork Eel at 3,000 cfs after a January rain — Class II–III through old-growth redwoods, steelhead jumping in every rapid. California"s best winter river.', true);
INSERT INTO public.river_reviews (river_id, username, review_date, stars, body, is_seed) VALUES ('eel', 'mendocino_kayaker', 'Mar 2024', 4, 'Dos Rios section at 2,000 cfs — remote Class I–II through canyon country. The Eel is wild California at its most untouched.', true);
INSERT INTO public.river_outfitters (river_id, name, description, link, is_seed) VALUES ('eel', 'Redwood Adventures', 'Eel River guided paddle trips in Humboldt County', '', true);
INSERT INTO public.rivers (id, state_key, name, county, length, class, optimal_cfs, usgs_gauge, avg_cfs, hist_flow, map_x, map_y, description, designations, sections, filter_flags) VALUES ('james', 'va', 'James River', 'Botetourt / Rockbridge / Richmond City', '340 mi', 'I–IV', '2000–8000', '02037500', 5200, 4800, 410, 100, 'Virginia''s greatest river — flows 340 miles from the Appalachians to the Chesapeake Bay. Class IV whitewater runs through the city of Richmond, making it the most urban whitewater destination in the East. The James River Park System delivers boulder gardens and surfing waves within sight of the state capitol.', 'Virginia Scenic River · James River Park System (Richmond)', ARRAY['Headwaters to Buchanan — Class I–II, remote upper valley','Balcony Falls to Lynchburg — Class III–IV, Gorge section','Richmond Falls (Pony Pasture to Pipeline) — Class III–IV, urban gem','Lower James — Class I–II, tidal to Chesapeake'], '{"ww":true,"wild":false,"appalachian":false,"piedmont":true}') ON CONFLICT (id) DO NOTHING;
INSERT INTO public.river_history (river_id, era, year, title, body, source, sort_order) VALUES ('james', 'native', 'Pre-contact', 'Monacan Nation and Powhatan Confederacy — ''Grandmother of Waters''', 'The James River was at the center of two great Native civilizations. The Monacan Nation (Siouan-speaking) held the Appalachian headwaters and Piedmont. The Powhatan Confederacy (Algonquian) controlled the tidal lower river. English colonists renamed it for King James I after landing at Jamestown in 1607.', 'Monacan Indian Nation; Pamunkey Indian Tribe; Virginia Historical Society', 0);
INSERT INTO public.river_history (river_id, era, year, title, body, source, sort_order) VALUES ('james', 'logging', '1607', 'Jamestown — First Permanent English Settlement', 'The James River estuary was the site of the first permanent English settlement in North America at Jamestown in 1607. The river served as the highway for colonial Virginia, carrying tobacco downriver to ships in Hampton Roads.', 'NPS Historic Jamestowne; Virginia Historical Society', 1);
INSERT INTO public.river_history (river_id, era, year, title, body, source, sort_order) VALUES ('james', 'survey', '2012', 'Richmond James River Park — Urban Whitewater Model', 'The James River Park System in Richmond — 550 acres of river access in the heart of a city of 230,000 — was recognized as a national model for urban river conservation and recreation. The park draws over 1.5 million visitors annually.', 'City of Richmond; James River Association', 2);
INSERT INTO public.river_history (river_id, era, year, title, body, source, sort_order) VALUES ('james', 'modern', '2023', 'James River Association — 50 Years of Recovery', 'After decades of severe pollution from DuPont Kepone contamination (1975), the James has made a remarkable recovery. The James River Association''s 50th anniversary documented measurable improvements in water quality, fish populations, and recreational use.', 'James River Association; Virginia DEQ', 3);
INSERT INTO public.river_documents (river_id, title, source, year, doc_type, pages, url) VALUES ('james', 'James River Scenic River Assessment', 'Virginia DCR', 2018, 'Survey', 140, 'https://www.dcr.virginia.gov/recreational-planning/document/srreportjamesriver.pdf');
INSERT INTO public.river_reviews (river_id, username, review_date, stars, body, is_seed) VALUES ('james', 'richmond_river_rat', 'Jun 2024', 5, 'Pipeline rapid at 4,200 cfs — surfing waves in downtown Richmond with the state capitol behind you. Best urban river in America, no debate.', true);
INSERT INTO public.river_reviews (river_id, username, review_date, stars, body, is_seed) VALUES ('james', 'upper_james_canoeist', 'Sep 2024', 5, 'Five days from Iron Gate to Lynchburg — herons, eagles, bass, and not a single other boat for two days. The real Virginia.', true);
INSERT INTO public.river_outfitters (river_id, name, description, link, is_seed) VALUES ('james', 'Richmond Raft Company', 'James River urban whitewater', 'richmondraft.com', true);
INSERT INTO public.river_outfitters (river_id, name, description, link, is_seed) VALUES ('james', 'James River Runners', 'Upper James canoe trips', 'jamesriverrunners.com', true);
INSERT INTO public.rivers (id, state_key, name, county, length, class, optimal_cfs, usgs_gauge, avg_cfs, hist_flow, map_x, map_y, description, designations, sections, filter_flags) VALUES ('shenandoah', 'va', 'Shenandoah River', 'Shenandoah / Page / Warren Co.', '286 mi', 'I–III', '500–4000', '01636500', 2100, 1950, 330, 70, 'One of the most beloved canoe rivers in the eastern United States — flows through the Shenandoah Valley between the Blue Ridge and Allegheny Mountains in a series of long, gliding pools and Class I–III ledge rapids. Harpers Ferry confluence with the Potomac is one of the most historically significant river junctions in America.', 'Virginia Scenic River · Shenandoah River State Park', ARRAY['North Fork Shenandoah — Class I–II, remote headwaters','South Fork (Elkton to Front Royal) — Class I–II, the classic valley float','Main Stem to Harpers Ferry — Class I–III, historical corridor'], '{"ww":false,"wild":true,"appalachian":true,"piedmont":false}') ON CONFLICT (id) DO NOTHING;
INSERT INTO public.river_history (river_id, era, year, title, body, source, sort_order) VALUES ('shenandoah', 'native', 'Pre-contact', 'Haudenosaunee and Lenape — ''Daughter of the Stars''', '''Shenandoah'' is derived from a Lenape or Iroquois word variously translated as ''daughter of the stars,'' ''big meadow,'' or ''river through the spruce.'' The valley was a contested corridor between the Haudenosaunee Confederacy to the north and various southern nations.', 'Virginia Historical Society; Smithsonian National Museum of the American Indian', 0);
INSERT INTO public.river_history (river_id, era, year, title, body, source, sort_order) VALUES ('shenandoah', 'logging', '1861–1865', 'Shenandoah Valley — Civil War''s Most Contested Corridor', 'The Shenandoah Valley was among the most strategically important and militarily contested landscapes of the Civil War. Stonewall Jackson''s Valley Campaign (1862) and Sheridan''s 1864 devastation of ''The Breadbasket of the Confederacy'' fundamentally shaped the war''s outcome. Over 300 documented Civil War sites line the river corridor.', 'Civil War Trust; Shenandoah Valley Battlefields National Historic District', 1);
INSERT INTO public.river_history (river_id, era, year, title, body, source, sort_order) VALUES ('shenandoah', 'survey', '1994', 'Shenandoah Designated Virginia Scenic River', 'The Commonwealth of Virginia designated the Shenandoah a State Scenic River, protecting the corridor from development and establishing public access requirements.', 'Virginia DCR Scenic Rivers Program', 2);
INSERT INTO public.river_history (river_id, era, year, title, body, source, sort_order) VALUES ('shenandoah', 'modern', '2024', 'Massive Fish Kill — Agricultural Runoff Crisis', 'The Shenandoah experienced a significant fish kill in summer 2024 linked to agricultural nutrient runoff — one of a series of events highlighting the tension between the valley''s intensive poultry and cattle farming and the river''s recreational and ecological health.', 'Virginia DEQ; Shenandoah Riverkeeper', 3);
INSERT INTO public.river_reviews (river_id, username, review_date, stars, body, is_seed) VALUES ('shenandoah', 'shenandoah_valley_paddler', 'Oct 2024', 5, 'South Fork at 1,400 cfs in fall color — Massanutten to the east, Blue Ridge to the west, hawks migrating overhead. The most beautiful valley in the East.', true);
INSERT INTO public.river_reviews (river_id, username, review_date, stars, body, is_seed) VALUES ('shenandoah', 'harpers_ferry_bound', 'Sep 2024', 4, 'Three days Main Stem to Harpers Ferry. Every bend has a historical marker. Bull Falls at 2,000 cfs was a surprise Class III.', true);
INSERT INTO public.river_outfitters (river_id, name, description, link, is_seed) VALUES ('shenandoah', 'Downriver Canoe Company', 'Shenandoah South Fork trips', 'downriver.com', true);
INSERT INTO public.river_outfitters (river_id, name, description, link, is_seed) VALUES ('shenandoah', 'Front Royal Canoe', 'Full Shenandoah Valley float trips', 'frontroyalcanoe.com', true);
INSERT INTO public.rivers (id, state_key, name, county, length, class, optimal_cfs, usgs_gauge, avg_cfs, hist_flow, map_x, map_y, description, designations, sections, filter_flags) VALUES ('rappahannock', 'va', 'Rappahannock River', 'Rappahannock / Culpeper / Spotsylvania Co.', '195 mi', 'I–III', '600–3500', '01668000', 1800, 1650, 460, 88, 'One of the last great undammed rivers in the eastern United States — flows 195 miles from the Blue Ridge to the Chesapeake Bay without a single major dam on its main stem. The Rappahannock rapids at Fredericksburg are a natural Class II–III waterfall in the heart of the city.', 'Virginia Scenic River · Last Undammed Eastern Coastal Plain River', ARRAY['Chester Gap to Remington — Class I–II, upper Piedmont','Remington to Fredericksburg Falls — Class II–III','Fredericksburg rapids — Class III–IV, urban falls','Tidal Rappahannock — Class I, Chesapeake estuary'], '{"ww":true,"wild":true,"appalachian":false,"piedmont":true}') ON CONFLICT (id) DO NOTHING;
INSERT INTO public.river_history (river_id, era, year, title, body, source, sort_order) VALUES ('rappahannock', 'native', 'Pre-contact', 'Rappahannock Tribe — ''Back-and-Forth Current''', 'The Rappahannock River was the homeland of the Rappahannock Tribe, whose name means ''back and forth current'' or ''alternating current'' in Algonquian — a reference to the tidal reversal at the river''s lower reach. The Rappahannock Tribe received state recognition in 1983.', 'Rappahannock Tribe; Virginia Council on Indians', 0);
INSERT INTO public.river_history (river_id, era, year, title, body, source, sort_order) VALUES ('rappahannock', 'logging', '1862–1863', 'Battle of Fredericksburg — River Crossing Under Fire', 'The Rappahannock River at Fredericksburg was the site of some of the Civil War''s bloodiest river crossings. Union forces crossed the river on pontoon bridges in December 1862 into what became the Battle of Fredericksburg — one of the Union Army''s worst defeats.', 'NPS Fredericksburg & Spotsylvania NMP; Civil War Trust', 1);
INSERT INTO public.river_history (river_id, era, year, title, body, source, sort_order) VALUES ('rappahannock', 'modern', '2024', 'Rappahannock Tribe Water Rights Advocacy', 'The Rappahannock Tribe has been at the forefront of water quality advocacy on their ancestral river, working to reduce agricultural and development runoff that threatens the river''s ecology and their cultural relationship with it.', 'Rappahannock Tribe; Chesapeake Bay Foundation', 2);
INSERT INTO public.river_reviews (river_id, username, review_date, stars, body, is_seed) VALUES ('rappahannock', 'unrepentant_piedmont_paddler', 'Apr 2024', 5, 'Remington to Kellys Ford at 1,200 cfs — herons, eagles, deer, bass. The Piedmont as it was before the highways.', true);
INSERT INTO public.river_reviews (river_id, username, review_date, stars, body, is_seed) VALUES ('rappahannock', 'fredericksburg_falls_local', 'May 2024', 4, 'Fredericksburg falls at 2,400 cfs — Class III through the middle of a small city. Surreal.', true);
INSERT INTO public.river_outfitters (river_id, name, description, link, is_seed) VALUES ('rappahannock', 'Rappahannock River Campground', 'Canoe rentals and camping', 'canoecamp.com', true);
INSERT INTO public.rivers (id, state_key, name, county, length, class, optimal_cfs, usgs_gauge, avg_cfs, hist_flow, map_x, map_y, description, designations, sections, filter_flags) VALUES ('newriver_va', 'va', 'New River — Virginia', 'Giles / Pulaski / Carroll Co.', '162 mi', 'I–III', '1500–6000', '03168000', 3400, 3100, 382, 100, 'One of the oldest rivers in the world — the New River predates the Appalachian Mountains and flows northward through the ridges it carved 65+ million years ago. In Virginia the river delivers Class III–IV Breaks Interstate Park whitewater and the famous Narrows of Virginia, before crossing into West Virginia and becoming America''s newest national park. Extraordinary fly fishing.', 'Virginia Scenic River · New River Trail State Park (57-mile rail-trail) · Part of New River Gorge NP complex', ARRAY['Headwaters to Radford — Class I–II, upper valley','Claytor Lake tailwater — Class I–II, consistent flows','Narrows of Virginia to WV border — Class III–IV, the Virginia gorge section'], '{"ww":true,"wild":true,"appalachian":true,"piedmont":false}') ON CONFLICT (id) DO NOTHING;
INSERT INTO public.river_history (river_id, era, year, title, body, source, sort_order) VALUES ('newriver_va', 'native', 'Pre-contact', 'Cherokee and Shawnee — One of Earth''s Oldest Rivers', 'The New River was Cherokee and Shawnee territory. Geologists believe the New River is one of the oldest rivers in the world — older than the Appalachian Mountains themselves, having carved its northward path before the mountains rose around it. The Shawnee called the watershed Totero.', 'Virginia Historical Society; Smithsonian Institution; VA Geological Survey', 0);
INSERT INTO public.river_history (river_id, era, year, title, body, source, sort_order) VALUES ('newriver_va', 'logging', '1870s–1920s', 'New River Valley — Coal, Coke, and Iron', 'The New River valley in Virginia was the heart of the New River coalfields. The Norfolk & Western Railway penetrated the gorge in 1882, enabling massive coal extraction from Giles, Pulaski, and Carroll counties. The abandoned N&W railbed became the New River Trail State Park.', 'New River Valley Historical Society; Virginia Department of Historic Resources', 1);
INSERT INTO public.river_history (river_id, era, year, title, body, source, sort_order) VALUES ('newriver_va', 'modern', '2020', 'New River Gorge — America''s Newest National Park', 'In December 2020 Congress redesignated the New River Gorge as a National Park, bringing major national attention to the New River''s recreational and ecological values. Virginia paddlers now float toward a national park.', 'NPS New River Gorge National Park; Governor of West Virginia''s Office', 2);
INSERT INTO public.river_reviews (river_id, username, review_date, stars, body, is_seed) VALUES ('newriver_va', 'new_river_va_explorer', 'Sep 2024', 5, 'Narrows section at 3,200 cfs — Class III–IV through the Virginia gorge with the New River Trail above. The river is flowing upstream through a mountain range and you can feel it.', true);
INSERT INTO public.river_reviews (river_id, username, review_date, stars, body, is_seed) VALUES ('newriver_va', 'giles_county_paddler', 'Oct 2024', 4, 'Claytor tailwater at 2,000 cfs in fall color — consistent Class II on beautiful water. The New River Valley is underrated by every paddler east of the Mississippi.', true);
INSERT INTO public.river_outfitters (river_id, name, description, link, is_seed) VALUES ('newriver_va', 'New River Outdoors', 'New River Virginia trips and rentals', 'newriveroutdoors.com', true);
INSERT INTO public.river_outfitters (river_id, name, description, link, is_seed) VALUES ('newriver_va', 'Wild Virginia', 'New River Narrows guided kayak trips', 'wildvirginia.com', true);
INSERT INTO public.rivers (id, state_key, name, county, length, class, optimal_cfs, usgs_gauge, avg_cfs, hist_flow, map_x, map_y, description, designations, sections, filter_flags) VALUES ('russell_fork', 'va', 'Russell Fork', 'Dickenson Co., VA / Pike Co., KY', '15 mi', 'IV–V+', '800–1500', '03208500', 900, 820, 455, 110, 'The most extreme commercially-accessible whitewater in the eastern United States — the Russell Fork''s Breaks Canyon section drops through a 1,000-foot gorge at the Virginia-Kentucky border with Class IV–V+ rapids including El Horendo, Triple Drop, and Tower Falls. Best on fall dam releases from Pound Reservoir. The Breaks Interstate Park canyon is the deepest canyon east of the Mississippi.', 'Breaks Interstate Park (VA/KY) · The Grand Canyon of the South · Deepest Canyon East of the Mississippi', ARRAY['Pound Reservoir to Breaks Gorge — approach','Breaks Canyon — Class IV–V+, 8 mi, no exits','Below Breaks to Kentucky — Class III, lower river'], '{"ww":true,"wild":false,"appalachian":true,"piedmont":false}') ON CONFLICT (id) DO NOTHING;
INSERT INTO public.river_history (river_id, era, year, title, body, source, sort_order) VALUES ('russell_fork', 'native', 'Pre-contact', 'Cherokee and Shawnee — The Breaks of the Mountains', 'The Breaks Canyon was a boundary zone between Cherokee and Shawnee territory. ''The Breaks'' — where the river cuts through Pine Mountain — was known to Native peoples as a significant geological landmark. Daniel Boone passed through in the 1770s and called it one of the most striking natural features he had seen.', 'Virginia Department of Historic Resources; Breaks Interstate Park', 0);
INSERT INTO public.river_history (river_id, era, year, title, body, source, sort_order) VALUES ('russell_fork', 'logging', '1920s–1970s', 'Pound Dam and the Coal Era', 'Pound Dam was constructed in 1966 by the Army Corps of Engineers to reduce flooding in the coal-mining communities downstream. The dam also created the controlled releases that now enable the Russell Fork''s fall whitewater season.', 'USACE; Dickenson County Historical Society', 1);
INSERT INTO public.river_history (river_id, era, year, title, body, source, sort_order) VALUES ('russell_fork', 'modern', '2023', 'Russell Fork Fall Festival — East Coast Extreme Kayaking', 'The Russell Fork Fall Festival each October draws elite kayakers from across the country for the dam-release season. USACE coordinated October releases have created one of the most anticipated events on the eastern extreme kayaking calendar.', 'American Whitewater; Breaks Interstate Park (2023)', 2);
INSERT INTO public.river_reviews (river_id, username, review_date, stars, body, is_seed) VALUES ('russell_fork', 'russell_fork_survivor', 'Oct 2024', 5, 'Breaks Canyon at 2,200 cfs on the October release — El Horendo puts you in the wall, Tower Falls drops you 12 feet. Nothing in the East is harder or more committing than this canyon.', true);
INSERT INTO public.river_reviews (river_id, username, review_date, stars, body, is_seed) VALUES ('russell_fork', 'appalachian_extremist', 'Oct 2024', 4, 'El Horendo scouted for 25 minutes. Portaged Triple Drop at that flow. Still the best 8 miles of my life. The canyon walls are vertical and the river means business.', true);
INSERT INTO public.river_outfitters (river_id, name, description, link, is_seed) VALUES ('russell_fork', 'Breaks Interstate Park', 'Breaks Canyon access and camping', 'breakspark.com', true);
INSERT INTO public.river_outfitters (river_id, name, description, link, is_seed) VALUES ('russell_fork', 'Class VI River Runners', 'Russell Fork guided trips (WV-based)', 'class-vi.com', true);
INSERT INTO public.rivers (id, state_key, name, county, length, class, optimal_cfs, usgs_gauge, avg_cfs, hist_flow, map_x, map_y, description, designations, sections, filter_flags) VALUES ('maury', 'va', 'Maury River', 'Rockbridge Co.', '60 mi', 'I–III', '300–2000', '02024000', 680, 620, 418, 95, 'Goshen Pass — one of the most spectacular river gorges in Virginia. The Maury River flows 60 miles through Rockbridge County, with the 3-mile Goshen Pass section delivering Class I–III whitewater through a dramatic mountain gap. The river passes VMI and Washington and Lee University in Lexington, making it one of the most historically rich paddling corridors in the Shenandoah Valley.', 'Goshen Pass State Natural Area · Virginia Scenic River', ARRAY['Goshen Pass — 3 mi, Class II–III, the classic gorge section','Lexington area — Class I–II, urban heritage float','Below Lexington to James River — Class I, wide valley'], '{"ww":true,"wild":false,"appalachian":true,"piedmont":false}') ON CONFLICT (id) DO NOTHING;
INSERT INTO public.river_history (river_id, era, year, title, body, source, sort_order) VALUES ('maury', 'native', 'Pre-contact', 'Monacan — Shenandoah Valley River', 'The Maury River watershed was Monacan territory. The Monacan people inhabited the Blue Ridge and Shenandoah Valley for thousands of years before European contact. Goshen Pass was a natural travel corridor through the Allegheny Mountains.', 'Monacan Indian Nation; Rockbridge County Historical Society', 0);
INSERT INTO public.river_history (river_id, era, year, title, body, source, sort_order) VALUES ('maury', 'modern', '2023', 'Goshen Pass — Virginia"s Whitewater Treasure', 'Goshen Pass has been a beloved Virginia natural landmark for over 150 years. The 3-mile gorge section is managed as a State Natural Area and provides the best easily-accessible whitewater in the Shenandoah Valley. Spring rhododendron blooms along the gorge walls are legendary.', 'Virginia DCR; VMI; Rockbridge Area Conservation Council (2023)', 1);
INSERT INTO public.river_reviews (river_id, username, review_date, stars, body, is_seed) VALUES ('maury', 'goshen_pass_regular', 'Apr 2024', 5, 'Goshen Pass at 800 cfs in spring — Class II–III through the gorge with rhododendrons blooming on every wall. Virginia"s most beautiful short whitewater run.', true);
INSERT INTO public.river_reviews (river_id, username, review_date, stars, body, is_seed) VALUES ('maury', 'lexington_paddler', 'May 2024', 4, 'Maury through Lexington at 500 cfs — Class I–II past VMI and W&L. History and paddling in one afternoon.', true);
INSERT INTO public.river_outfitters (river_id, name, description, link, is_seed) VALUES ('maury', 'Twin River Outfitters', 'Maury River and Goshen Pass rentals from Lexington', '', true);
INSERT INTO public.rivers (id, state_key, name, county, length, class, optimal_cfs, usgs_gauge, avg_cfs, hist_flow, map_x, map_y, description, designations, sections, filter_flags) VALUES ('jackson_va', 'va', 'Jackson River', 'Highland / Bath Co.', '95 mi', 'I–II', '200–1000', '02016000', 480, 440, 400, 82, 'Virginia"s premier Blue-Ribbon trout tailwater — the Jackson River below Gathright Dam delivers cold, clear water through the Allegheny Highlands, supporting trophy brown and rainbow trout. The 95-mile river flows through some of the most remote mountain terrain in Virginia, with the dam-release section offering year-round fishing and gentle Class I–II paddling.', 'Virginia Blue-Ribbon Trout Stream · Gathright Dam Tailwater · George Washington National Forest', ARRAY['Below Gathright Dam — trophy trout tailwater, Class I–II','Falling Spring to Clifton Forge — Class I–II, mountain valley','Lower Jackson to James River — Class I, wide valley'], '{"ww":false,"wild":false,"appalachian":true,"piedmont":false}') ON CONFLICT (id) DO NOTHING;
INSERT INTO public.river_history (river_id, era, year, title, body, source, sort_order) VALUES ('jackson_va', 'native', 'Pre-contact', 'Monacan and Shawnee — Highland Valley River', 'The Jackson River valley in the Allegheny Highlands was a borderland between Monacan and Shawnee territory. The remote mountain valley provided hunting grounds and a natural corridor through the Alleghenies. Hot springs in Bath County attracted Native peoples for thousands of years.', 'Virginia Department of Historic Resources; Bath County Historical Society', 0);
INSERT INTO public.river_history (river_id, era, year, title, body, source, sort_order) VALUES ('jackson_va', 'modern', '2024', 'Gathright Dam Tailwater — Trophy Trout Destination', 'The Jackson River tailwater below Gathright Dam has become one of the finest trout fisheries in the Mid-Atlantic. Cold, oxygen-rich water from the dam"s deep release sustains trophy brown trout exceeding 20 inches. Special regulation sections protect the fishery.', 'Virginia DWR; USACE Gathright Dam (2024)', 1);
INSERT INTO public.river_reviews (river_id, username, review_date, stars, body, is_seed) VALUES ('jackson_va', 'jackson_river_angler', 'Mar 2024', 5, 'Below Gathright at 350 cfs — brown trout to 22 inches on nymphs. The Jackson tailwater is Virginia"s best-kept trout secret.', true);
INSERT INTO public.river_reviews (river_id, username, review_date, stars, body, is_seed) VALUES ('jackson_va', 'highland_county_paddler', 'May 2024', 4, 'Upper Jackson at 400 cfs — gentle Class I–II through the Allegheny Highlands. Remote Virginia mountain paddling at its finest.', true);
INSERT INTO public.river_outfitters (river_id, name, description, link, is_seed) VALUES ('jackson_va', 'Highland Adventures', 'Jackson River guided float fishing and paddling', '', true);
INSERT INTO public.rivers (id, state_key, name, county, length, class, optimal_cfs, usgs_gauge, avg_cfs, hist_flow, map_x, map_y, description, designations, sections, filter_flags) VALUES ('south_branch', 'va', 'Potomac River — South Branch', 'Pendleton / Grant Co.', '130 mi', 'I–III', '300–2000', '01636500', 1200, 1100, 370, 60, 'Smoke Hole Canyon — one of the deepest and most remote river gorges east of the Mississippi. The South Branch Potomac flows 130 miles through the Allegheny Mountains along the Virginia-West Virginia border, with the 25-mile Smoke Hole section delivering Class I–III whitewater through a 1,000-foot-deep canyon. Wild trout, cave formations, and zero road access make this one of the most wilderness-like rivers in the East.', 'Smoke Hole Canyon · Spruce Knob-Seneca Rocks National Recreation Area', ARRAY['Upper South Branch — Pendleton County, Class I–II, mountain headwaters','Smoke Hole Canyon — 25 mi, Class I–III, deepest gorge section','Below Smoke Hole to Petersburg — Class I–II, valley river'], '{"ww":true,"wild":false,"appalachian":true,"piedmont":false}') ON CONFLICT (id) DO NOTHING;
INSERT INTO public.river_history (river_id, era, year, title, body, source, sort_order) VALUES ('south_branch', 'native', 'Pre-contact', 'Shawnee and Seneca — The Mountain Gorge', 'Smoke Hole Canyon was known to the Shawnee and Seneca peoples who used the gorge as a travel corridor and hunting ground. The name "Smoke Hole" may derive from Native practices of smoking meat in the canyon"s cave overhangs, or from mist rising from the river in the deep gorge.', 'West Virginia Division of Culture and History; Pendleton County Historical Society', 0);
INSERT INTO public.river_history (river_id, era, year, title, body, source, sort_order) VALUES ('south_branch', 'modern', '2023', 'Smoke Hole Canyon — East Coast Wilderness Paddling', 'Smoke Hole Canyon has become one of the most sought-after wilderness paddling experiences in the eastern U.S. The 25-mile roadless gorge section requires multi-day commitment and Class III skills. American Whitewater lists it as one of the premier remote paddling experiences in the Appalachians.', 'American Whitewater; USFS Monongahela NF (2023)', 1);
INSERT INTO public.river_reviews (river_id, username, review_date, stars, body, is_seed) VALUES ('south_branch', 'smoke_hole_explorer', 'Apr 2024', 5, 'Smoke Hole Canyon at 800 cfs in three days — 1,000-foot walls, Class II–III rapids, cave camps, zero other people. The most remote river experience east of the Mississippi.', true);
INSERT INTO public.river_reviews (river_id, username, review_date, stars, body, is_seed) VALUES ('south_branch', 'south_branch_paddler', 'May 2024', 4, 'Upper South Branch at 500 cfs — Class I–II through Pendleton County mountain country. Wild trout in every pool.', true);
INSERT INTO public.river_outfitters (river_id, name, description, link, is_seed) VALUES ('south_branch', 'Smoke Hole Outfitters', 'South Branch Potomac guided canyon trips', '', true);
INSERT INTO public.rivers (id, state_key, name, county, length, class, optimal_cfs, usgs_gauge, avg_cfs, hist_flow, map_x, map_y, description, designations, sections, filter_flags) VALUES ('cumberland', 'ky', 'Cumberland River — Big South Fork', 'McCreary Co., KY / Scott Co., TN', '123 mi', 'I–IV', '500–3000', '03413200', 1400, 1280, 490, 115, 'The Big South Fork of the Cumberland cuts one of the deepest and most spectacular gorges in the eastern United States — 500-foot sandstone walls, no roads, and over 190 miles of river and creek within the Big South Fork National River and Recreation Area. The whitewater through the gorge alternates with broad still sections.', 'Big South Fork National River and Recreation Area (NPS) · National Wild & Scenic River', ARRAY['Confluence to Burnt Mill Bridge — Class I–II, remote wilderness','Station Camp to Blue Heron — Class II–III, classic gorge float','Leatherwood Ford to Alum Ford — Class III–IV, most challenging'], '{"ww":true,"wild":true,"scenic":false,"cave":false}') ON CONFLICT (id) DO NOTHING;
INSERT INTO public.river_history (river_id, era, year, title, body, source, sort_order) VALUES ('cumberland', 'native', 'Pre-contact', 'Cherokee and Shawnee — The Great Hunting Ground', 'The Cumberland Plateau was a contested and sacred hunting ground shared between Cherokee (from the south) and Shawnee (from the north). Neither nation maintained permanent settlements on the plateau — it was a vast commons deliberately left undeveloped for its hunting value.', 'NPS Big South Fork; Tennessee Historical Commission', 0);
INSERT INTO public.river_history (river_id, era, year, title, body, source, sort_order) VALUES ('cumberland', 'logging', '1880s–1950s', 'Stearns Coal and Lumber — Company Town Era', 'The Stearns Coal and Lumber Company operated an extensive coal and timber enterprise throughout the Big South Fork watershed from the 1890s through the 1950s. The Blue Heron mining complex — now an NPS open-air museum in the gorge — operated from 1937 to 1962.', 'NPS Big South Fork Blue Heron Mining Community; McCreary County Museum', 1);
INSERT INTO public.river_history (river_id, era, year, title, body, source, sort_order) VALUES ('cumberland', 'survey', '1974', 'Big South Fork National River and Recreation Area Created', 'Congress established the Big South Fork NRRA in 1974, protecting 125,000 acres of Cumberland Plateau gorge from the coal and timber extraction that surrounded it.', 'NPS Big South Fork NRRA', 2);
INSERT INTO public.river_history (river_id, era, year, title, body, source, sort_order) VALUES ('cumberland', 'modern', '2023', 'Big South Fork Trail System — Multi-Sport Mecca', 'The Big South Fork now hosts over 200 miles of hiking, 130 miles of horse trails, and the river corridor — making it one of the most diverse outdoor recreation destinations in the eastern U.S.', 'NPS Big South Fork NRRA Annual Report 2023', 3);
INSERT INTO public.river_documents (river_id, title, source, year, doc_type, pages, url) VALUES ('cumberland', 'Big South Fork NRRA General Management Plan', 'NPS', 2008, 'Federal', 240, 'https://www.nps.gov/biso/learn/management/generalmanagementplan.htm');
INSERT INTO public.river_reviews (river_id, username, review_date, stars, body, is_seed) VALUES ('cumberland', 'bsf_gorge_explorer', 'Oct 2024', 5, 'Station Camp to Blue Heron at 1,200 cfs — camped at the base of 500-foot sandstone walls. Found arrowheads on the gravel bar at camp. Blue Heron coal complex rose out of the fog in the morning. Extraordinary.', true);
INSERT INTO public.river_reviews (river_id, username, review_date, stars, body, is_seed) VALUES ('cumberland', 'cumberland_multi_day', 'May 2024', 5, 'Four days through the Big South Fork — no roads, no sounds but the river and the birds. The most remote feeling I''ve had east of the Mississippi.', true);
INSERT INTO public.river_outfitters (river_id, name, description, link, is_seed) VALUES ('cumberland', 'Sheltowee Trace Outfitters', 'Big South Fork guided and unguided trips', 'ky-rafting.com', true);
INSERT INTO public.river_outfitters (river_id, name, description, link, is_seed) VALUES ('cumberland', 'Outdoor Adventure Rafting', 'Cumberland River whitewater', 'outdooradventurerafting.com', true);
INSERT INTO public.rivers (id, state_key, name, county, length, class, optimal_cfs, usgs_gauge, avg_cfs, hist_flow, map_x, map_y, description, designations, sections, filter_flags) VALUES ('red_river', 'ky', 'Red River Gorge', 'Wolfe / Powell / Menifee Co.', '45 mi', 'I–III', '200–1500', '03282000', 680, 620, 390, 100, 'The Red River Gorge is one of the most visually stunning river corridors in the eastern United States — a UNESCO-recognized natural area of sandstone arches, hemlock gorges, and ancient rock shelters carved into the Daniel Boone National Forest. World-famous rock climbing destination.', 'Red River Gorge Geological Area · Daniel Boone National Forest · UNESCO Global Geopark candidate', ARRAY['Sky Bridge to Nada Tunnel — Class I–II, iconic scenery','Nada Tunnel to Torrent — Class I–II, gorge walls','Lower Red to Kentucky River — Class I–III, opening valley'], '{"ww":false,"wild":true,"scenic":true,"cave":false}') ON CONFLICT (id) DO NOTHING;
INSERT INTO public.river_history (river_id, era, year, title, body, source, sort_order) VALUES ('red_river', 'native', 'Pre-contact', 'Adena and Woodland Peoples — 10,000 Years in the Rock Shelters', 'The Red River Gorge sandstone shelters have been continuously occupied for over 10,000 years — among the longest archaeological records in eastern North America. The shelters (called ''rockshelters'') protected Adena, Woodland, and later Fort Ancient peoples.', 'University of Kentucky Archaeology; Daniel Boone National Forest', 0);
INSERT INTO public.river_history (river_id, era, year, title, body, source, sort_order) VALUES ('red_river', 'logging', '1880s–1940s', 'Logging the Gorge — and the Red River Dam Fight', 'The Red River watershed was substantially logged in the late 19th century. A bigger threat emerged: in 1965 the Army Corps of Engineers proposed a dam that would have flooded the entire gorge. A landmark conservation campaign centered on Justice William O. Douglas — who led a publicized hike through the gorge — defeated the dam proposal in 1976.', 'Daniel Boone National Forest; Justice William O. Douglas; Kentucky Heritage Council', 1);
INSERT INTO public.river_history (river_id, era, year, title, body, source, sort_order) VALUES ('red_river', 'modern', '2024', 'World-Class Rock Climbing — Miguel''s Pizza and the Gorge Economy', 'The Red River Gorge has become one of the top 5 sport climbing destinations in North America, drawing climbers from around the world to its sandstone faces. Miguel''s Pizza — a climber campground and institution — has become a beloved cultural anchor for the climbing and paddling community.', 'American Alpine Club; Red River Gorge Climbers Coalition', 2);
INSERT INTO public.river_reviews (river_id, username, review_date, stars, body, is_seed) VALUES ('red_river', 'red_river_gorge_native', 'Apr 2024', 5, 'Red River at 600 cfs in spring — hemlock walls, natural arches above the water, no one else on the river. The gorge has a silence that gets inside you.', true);
INSERT INTO public.river_reviews (river_id, username, review_date, stars, body, is_seed) VALUES ('red_river', 'arch_country_paddler', 'Oct 2024', 4, 'Fall color in the gorge at 400 cfs — the red and orange reflected in every pool. Hiked out to Natural Bridge after take-out. Magic.', true);
INSERT INTO public.river_outfitters (river_id, name, description, link, is_seed) VALUES ('red_river', 'Rough Trail Canoe', 'Red River Gorge canoe trips and rentals', 'roughtrailcanoe.com', true);
INSERT INTO public.river_outfitters (river_id, name, description, link, is_seed) VALUES ('red_river', 'Miguel''s Pizza & Rock Climbing', 'Camping, community hub for gorge visitors', 'miguelspizza.com', true);
INSERT INTO public.rivers (id, state_key, name, county, length, class, optimal_cfs, usgs_gauge, avg_cfs, hist_flow, map_x, map_y, description, designations, sections, filter_flags) VALUES ('green_river', 'ky', 'Green River', 'Hart / Edmonson / Butler Co.', '384 mi', 'I–II', '300–1200', '03308500', 1850, 1700, 290, 118, 'Kentucky''s longest river at 384 miles — flows through the heart of Mammoth Cave National Park in one of the most geologically extraordinary landscapes on earth. A 25-mile wilderness canoe route through Mammoth Cave NP is one of the most unique paddling experiences in America — floating above the world''s longest known cave system.', 'Mammoth Cave National Park · UNESCO World Heritage Site · International Biosphere Reserve', ARRAY['Munfordville to Mammoth Cave NP — Class I–II, approach','Inside Mammoth Cave NP — 25 mi, spring-fed, crystal clear','Below Brownsville — Class I, widening valley'], '{"ww":false,"wild":false,"scenic":true,"cave":true}') ON CONFLICT (id) DO NOTHING;
INSERT INTO public.river_history (river_id, era, year, title, body, source, sort_order) VALUES ('green_river', 'native', 'Pre-contact', 'Archaic and Woodland Peoples — Inside the Caves', 'Mammoth Cave was used by Archaic and Woodland peoples for at least 4,000 years. Archaeological evidence of mining expeditions — gypsum, selenite, and mirabilite crystals — has been found deep inside the cave system, along with torches, woven baskets, and mummified remains of ancient miners.', 'NPS Mammoth Cave National Park; Smithsonian Institution', 0);
INSERT INTO public.river_history (river_id, era, year, title, body, source, sort_order) VALUES ('green_river', 'logging', '1800s', 'Saltpeter Mining and the War of 1812', 'The cave''s immense deposits of calcium nitrate (saltpeter) were mined during the War of 1812 to produce gunpowder for the U.S. Army. The wooden saltpeter vats and gourd-pipe water system from that era are still visible inside the cave.', 'NPS Mammoth Cave; Kentucky Historical Society', 1);
INSERT INTO public.river_history (river_id, era, year, title, body, source, sort_order) VALUES ('green_river', 'survey', '1941', 'Mammoth Cave National Park Established', 'Congress established Mammoth Cave National Park in 1941, protecting the cave system and the Green River corridor above it. The park was designated a UNESCO World Heritage Site in 1981 and an International Biosphere Reserve in 1990.', 'NPS Mammoth Cave; UNESCO World Heritage Committee', 2);
INSERT INTO public.river_history (river_id, era, year, title, body, source, sort_order) VALUES ('green_river', 'modern', '2019', 'Mammoth Cave — 420+ Miles of Surveyed Passage', 'As of 2019, cavers have surveyed over 420 miles of passage in the Mammoth Cave system — making it by far the longest known cave in the world. New passages continue to be mapped annually.', 'Cave Research Foundation; NPS Mammoth Cave', 3);
INSERT INTO public.river_documents (river_id, title, source, year, doc_type, pages, url) VALUES ('green_river', 'Mammoth Cave NP General Management Plan', 'NPS', 2014, 'Federal', 280, 'https://www.nps.gov/maca/learn/management/upload/MACA-General-Management-Plan-WebVersion.pdf');
INSERT INTO public.river_reviews (river_id, username, review_date, stars, body, is_seed) VALUES ('green_river', 'mammoth_cave_canoeist', 'Sep 2024', 5, 'Green River through the park at 700 cfs — water so clear you can see the gravel 8 feet down. Two days inside the park boundary with no roads in sight. Paddling over the world''s longest cave.', true);
INSERT INTO public.river_reviews (river_id, username, review_date, stars, body, is_seed) VALUES ('green_river', 'green_river_ky_local', 'Jul 2024', 4, 'Below Brownsville at 1,200 cfs — wide, easy current, endless wildlife. The cave springs keep it cold and clear even in July.', true);
INSERT INTO public.river_outfitters (river_id, name, description, link, is_seed) VALUES ('green_river', 'Green River Canoe Rental', 'Mammoth Cave area canoe trips', 'mammothcavecanoe.com', true);
INSERT INTO public.river_outfitters (river_id, name, description, link, is_seed) VALUES ('green_river', 'Mammoth Cave Adventures', 'Park canoe concession', 'mammothcaveadventures.com', true);
INSERT INTO public.rivers (id, state_key, name, county, length, class, optimal_cfs, usgs_gauge, avg_cfs, hist_flow, map_x, map_y, description, designations, sections, filter_flags) VALUES ('rockcastle', 'ky', 'Rockcastle River', 'Laurel / Rockcastle Co.', '50 mi', 'I–III', '300–1500', '03281100', 680, 620, 430, 113, 'The most beautiful river in Kentucky — the Rockcastle flows through the heart of the Daniel Boone National Forest in spectacular sandstone gorge country. Class I–III rapids through dramatic palisades of Pennsylvanian sandstone, with world-class rock climbing on the canyon walls above. The river''s clarity is exceptional — and it was Daniel Boone''s favorite hunting ground.', 'National Wild & Scenic River · Daniel Boone National Forest · Clifty Wilderness', ARRAY['Sublimity Bridge to Round Stone — Class I–II, upper gorge','Round Stone to Bee Rock — Class II–III, best whitewater, Clifty Wilderness','Bee Rock to Cumberland River — Class I–II, lower canyon'], '{"ww":false,"wild":true,"scenic":true,"cave":false}') ON CONFLICT (id) DO NOTHING;
INSERT INTO public.river_history (river_id, era, year, title, body, source, sort_order) VALUES ('rockcastle', 'native', 'Pre-contact', 'Cherokee and Shawnee — ''River of the Rock Castle''', '''Rockcastle'' derives from the distinctive castle-like sandstone formations towering above the river. The gorge was within the contested borderland between Cherokee and Shawnee hunting territories. No permanent villages — the gorge was a passage and hunting corridor.', 'Kentucky Heritage Council; Daniel Boone National Forest', 0);
INSERT INTO public.river_history (river_id, era, year, title, body, source, sort_order) VALUES ('rockcastle', 'logging', '1770s', 'Daniel Boone''s Wilderness Road', 'Daniel Boone crossed the Rockcastle River at Hazel Patch in 1775 as part of his Wilderness Road — the trail that opened Kentucky to settlement. Boone later wrote that he found the Rockcastle country among the finest hunting landscapes he had encountered in his decades on the frontier.', 'Kentucky Historical Society; Filson Historical Society', 1);
INSERT INTO public.river_history (river_id, era, year, title, body, source, sort_order) VALUES ('rockcastle', 'modern', '1993', 'Wild & Scenic Designation — Kentucky''s Most Remote Gorge', 'Congress designated the Rockcastle as Wild & Scenic in 1993, protecting the Clifty Wilderness gorge section. The designation established the Rockcastle as one of only two National Wild & Scenic Rivers entirely within Kentucky.', 'USFS Daniel Boone NF; Wild & Scenic Rivers Act (1993)', 2);
INSERT INTO public.river_reviews (river_id, username, review_date, stars, body, is_seed) VALUES ('rockcastle', 'rockcastle_gorge_paddler', 'Apr 2024', 5, 'Bee Rock section at 800 cfs — sandstone walls 300 feet high, Class II–III all day, zero other paddlers. Kentucky''s best-kept paddling secret.', true);
INSERT INTO public.river_reviews (river_id, username, review_date, stars, body, is_seed) VALUES ('rockcastle', 'ky_canyon_explorer', 'May 2024', 5, 'Round Stone to Bee Rock at 600 cfs — looked up from the river and rock climbers were 200 feet above me on the walls. The Rockcastle does not disappoint.', true);
INSERT INTO public.river_outfitters (river_id, name, description, link, is_seed) VALUES ('rockcastle', 'Sheltowee Trace Outfitters', 'Rockcastle River guided canoe and kayak trips', 'ky-rafting.com', true);
INSERT INTO public.rivers (id, state_key, name, county, length, class, optimal_cfs, usgs_gauge, avg_cfs, hist_flow, map_x, map_y, description, designations, sections, filter_flags) VALUES ('elkhorn', 'ky', 'South Elkhorn Creek', 'Fayette / Scott / Woodford Co.', '35 mi', 'I–II', '200–1000', '03287500', 420, 385, 395, 108, 'The quintessential Bluegrass paddling creek — the South Elkhorn meanders 35 miles through the heart of horse country, passing thoroughbred farms, covered bridge ruins, and limestone palisades within sight of Lexington. Best Class I–II canoe and kayak stream in central Kentucky. Spring bluebells line the banks; great blue herons work every pool.', 'Kentucky Scenic Stream · Fayette County Urban Wildlife Corridor', ARRAY['Georgetown to Midway — Class I–II, gentle Bluegrass meander','Midway to Versailles — Class I, horse farm palisade country','Versailles to Frankfort — Class I–II, lower creek'], '{"ww":false,"wild":false,"scenic":true,"cave":false}') ON CONFLICT (id) DO NOTHING;
INSERT INTO public.river_history (river_id, era, year, title, body, source, sort_order) VALUES ('elkhorn', 'native', 'Pre-contact', 'Shawnee and Cherokee — The Great Meadow Country', 'The Bluegrass region of Kentucky — Elkhorn Creek''s home — was called the Great Meadow by early settlers, an astonishing bison-rich landscape maintained by Native burning and grazing. The creek watershed was contested Shawnee and Cherokee hunting territory that no nation permanently inhabited.', 'Kentucky Historical Society; University of Kentucky Anthropology', 0);
INSERT INTO public.river_history (river_id, era, year, title, body, source, sort_order) VALUES ('elkhorn', 'logging', '1774–1800', 'Elkhorn Country — First Kentucky Settlements', 'Elkhorn Creek and its tributaries were among the first areas settled after Daniel Boone''s Wilderness Road opened Kentucky. Bryan Station — scene of a famous 1782 Shawnee siege — was located on the North Elkhorn. The limestone spring waters of the Elkhorn watershed shaped the development of Kentucky bourbon distilling.', 'Kentucky Historical Society; Bourbon County Historical Society', 1);
INSERT INTO public.river_history (river_id, era, year, title, body, source, sort_order) VALUES ('elkhorn', 'modern', '2024', 'Lexington''s Urban Greenway — Bluegrass Creek Conservation', 'The Elkhorn Creek and South Elkhorn watershed have been targets of an active urban stream conservation effort in Lexington and Fayette County. The creek provides critical wildlife corridor habitat connecting the remaining rural Bluegrass to Lexington''s suburbs.', 'Fayette County; Kentucky Waterways Alliance (2024)', 2);
INSERT INTO public.river_reviews (river_id, username, review_date, stars, body, is_seed) VALUES ('elkhorn', 'bluegrass_canoeist', 'May 2024', 5, 'Georgetown to Midway at 350 cfs — spring bluebells lining the banks, thoroughbreds in the pastures above the palisades, herons at every bend. Bluegrass Kentucky at its absolute finest.', true);
INSERT INTO public.river_reviews (river_id, username, review_date, stars, body, is_seed) VALUES ('elkhorn', 'lex_river_explorer', 'Apr 2024', 4, 'South Elkhorn at 500 cfs in April — limestone walls, farm bridge shadows, and spring wildflowers. You''d never know Lexington is 15 minutes away.', true);
INSERT INTO public.river_outfitters (river_id, name, description, link, is_seed) VALUES ('elkhorn', 'Elkhorn Canoe Trips', 'Versailles-based Elkhorn Creek rentals', 'elkhorncanoe.com', true);
INSERT INTO public.rivers (id, state_key, name, county, length, class, optimal_cfs, usgs_gauge, avg_cfs, hist_flow, map_x, map_y, description, designations, sections, filter_flags) VALUES ('kentucky', 'ky', 'Kentucky River', 'Madison / Jessamine Co.', '259 mi', 'I', '500–5000', '03284000', 4200, 3800, 440, 102, 'The Palisades of the Kentucky River — 100 miles of 300-foot limestone cliffs through the heart of bourbon country. The Kentucky River flows 259 miles from the Appalachian foothills to the Ohio River, passing Camp Nelson, bourbon distilleries, and some of the most dramatic river gorge scenery in the eastern U.S. Class I water with stunning geology.', 'Kentucky Wild River (Palisades section) · Camp Nelson National Monument', ARRAY['Palisades — Camp Nelson to Frankfort, 100 mi, limestone gorge','Above the Palisades — Class I, Appalachian foothills','Frankfort to Carrollton — Class I, lower river to Ohio'], '{"ww":false,"wild":false,"scenic":true,"cave":false}') ON CONFLICT (id) DO NOTHING;
INSERT INTO public.river_history (river_id, era, year, title, body, source, sort_order) VALUES ('kentucky', 'native', 'Pre-contact', 'Shawnee — The Great Meadow River', 'The Kentucky River valley was contested Shawnee and Cherokee hunting territory. The word "Kentucky" likely derives from an Iroquoian term meaning "meadowland" or "prairie." The Palisades section was known to Native peoples as a dramatic landscape feature for thousands of years.', 'Kentucky Historical Society; Jessamine County Historical Society', 0);
INSERT INTO public.river_history (river_id, era, year, title, body, source, sort_order) VALUES ('kentucky', 'modern', '2018', 'Camp Nelson National Monument — Civil War Heritage', 'Camp Nelson, a major Civil War supply depot and African American recruitment center on the Kentucky River, was designated a National Monument in 2018. The site tells the story of 10,000 African American soldiers who enlisted in the Union Army at this location.', 'NPS Camp Nelson National Monument; Kentucky Historical Society (2018)', 1);
INSERT INTO public.river_reviews (river_id, username, review_date, stars, body, is_seed) VALUES ('kentucky', 'palisades_paddler', 'Jun 2024', 5, 'Camp Nelson to Harrodsburg at 2,000 cfs — 300-foot limestone palisades, bourbon distillery views from the water, Class I all day. Kentucky"s most underrated river.', true);
INSERT INTO public.river_reviews (river_id, username, review_date, stars, body, is_seed) VALUES ('kentucky', 'ky_river_explorer', 'Sep 2024', 4, 'Palisades section at 1,500 cfs in fall — limestone walls glowing orange in autumn light. Zero whitewater, maximum scenery.', true);
INSERT INTO public.river_outfitters (river_id, name, description, link, is_seed) VALUES ('kentucky', 'Shaker Village Riverboat', 'Kentucky River Palisades access and tours', '', true);
INSERT INTO public.rivers (id, state_key, name, county, length, class, optimal_cfs, usgs_gauge, avg_cfs, hist_flow, map_x, map_y, description, designations, sections, filter_flags) VALUES ('licking', 'ky', 'Licking River', 'Bath / Fleming Co.', '320 mi', 'I–II', '300–3000', '03253000', 2800, 2500, 465, 95, 'Daniel Boone country — the Licking River flows 320 miles through the rolling hills of northeastern Kentucky, past Blue Licks Battlefield (site of the last battle of the American Revolution in 1782) and through some of the most historically significant landscape in early American frontier history. Gentle Class I–II water through farm country and forested hills.', 'Kentucky Scenic Stream · Blue Licks Battlefield State Resort Park', ARRAY['Upper Licking — Bath County, Class I–II, headwaters','Blue Licks to Falmouth — Class I, historic corridor','Falmouth to Ohio River — Class I, lower river'], '{"ww":false,"wild":false,"scenic":true,"cave":false}') ON CONFLICT (id) DO NOTHING;
INSERT INTO public.river_history (river_id, era, year, title, body, source, sort_order) VALUES ('licking', 'native', 'Pre-contact', 'Shawnee — The Salt Lick River', 'The Licking River was named for the numerous salt licks along its course — mineral deposits that attracted bison herds and, in turn, the Shawnee and other peoples who hunted them. Blue Licks was one of the most significant salt lick sites in Kentucky, drawing Native peoples for thousands of years.', 'Kentucky Historical Society; Blue Licks Battlefield State Resort Park', 0);
INSERT INTO public.river_history (river_id, era, year, title, body, source, sort_order) VALUES ('licking', 'modern', '1782', 'Battle of Blue Licks — Last Battle of the Revolution', 'The Battle of Blue Licks (August 19, 1782) was the last major engagement of the American Revolution. A force of British-allied Native warriors and Loyalists defeated Kentucky militia on the Licking River. Daniel Boone"s son Israel was killed in the battle. The site is now a state park.', 'Blue Licks Battlefield State Resort Park; Kentucky Historical Society', 1);
INSERT INTO public.river_reviews (river_id, username, review_date, stars, body, is_seed) VALUES ('licking', 'licking_river_paddler', 'May 2024', 4, 'Blue Licks section at 800 cfs — Class I through Daniel Boone country, past the battlefield and salt lick springs. Kentucky history from the water.', true);
INSERT INTO public.river_reviews (river_id, username, review_date, stars, body, is_seed) VALUES ('licking', 'ne_ky_canoeist', 'Jun 2024', 4, 'Upper Licking at 500 cfs — gentle Class I–II through rolling hills and farmland. Northeastern Kentucky at its most peaceful.', true);
INSERT INTO public.river_outfitters (river_id, name, description, link, is_seed) VALUES ('licking', 'Blue Licks Canoe Livery', 'Licking River canoe and kayak rentals', '', true);
INSERT INTO public.rivers (id, state_key, name, county, length, class, optimal_cfs, usgs_gauge, avg_cfs, hist_flow, map_x, map_y, description, designations, sections, filter_flags) VALUES ('russell_ky', 'ky', 'Russell Creek', 'Adair / Russell Co.', '50 mi', 'I–II', '100–600', '03307000', 280, 250, 420, 120, 'A spring-fed Green River tributary in south-central Kentucky — Russell Creek flows 50 miles through cave country, fed by numerous limestone springs that keep the water cold and clear year-round. The creek passes through pastoral farm country with dramatic karst geology, sinkholes, and spring resurgences. Best at moderate flows in spring; a hidden gem for small-creek paddlers.', 'Green River Watershed · Kentucky Cave Country', ARRAY['Upper Russell — Adair County, Class I–II, spring-fed headwaters','Middle Russell — Class I, pastoral farmland','Lower Russell to Green River — Class I, confluence'], '{"ww":false,"wild":false,"scenic":false,"cave":true}') ON CONFLICT (id) DO NOTHING;
INSERT INTO public.river_history (river_id, era, year, title, body, source, sort_order) VALUES ('russell_ky', 'native', 'Pre-contact', 'Cherokee and Shawnee — Cave Country Creek', 'The Russell Creek watershed lies within the karst landscape of south-central Kentucky — a region honeycombed with caves and springs that attracted Native peoples for shelter and the abundant game drawn to the springs. The region was contested Cherokee and Shawnee hunting territory.', 'Kentucky Archaeological Survey; Adair County Historical Society', 0);
INSERT INTO public.river_history (river_id, era, year, title, body, source, sort_order) VALUES ('russell_ky', 'modern', '2023', 'Karst Springs — Cold-Water Refuge', 'Russell Creek"s spring-fed flow makes it one of the most consistent small streams in central Kentucky. The limestone springs maintain water temperatures below 65°F in summer, supporting a coldwater fish community unusual for this latitude. The creek is increasingly recognized as an important tributary to the Green River watershed.', 'Kentucky Division of Water; Green River Conservancy (2023)', 1);
INSERT INTO public.river_reviews (river_id, username, review_date, stars, body, is_seed) VALUES ('russell_ky', 'small_creek_paddler_ky', 'Apr 2024', 4, 'Russell Creek at 300 cfs after spring rain — clear spring-fed water through farm country and cave country. South-central Kentucky"s hidden gem.', true);
INSERT INTO public.river_reviews (river_id, username, review_date, stars, body, is_seed) VALUES ('russell_ky', 'green_river_tributary_explorer', 'May 2024', 4, 'Upper Russell at 200 cfs — intimate Class I–II through karst landscape. Springs entering from both banks. Magical small-stream paddling.', true);
INSERT INTO public.river_outfitters (river_id, name, description, link, is_seed) VALUES ('russell_ky', 'Green River Canoeing', 'Russell Creek and Green River area paddle trips', '', true);
INSERT INTO public.rivers (id, state_key, name, county, length, class, optimal_cfs, usgs_gauge, avg_cfs, hist_flow, map_x, map_y, description, designations, sections, filter_flags) VALUES ('nantahala', 'nc', 'Nantahala River', 'Swain / Macon Co.', '8 mi', 'II–III', '600–1200', '03504000', 820, 750, 160, 112, 'The most commercially rafted river in the eastern United States — 8 miles of continuous Class II–III through the Nantahala Gorge in Nantahala National Forest. Ice-cold tailwater from Fontana Reservoir creates year-round paddling. ''Nantahala'' means ''Land of the Noonday Sun'' in Cherokee — the gorge is so deep that sunlight only reaches the river floor at midday.', 'Nantahala National Forest · Nantahala Outdoor Center (NOC) — founded 1972', ARRAY['Ferebee Park to NOC — 8 mi, continuous Class II–III','Nantahala Falls at takeout — Class III+, distinct final drop'], '{"ww":true,"wild":false,"appalachian":true,"piedmont":false}') ON CONFLICT (id) DO NOTHING;
INSERT INTO public.river_history (river_id, era, year, title, body, source, sort_order) VALUES ('nantahala', 'native', 'Pre-contact', 'Cherokee — ''Land of the Noonday Sun''', 'The Nantahala Gorge was deep within the Cherokee heartland. ''Nantahala'' (Nun-da-ga-lun-yi) means ''land of the noonday sun'' in the Cherokee language — a direct reference to the gorge''s extraordinary depth, where direct sunlight reaches the river only briefly at midday. The Eastern Band of Cherokee Indians, headquartered at Cherokee NC, maintains cultural connections throughout the watershed.', 'Eastern Band of Cherokee Indians; University of North Carolina Cherokee Studies', 0);
INSERT INTO public.river_history (river_id, era, year, title, body, source, sort_order) VALUES ('nantahala', 'logging', '1900–1940', 'Alcoa and Fontana Dam — The Gorge Transformed', 'The Aluminum Company of America (Alcoa) acquired the Nantahala watershed in the early 20th century for hydroelectric power generation. Fontana Dam — completed in 1944 during World War II to power the Alcoa smelter at Maryville, TN — created the cold-water reservoir that now feeds the Nantahala River, giving it its distinctive ice-cold temperature year-round.', 'TVA Fontana Dam Historical Records; Swain County Historical Society', 1);
INSERT INTO public.river_history (river_id, era, year, title, body, source, sort_order) VALUES ('nantahala', 'survey', '1972', 'Nantahala Outdoor Center Founded', 'Payson and Aurelia Kennedy founded the Nantahala Outdoor Center at the gorge takeout in 1972, pioneering the commercial outdoor education and river guiding industry in the eastern U.S. Multiple Olympic paddlers have trained on the Nantahala.', 'Nantahala Outdoor Center; American Canoe Association', 2);
INSERT INTO public.river_history (river_id, era, year, title, body, source, sort_order) VALUES ('nantahala', 'modern', '2024', '500,000+ Annual Visitors — Most Commercial River in the East', 'The Nantahala Gorge hosts over 500,000 paddlers annually, making it the most commercially paddled river in the eastern United States. The NOC complex generates over $40 million in annual economic impact for Swain County.', 'NOC Annual Report 2024; Swain County Economic Development', 3);
INSERT INTO public.river_reviews (river_id, username, review_date, stars, body, is_seed) VALUES ('nantahala', 'noc_regular', 'Jul 2024', 5, 'Nantahala at 850 cfs — cold, fast, perfect. Nantahala Falls at the end threw me out. Back in the boat. Worth every second.', true);
INSERT INTO public.river_reviews (river_id, username, review_date, stars, body, is_seed) VALUES ('nantahala', 'eastern_whitewater_fan', 'Jun 2024', 5, 'Best intro to eastern whitewater. The gorge walls, the cold water, the NOC at the end — this is what got me into paddling.', true);
INSERT INTO public.river_outfitters (river_id, name, description, link, is_seed) VALUES ('nantahala', 'Nantahala Outdoor Center', 'NOC — eastern whitewater institution since 1972', 'noc.com', true);
INSERT INTO public.river_outfitters (river_id, name, description, link, is_seed) VALUES ('nantahala', 'Rolling Thunder River Company', 'Nantahala gorge raft trips', 'rollingthunderrafting.com', true);
INSERT INTO public.rivers (id, state_key, name, county, length, class, optimal_cfs, usgs_gauge, avg_cfs, hist_flow, map_x, map_y, description, designations, sections, filter_flags) VALUES ('chattooga', 'nc', 'Chattooga River', 'Oconee / Rabun Co. (SC/GA/NC border)', '57 mi', 'II–V', '500–2000', '02177000', 860, 790, 235, 120, 'One of the most celebrated wild rivers in the eastern United States — 57 miles of National Wild & Scenic river forming the Georgia-South Carolina border through Sumter and Chattahoochee National Forests. Section IV contains Bull Sluice, Corkscrew, Crack-in-the-Rock, and the legendary Five Falls sequence — considered the finest Class IV–V day run in the South. Immortalized in James Dickey''s novel ''Deliverance'' (filmed here in 1972).', 'National Wild & Scenic River (1974) · First Wild & Scenic River in the Southeast', ARRAY['Section II — Class I–II, flatwater and mild','Section III — Class III–IV, Bull Sluice highlights','Section IV — Class IV–V, Five Falls, the classic','Below Section IV — Class IV, Tugaloo Lake'], '{"ww":true,"wild":true,"appalachian":true,"piedmont":false}') ON CONFLICT (id) DO NOTHING;
INSERT INTO public.river_history (river_id, era, year, title, body, source, sort_order) VALUES ('chattooga', 'native', 'Pre-contact', 'Cherokee — The River Boundary', 'The Chattooga River served as a boundary between Cherokee territory to the west and Catawba and Creek lands to the east. The word ''Chattooga'' likely derives from a Cherokee term meaning ''he drank by sips'' or ''swift water.''', 'Eastern Band of Cherokee Indians; South Carolina Historical Society', 0);
INSERT INTO public.river_history (river_id, era, year, title, body, source, sort_order) VALUES ('chattooga', 'logging', '1880s–1920s', 'Blue Ridge Logging — Sumter and Chattahoochee Forests', 'The Chattooga watershed was heavily logged in the late 19th and early 20th centuries by Blue Ridge timber operators. The national forests were established partly in response to the ecological devastation of clear-cutting the Southern Appalachians.', 'USFS Sumter National Forest Historical Records; Rabun County Historical Society', 1);
INSERT INTO public.river_history (river_id, era, year, title, body, source, sort_order) VALUES ('chattooga', 'survey', '1974', 'Wild & Scenic Designation — First in the Southeast', 'Congress designated the Chattooga as a Wild & Scenic River in 1974 — the first in the southeastern United States. The designation was partly a response to the visibility generated by the filming of ''Deliverance'' on the river.', 'Wild & Scenic Rivers Act (1974); USFS Sumter NF', 2);
INSERT INTO public.river_history (river_id, era, year, title, body, source, sort_order) VALUES ('chattooga', 'modern', '2012', 'Headwaters Opened to Paddling — 38 Years Later', 'For 38 years after Wild & Scenic designation, paddling was prohibited above Highway 28. In 2012, after years of advocacy by American Whitewater, the USFS opened the upper Chattooga to paddling — one of the most significant access victories in recent paddling history.', 'American Whitewater; USFS Chattooga Wild & Scenic River Management (2012)', 3);
INSERT INTO public.river_documents (river_id, title, source, year, doc_type, pages, url) VALUES ('chattooga', 'Chattooga Wild & Scenic River Study Report', 'USFS', 1974, 'Federal', 210, 'https://rivers.gov/sites/rivers/files/2023-01/chattooga-study.pdf');
INSERT INTO public.river_reviews (river_id, username, review_date, stars, body, is_seed) VALUES ('chattooga', 'section_iv_devotee', 'May 2024', 5, 'Chattooga Section IV at 1,100 cfs — Five Falls all running perfectly. Crack-in-the-Rock scared me appropriately. The wild river forest is as beautiful as any in the East.', true);
INSERT INTO public.river_reviews (river_id, username, review_date, stars, body, is_seed) VALUES ('chattooga', 'deliverance_country_paddler', 'Apr 2024', 5, 'Upper Section III at 900 cfs — Bull Sluice thundering. Walked out into Sumter NF with no roads visible. Exactly as wild as the film suggests.', true);
INSERT INTO public.river_outfitters (river_id, name, description, link, is_seed) VALUES ('chattooga', 'Nantahala Outdoor Center', 'Chattooga Section III and IV trips', 'noc.com', true);
INSERT INTO public.river_outfitters (river_id, name, description, link, is_seed) VALUES ('chattooga', 'Southeastern Expeditions', 'Chattooga guided rafting', 'southeasternexpeditions.com', true);
INSERT INTO public.rivers (id, state_key, name, county, length, class, optimal_cfs, usgs_gauge, avg_cfs, hist_flow, map_x, map_y, description, designations, sections, filter_flags) VALUES ('french_broad', 'nc', 'French Broad River', 'Henderson / Buncombe / Madison Co.', '210 mi', 'I–IV', '800–4000', '03451500', 2100, 1900, 290, 100, 'One of the oldest rivers in the world — geologists believe the French Broad predates the Blue Ridge Mountains and carved its path through the rising Appalachians over millions of years. Flows 210 miles from headwaters near Brevard through Asheville and into Tennessee. Hot Springs NC — where hot springs meet the river — is one of the most beloved paddling destinations in the Southeast.', 'North Carolina Scenic River · Appalachian Trail crosses at Hot Springs', ARRAY['Headwaters to Asheville — Class I–II, scenic upper valley','Asheville river arts district — urban paddle','Hot Springs section — Class I–III, river meets hot springs','Paint Rock to Douglas Lake — Class II–III, NC/TN border'], '{"ww":false,"wild":false,"appalachian":true,"piedmont":false}') ON CONFLICT (id) DO NOTHING;
INSERT INTO public.river_history (river_id, era, year, title, body, source, sort_order) VALUES ('french_broad', 'native', 'Pre-contact', 'Cherokee — One of the World''s Oldest Rivers', 'The French Broad River flows through the ancient heart of Cherokee territory. The Cherokees called it ''Tah-kee-os-tee'' meaning ''racing water.'' The river predates the Appalachian Mountains — making it one of the oldest river channels in the world, older than the range it cuts through.', 'Eastern Band of Cherokee Indians; NC Geological Survey', 0);
INSERT INTO public.river_history (river_id, era, year, title, body, source, sort_order) VALUES ('french_broad', 'logging', '1880s–1920s', 'Asheville Boom and the French Broad Valley', 'The Western North Carolina Railroad reached Asheville via the French Broad Valley in 1879, opening the Southern Appalachians to tourism and timber extraction. George Vanderbilt''s Biltmore Estate (built 1889–1895) on the French Broad was the largest private home in America.', 'Biltmore Estate; NC Department of Cultural Resources; Asheville Historical Society', 1);
INSERT INTO public.river_history (river_id, era, year, title, body, source, sort_order) VALUES ('french_broad', 'modern', '2024', 'Asheville River Arts District — Urban River Renaissance', 'The French Broad corridor through Asheville''s River Arts District has become a national model for urban river revitalization. Former industrial warehouses along the riverbank have been converted to studios, breweries, and restaurants.', 'Asheville River Arts District; French Broad Riverkeeper', 2);
INSERT INTO public.river_reviews (river_id, username, review_date, stars, body, is_seed) VALUES ('french_broad', 'hot_springs_pilgrim', 'Sep 2024', 5, 'Hot Springs section at 1,400 cfs — class II through the gorge, pulled out at the springs, soaked for an hour, back in the boat. NC at its finest.', true);
INSERT INTO public.river_reviews (river_id, username, review_date, stars, body, is_seed) VALUES ('french_broad', 'asheville_river_art', 'Jul 2024', 4, 'French Broad through the RAD at 2,200 cfs — murals on the warehouse walls above the river, breweries at the takeout. A new kind of river experience.', true);
INSERT INTO public.river_outfitters (river_id, name, description, link, is_seed) VALUES ('french_broad', 'Nantahala Outdoor Center', 'French Broad gorge section trips', 'noc.com', true);
INSERT INTO public.river_outfitters (river_id, name, description, link, is_seed) VALUES ('french_broad', 'French Broad River Outfitters', 'Hot Springs section canoe and kayak', 'frenchbroadriveroutfitters.com', true);
INSERT INTO public.rivers (id, state_key, name, county, length, class, optimal_cfs, usgs_gauge, avg_cfs, hist_flow, map_x, map_y, description, designations, sections, filter_flags) VALUES ('green_nc', 'nc', 'Green River Narrows', 'Polk Co.', '6 mi', 'IV–V+', '200–600', '03504000', 320, 290, 270, 112, 'Six miles of the most technical creek kayaking in the eastern United States — the Green River Narrows has become a world-renowned destination for expert paddlers since the 1990s. A continuous sequence of Class IV–V+ drops through a narrow gorge of Piedmont granite, culminating in the famous Gorilla rapid (Class V+). The annual Green Race draws the world''s fastest creek racers each November.', 'Gorge section — Unmaintained road access only · Green River Preserve corridor', ARRAY['Fishtop Access to Hwy 176 — Class IV–V+, the Narrows, 6 mi','Above Fishtop — Class III–IV, warm-up','Green River Lake to Narrows — Class II, upper river'], '{"ww":true,"wild":false,"appalachian":true,"piedmont":false}') ON CONFLICT (id) DO NOTHING;
INSERT INTO public.river_history (river_id, era, year, title, body, source, sort_order) VALUES ('green_nc', 'native', 'Pre-contact', 'Cherokee — The Green River Country', 'The Green River watershed in Polk County was within the Cherokee Nation''s territory in the southern Blue Ridge. The river''s headwaters in the Saluda Mountains were part of the Cherokee hunting grounds. The 1817 Treaty of Chickasaw Old Fields ceded much of this territory.', 'Eastern Band of Cherokee Indians; Polk County Historical Society', 0);
INSERT INTO public.river_history (river_id, era, year, title, body, source, sort_order) VALUES ('green_nc', 'survey', '1990s', 'The Green Race — Birth of an Institution', 'The Green River Narrows was first run by expert kayakers in the late 1980s and quickly recognized as a benchmark creek run. The annual Green Race — started in the early 1990s — became the most prestigious creek race in North America, drawing Olympic paddlers and elite boaters from around the world each November.', 'American Whitewater; Green Race Committee', 1);
INSERT INTO public.river_history (river_id, era, year, title, body, source, sort_order) VALUES ('green_nc', 'modern', '2024', 'The Green Race — World''s Premier Creek Race', 'The Green Race continues annually in November, drawing the world''s fastest creek racers including Olympic slalom competitors who specifically train on the Narrows. Gorilla rapid has become the most-documented single whitewater rapid in social media history.', 'American Whitewater; Paddling Magazine (2024)', 2);
INSERT INTO public.river_documents (river_id, title, source, year, doc_type, pages, url) VALUES ('green_nc', 'Green River Corridor Assessment', 'Polk County; NC DEQ', 2017, 'Survey', 65, 'https://www.deq.nc.gov/water-quality/planning/bpu/broad/broad-basin-plans/2008-plan/green-river/download');
INSERT INTO public.river_reviews (river_id, username, review_date, stars, body, is_seed) VALUES ('green_nc', 'green_race_competitor', 'Nov 2024', 5, 'The Narrows at 350 cfs — Gorilla and Sunshine of Your Love both clean. The Green is the best 6 miles in eastern creek kayaking, bar none. November Race was everything.', true);
INSERT INTO public.river_reviews (river_id, username, review_date, stars, body, is_seed) VALUES ('green_nc', 'nc_creek_kayaker', 'May 2024', 4, 'Narrows at 280 cfs — more technical at lower water, every line precise. Chief and Sunshine both nasty. Watched three swimmers at Gorilla in a two-hour sesh.', true);
INSERT INTO public.river_outfitters (river_id, name, description, link, is_seed) VALUES ('green_nc', 'Headwaters Outfitters', 'Green River area paddling and camping', 'headwatersoutfitters.com', true);
INSERT INTO public.rivers (id, state_key, name, county, length, class, optimal_cfs, usgs_gauge, avg_cfs, hist_flow, map_x, map_y, description, designations, sections, filter_flags) VALUES ('watauga', 'nc', 'Watauga River', 'Watauga / Avery Co.', '60 mi', 'II–IV', '200–800', '03479000', 520, 475, 350, 100, 'Flows from the High Country of the Blue Ridge near Boone through the Tennessee Valley Divide in a series of gorges and waterfalls. The Watauga Gorge delivers Class III–IV whitewater through one of the most dramatic high-country canyons in North Carolina. Dam releases from Watauga Lake (TVA) provide consistent flows. Best spring through early summer.', 'Watauga County State Natural Area (gorge section)', ARRAY['Watauga Lake tailwater to Hampton — Class II–III, TVA release section','Hampton to Siam — Class III–IV, Watauga Gorge, most technical','Below Wilbur Dam — Class II, lower river toward Elizabethton TN'], '{"ww":true,"wild":false,"appalachian":true,"piedmont":false}') ON CONFLICT (id) DO NOTHING;
INSERT INTO public.river_history (river_id, era, year, title, body, source, sort_order) VALUES ('watauga', 'native', 'Pre-contact', 'Cherokee — High Country River', '''Watauga'' derives from a Cherokee word meaning ''land beyond'' or ''beautiful water.'' The river headwaters were in the highest Cherokee territory — the Blue Ridge above Boone, NC was among the last Cherokee hunting grounds in North Carolina.', 'Eastern Band of Cherokee Indians; Watauga County Historical Society', 0);
INSERT INTO public.river_history (river_id, era, year, title, body, source, sort_order) VALUES ('watauga', 'logging', '1772', 'Watauga Settlement — First Free and Independent Government in America', 'The Watauga Association (1772) was the first independent government formed by American colonists west of the Appalachians — and is sometimes called the first written constitution in American history. It was established by settlers in the Watauga River valley before American independence.', 'Tennessee Historical Commission; Carter County Historical Society', 1);
INSERT INTO public.river_history (river_id, era, year, title, body, source, sort_order) VALUES ('watauga', 'modern', '2023', 'Watauga Gorge — High Country Kayaking Destination', 'The Watauga Gorge section has developed a devoted following among High Country kayakers and Appalachian State University paddling community. TVA dam release coordination has improved predictability of runnable flows.', 'American Whitewater; Appalachian Outdoors Club', 2);
INSERT INTO public.river_documents (river_id, title, source, year, doc_type, pages, url) VALUES ('watauga', 'Watauga River Watershed Study', 'North Carolina DEQ', 2018, 'Survey', 78, 'https://www.deq.nc.gov/water-quality/planning/bpu/watauga/watauga-plans/2018-plan/2018-watauga-executive-summary/download');
INSERT INTO public.river_reviews (river_id, username, review_date, stars, body, is_seed) VALUES ('watauga', 'high_country_kayaker', 'Apr 2024', 5, 'Hampton to Siam at 700 cfs — Watauga Gorge all day through rhododendron walls. Class III–IV in a canyon that feels like it belongs in West Virginia. NC High Country secret.', true);
INSERT INTO public.river_reviews (river_id, username, review_date, stars, body, is_seed) VALUES ('watauga', 'boone_nc_paddler', 'May 2024', 4, 'TVA release section at 500 cfs — consistent Class II–III, beautiful high mountain scenery. The Watauga gives the Blue Ridge its reputation.', true);
INSERT INTO public.river_outfitters (river_id, name, description, link, is_seed) VALUES ('watauga', 'High Country Paddlers', 'Watauga and local High Country rivers', 'highcountrypaddlers.com', true);
INSERT INTO public.river_outfitters (river_id, name, description, link, is_seed) VALUES ('watauga', 'NOC High Country', 'Watauga River trips from Boone', 'noc.com', true);
INSERT INTO public.rivers (id, state_key, name, county, length, class, optimal_cfs, usgs_gauge, avg_cfs, hist_flow, map_x, map_y, description, designations, sections, filter_flags) VALUES ('nolichucky_nc', 'nc', 'Nolichucky River — NC Section', 'Mitchell / Yancey Co.', '20 mi', 'II–III', '400–2000', '03451500', 920, 840, 280, 105, 'The North Carolina headwaters of the Nolichucky — upstream of the famous Tennessee gorge. The NC section flows through the Black Mountains (home of Mount Mitchell, highest peak east of the Mississippi) delivering Class II–III whitewater in a dramatic Blue Ridge setting. This is the river before it enters the gorge — less intense but equally scenic.', 'Pisgah National Forest · Blue Ridge Parkway Corridor', ARRAY['Burnsville to Bald Creek — Class II–III, mountain valley','Bald Creek to Poplar — Class II, transition to gorge','Above the Gorge — Class II–III, approaching the TN line'], '{"ww":true,"wild":false,"appalachian":true,"piedmont":false}') ON CONFLICT (id) DO NOTHING;
INSERT INTO public.river_history (river_id, era, year, title, body, source, sort_order) VALUES ('nolichucky_nc', 'native', 'Pre-contact', 'Cherokee — Black Mountain River', 'The upper Nolichucky watershed was Cherokee territory in the shadow of the Black Mountains. The Cherokee name "Nolichucky" is believed to mean "rushing waters." The river and its tributaries sustained Cherokee communities in the highest mountains of the southern Appalachians.', 'Eastern Band of Cherokee Indians; Mitchell County Historical Society', 0);
INSERT INTO public.river_history (river_id, era, year, title, body, source, sort_order) VALUES ('nolichucky_nc', 'modern', '2023', 'Black Mountains Watershed — Headwaters Conservation', 'The NC Nolichucky headwaters drain the Black Mountains, the highest range east of the Mississippi. Conservation efforts focus on protecting the cold, clean headwater streams that sustain native brook trout and feed the river system through the gorge into Tennessee.', 'Pisgah National Forest; NC Wildlife Resources Commission (2023)', 1);
INSERT INTO public.river_reviews (river_id, username, review_date, stars, body, is_seed) VALUES ('nolichucky_nc', 'nc_nolichucky_paddler', 'Apr 2024', 4, 'Burnsville section at 800 cfs — Class II–III through the Black Mountain foothills. The NC side of the Nolichucky is the warm-up before the Tennessee gorge.', true);
INSERT INTO public.river_reviews (river_id, username, review_date, stars, body, is_seed) VALUES ('nolichucky_nc', 'blue_ridge_kayaker', 'May 2024', 4, 'Upper Nolichucky at 600 cfs — mountain valley Class II with Mount Mitchell visible. Beautiful Blue Ridge paddling.', true);
INSERT INTO public.river_outfitters (river_id, name, description, link, is_seed) VALUES ('nolichucky_nc', 'Blue Ridge Paddling', 'NC Nolichucky section rentals and shuttles', '', true);
INSERT INTO public.rivers (id, state_key, name, county, length, class, optimal_cfs, usgs_gauge, avg_cfs, hist_flow, map_x, map_y, description, designations, sections, filter_flags) VALUES ('tuckasegee', 'nc', 'Tuckasegee River', 'Jackson Co.', '40 mi', 'I–III', '300–2000', '03510000', 1100, 1000, 255, 115, 'The "Tuck" — western North Carolina"s most accessible family and intermediate whitewater river. The Tuckasegee flows 40 miles through Jackson County past Sylva and Dillsboro, with dam-release sections providing consistent Class I–III rapids. The river is the primary paddling training ground for Western Carolina University and the gateway to the Smoky Mountains from the south.', 'Tuckasegee River Blueway · Nantahala National Forest (headwaters)', ARRAY['Dillsboro Dam section — Class II–III, dam-release whitewater','Sylva to Dillsboro — Class I–II, town float','Below Dillsboro to Fontana — Class I–II, lower river'], '{"ww":true,"wild":false,"appalachian":true,"piedmont":false}') ON CONFLICT (id) DO NOTHING;
INSERT INTO public.river_history (river_id, era, year, title, body, source, sort_order) VALUES ('tuckasegee', 'native', 'Pre-contact', 'Cherokee — Tsiksitsi (Place of the Leech)', 'The Tuckasegee River valley was a major Cherokee settlement area. "Tuckasegee" derives from the Cherokee word "Tsiksitsi." The town of Kituhwa, on a tributary of the Tuckasegee, is considered the "Mother Town" of the Cherokee — the most sacred site in Cherokee culture.', 'Eastern Band of Cherokee Indians; Museum of the Cherokee Indian', 0);
INSERT INTO public.river_history (river_id, era, year, title, body, source, sort_order) VALUES ('tuckasegee', 'modern', '2024', 'Tuckasegee Blueway — Western NC Paddle Trail', 'The Tuckasegee River Blueway has been developed as a marked paddle trail through Jackson County, with improved access points, signage, and dam-release coordination. The river is increasingly promoted as western North Carolina"s most family-friendly whitewater destination.', 'Jackson County Parks and Recreation; NC Wildlife Resources Commission (2024)', 1);
INSERT INTO public.river_reviews (river_id, username, review_date, stars, body, is_seed) VALUES ('tuckasegee', 'tuck_river_regular', 'Jun 2024', 5, 'Dillsboro section at 1,200 cfs on a dam release — Class II–III through town with the Smokies behind. The Tuck is WNC"s most fun intermediate river.', true);
INSERT INTO public.river_reviews (river_id, username, review_date, stars, body, is_seed) VALUES ('tuckasegee', 'sylva_kayaker', 'Jul 2024', 4, 'Sylva to Dillsboro at 800 cfs — Class I–II family float through a charming mountain town. Western Carolina at its best.', true);
INSERT INTO public.river_outfitters (river_id, name, description, link, is_seed) VALUES ('tuckasegee', 'Tuckasegee Outfitters', 'Tuckasegee River kayak and tube rentals from Dillsboro', '', true);
INSERT INTO public.rivers (id, state_key, name, county, length, class, optimal_cfs, usgs_gauge, avg_cfs, hist_flow, map_x, map_y, description, designations, sections, filter_flags) VALUES ('linville', 'nc', 'Linville River', 'Burke / Avery Co.', '40 mi', 'I–V', '200–1000', '02138500', 320, 290, 310, 98, 'Linville Gorge — the "Grand Canyon of the East." The Linville River plunges through one of the deepest and most rugged gorges in the Appalachians, with the upper canyon section delivering expert-only Class IV–V whitewater through a federally designated Wilderness Area. Below the gorge, the river transitions to more moderate Class I–III. Linville Falls, a dramatic two-tier waterfall, marks the gorge entrance.', 'Linville Gorge Wilderness Area · National Wild & Scenic River Study · Blue Ridge Parkway', ARRAY['Above Linville Falls — Class I–II, Blue Ridge approach','Linville Gorge — Class IV–V, expert wilderness canyon','Below the Gorge — Class I–III, Lake James transition'], '{"ww":true,"wild":true,"appalachian":true,"piedmont":false}') ON CONFLICT (id) DO NOTHING;
INSERT INTO public.river_history (river_id, era, year, title, body, source, sort_order) VALUES ('linville', 'native', 'Pre-contact', 'Cherokee — The Great Gorge', 'Linville Gorge was within Cherokee territory. The gorge"s extreme terrain made it largely impassable and was considered a place of spiritual significance. The river and gorge are named for William Linville, who with his son was killed by Cherokee warriors in 1766 during frontier conflicts.', 'Eastern Band of Cherokee Indians; Burke County Historical Society', 0);
INSERT INTO public.river_history (river_id, era, year, title, body, source, sort_order) VALUES ('linville', 'modern', '1964', 'Linville Gorge Wilderness — First Eastern Wilderness', 'Linville Gorge was designated a Wilderness Area in 1964 under the original Wilderness Act — one of the first wilderness areas established in the eastern United States. The designation permanently protects the gorge from development and road-building, preserving one of the most rugged and wild landscapes in the Appalachians.', 'USFS Pisgah National Forest; Wilderness Act (1964)', 1);
INSERT INTO public.river_reviews (river_id, username, review_date, stars, body, is_seed) VALUES ('linville', 'linville_gorge_expert', 'Mar 2024', 5, 'Linville Gorge at 400 cfs after spring rain — Class IV–V through the wilderness canyon. Portaged the big drop, ran everything else. The most committing run in North Carolina.', true);
INSERT INTO public.river_reviews (river_id, username, review_date, stars, body, is_seed) VALUES ('linville', 'blue_ridge_creek_paddler', 'Apr 2024', 4, 'Below the gorge at 300 cfs — Class I–III transitioning out of the canyon toward Lake James. Beautiful even outside the expert section.', true);
INSERT INTO public.river_outfitters (river_id, name, description, link, is_seed) VALUES ('linville', 'Linville Gorge Adventures', 'Guided Linville Gorge wilderness paddle trips', '', true);
INSERT INTO public.rivers (id, state_key, name, county, length, class, optimal_cfs, usgs_gauge, avg_cfs, hist_flow, map_x, map_y, description, designations, sections, filter_flags) VALUES ('grandcanyon', 'az', 'Colorado River — Grand Canyon', 'Coconino / Mohave Co.', '226 mi', 'I–V', '8000–25000', '09380000', 12000, 10500, 185, 72, 'The greatest river journey in North America — 226 miles through the Grand Canyon, one of the Seven Natural Wonders of the World. The Colorado cuts through 1.7 billion years of geological record. Lava Falls (Class V) drops 37 feet in 300 yards — the most famous single rapid in North America. Wait times for private permits now exceed 10–15 years.', 'Grand Canyon National Park (UNESCO World Heritage) · National Wild & Scenic River', ARRAY['Lee''s Ferry to Phantom Ranch — Class I–IV, upper canyon','Phantom Ranch to Diamond Creek — Class III–V, middle canyon with Lava Falls','Diamond Creek to Lake Mead — Class I–III, lower canyon'], '{"ww":true,"wild":true,"desert":true,"canyon":true}') ON CONFLICT (id) DO NOTHING;
INSERT INTO public.river_history (river_id, era, year, title, body, source, sort_order) VALUES ('grandcanyon', 'native', 'Pre-contact – ongoing', 'Havasupai, Hualapai, Navajo, Hopi, Southern Paiute — The Living Canyon', 'The Grand Canyon has been continuously inhabited for at least 12,000 years. The Havasupai (''people of the blue-green water'') have lived in Havasu Canyon — a Grand Canyon tributary — longer than any other living group. The Hualapai Nation''s reservation borders 108 miles of the South Rim. The Colorado River was the lifeblood of all these nations.', 'Havasupai Tribe; Hualapai Nation; NPS Grand Canyon Cultural Resources; Smithsonian NMAI', 0);
INSERT INTO public.river_history (river_id, era, year, title, body, source, sort_order) VALUES ('grandcanyon', 'logging', '1869', 'John Wesley Powell''s First Expedition — The Unknown Canyon', 'Major John Wesley Powell led the first documented navigation of the Grand Canyon in 1869 with a crew of nine men in four wooden dories. The 99-day expedition through territory labeled ''unknown'' on all existing maps was one of the most daring explorations in American history.', 'Powell, J.W. ''Exploration of the Colorado River of the West'' (1875); USGS', 1);
INSERT INTO public.river_history (river_id, era, year, title, body, source, sort_order) VALUES ('grandcanyon', 'logging', '1956', 'Glen Canyon Dam — The River Transformed', 'The construction of Glen Canyon Dam (completed 1966) 15 miles upstream from Lee''s Ferry fundamentally changed the Colorado''s character through the Grand Canyon. The ecological transformation — extinction of several native fish species, loss of sandbars — remains one of the most studied river management case studies in the world.', 'Bureau of Reclamation; Grand Canyon Trust; USGS', 2);
INSERT INTO public.river_history (river_id, era, year, title, body, source, sort_order) VALUES ('grandcanyon', 'survey', '1919', 'Grand Canyon National Park — Congress Acts', 'Congress established Grand Canyon National Park in 1919, more than a decade after President Theodore Roosevelt urged protection. The designation protected the canyon from the mining and dam proposals that had already claimed Glen Canyon upstream.', 'NPS Grand Canyon National Park', 3);
INSERT INTO public.river_history (river_id, era, year, title, body, source, sort_order) VALUES ('grandcanyon', 'modern', '2024', 'Private Permit Wait — 12 Years', 'The National Park Service lottery for a private Grand Canyon river permit has a wait time exceeding 12 years as of 2024. Commercial trips operate under a separate allocation. Roughly 25,000 people run the canyon annually.', 'NPS Grand Canyon River Permits Office (2024)', 4);
INSERT INTO public.river_documents (river_id, title, source, year, doc_type, pages, url) VALUES ('grandcanyon', 'Colorado River Management Plan', 'NPS Grand Canyon', 2006, 'Federal', 420, 'https://www.nps.gov/grca/learn/management/upload/CRMPIF_s.pdf');
INSERT INTO public.river_documents (river_id, title, source, year, doc_type, pages, url) VALUES ('grandcanyon', 'Colorado River Ecosystem Science Program', 'USGS Grand Canyon Monitoring', 2023, 'Ecology', 310, 'https://www.nps.gov/grca/learn/management/riv_mgt.htm');
INSERT INTO public.river_reviews (river_id, username, review_date, stars, body, is_seed) VALUES ('grandcanyon', 'grand_canyon_veteran', 'Sep 2024', 5, 'Lava Falls at 14,000 cfs — stood on the scout rock and watched the hydraulic for 40 minutes before committing. Nothing in North American paddling comes close to this canyon.', true);
INSERT INTO public.river_reviews (river_id, username, review_date, stars, body, is_seed) VALUES ('grandcanyon', 'first_time_commercial', 'Aug 2024', 5, 'Motor rig commercial trip. Even with that context the scale of what you''re looking at is incomprehensible. Every camp was in a different geological era.', true);
INSERT INTO public.river_outfitters (river_id, name, description, link, is_seed) VALUES ('grandcanyon', 'OARS Grand Canyon', 'Premium Grand Canyon oar and motor trips', 'oars.com', true);
INSERT INTO public.river_outfitters (river_id, name, description, link, is_seed) VALUES ('grandcanyon', 'Arizona Raft Adventures', 'All Grand Canyon trip styles', 'azraft.com', true);
INSERT INTO public.river_outfitters (river_id, name, description, link, is_seed) VALUES ('grandcanyon', 'Grand Canyon Expeditions', 'Motor and oar trips since 1969', 'gcex.com', true);
INSERT INTO public.rivers (id, state_key, name, county, length, class, optimal_cfs, usgs_gauge, avg_cfs, hist_flow, map_x, map_y, description, designations, sections, filter_flags) VALUES ('salt_river', 'az', 'Salt River Canyon', 'Maricopa / Gila Co.', '52 mi', 'III–IV', '800–4000', '09498500', 1100, 950, 310, 115, 'The best whitewater in Arizona outside the Grand Canyon — 52 miles through the Salt River Canyon Wilderness east of Phoenix, entirely on White Mountain Apache tribal lands. The river flows through a dramatic 2,000-foot deep canyon of towering red walls. Flows are dam-controlled — check the Roosevelt/Theodore/Horse Mesa/Mormon Flat dam schedule before any trip.', 'Salt River Canyon Wilderness · White Mountain Apache Tribal Lands (permit required)', ARRAY['Upper Salt (Highway 60 to Gleason Flat) — Class III, most accessible','Lower Salt (Gleason Flat to Roosevelt) — Class III–IV, canyon deepens','Below Roosevelt Dam — Class I–II, wide tailwater'], '{"ww":true,"wild":false,"desert":true,"canyon":true}') ON CONFLICT (id) DO NOTHING;
INSERT INTO public.river_history (river_id, era, year, title, body, source, sort_order) VALUES ('salt_river', 'native', 'Pre-contact', 'White Mountain Apache — The Salt River Homeland', 'The Salt River Canyon lies entirely within the ancestral homeland of the White Mountain Apache (N''dee/Nnee). The White Mountain Apache Tribe controls access to the canyon — paddlers must obtain a tribal recreation permit. The tribe manages the river as both a cultural resource and an economic asset.', 'White Mountain Apache Tribe; Tonto National Forest', 0);
INSERT INTO public.river_history (river_id, era, year, title, body, source, sort_order) VALUES ('salt_river', 'logging', '1903–1930', 'Salt River Project — Water for Phoenix', 'The Salt River Project, authorized under the 1902 Newlands Reclamation Act, built a series of dams on the Salt River to provide water and power for the Phoenix Valley. Roosevelt Dam (completed 1911) was the largest masonry dam in the world at the time of its completion.', 'Salt River Project Historical Foundation; Bureau of Reclamation', 1);
INSERT INTO public.river_history (river_id, era, year, title, body, source, sort_order) VALUES ('salt_river', 'modern', '2024', 'Tribal Permit Revenue — Conservation Through Recreation', 'The White Mountain Apache Tribe generated over $2 million annually from recreation permits in the Salt River Canyon, including paddling, camping, and fishing. The tribe has used permit revenue to fund riparian restoration and cultural site protection.', 'White Mountain Apache Tribe Recreation Department', 2);
INSERT INTO public.river_reviews (river_id, username, review_date, stars, body, is_seed) VALUES ('salt_river', 'phoenix_salt_regular', 'Mar 2024', 5, 'Salt at 2,400 cfs in March — walls turning gold in the morning light, egrets on every bank. The desert canyon whitewater experience you didn''t know existed 2 hours from Phoenix.', true);
INSERT INTO public.river_reviews (river_id, username, review_date, stars, body, is_seed) VALUES ('salt_river', 'desert_paddler_az', 'Feb 2024', 4, 'Lower Salt at 1,800 cfs — class III–IV in a 2,000-foot canyon with nobody else for 40 miles. Remember the tribal permit — they check.', true);
INSERT INTO public.river_outfitters (river_id, name, description, link, is_seed) VALUES ('salt_river', 'Desert Voyager', 'Salt River Canyon guided trips', 'desertvoyager.com', true);
INSERT INTO public.river_outfitters (river_id, name, description, link, is_seed) VALUES ('salt_river', 'Arizona Outdoor Fun', 'Salt River multi-day expeditions', 'arizonaoutdoorfun.com', true);
INSERT INTO public.rivers (id, state_key, name, county, length, class, optimal_cfs, usgs_gauge, avg_cfs, hist_flow, map_x, map_y, description, designations, sections, filter_flags) VALUES ('verde', 'az', 'Verde River', 'Yavapai Co.', '170 mi', 'I–II', '300–2000', '09504000', 680, 620, 250, 105, 'Arizona''s last major free-flowing river — 170 miles through the Sonoran and semi-desert grassland from the Prescott National Forest to the Salt River. The Verde River Greenway protects a remarkable riparian corridor: nesting bald eagles, river otters, great blue herons, and over 100 bird species in the middle of the Sonoran Desert. Best paddled November through April.', 'Verde River Greenway State Natural Area · Arizona''s Last Free-Flowing River', ARRAY['Paulden to Clarkdale — Class I–II, upper verde','Clarkdale to Bridgeport — Class II–III, best whitewater','Bridgeport to Horseshoe Reservoir — Class I–II, lower desert corridor'], '{"ww":false,"wild":true,"desert":true,"canyon":false}') ON CONFLICT (id) DO NOTHING;
INSERT INTO public.river_history (river_id, era, year, title, body, source, sort_order) VALUES ('verde', 'native', 'Pre-contact', 'Yavapai and Tonto Apache — The Life River of the Desert', 'The Verde River was the lifeblood of the Yavapai and Western Apache (Tonto Apache) peoples for millennia. In the desert Southwest, a perennial river is not merely a resource — it is existence itself. The Yavapai-Apache Nation, headquartered at Camp Verde, maintains deep ancestral connections to the river.', 'Yavapai-Apache Nation; Arizona State Museum; Sharlot Hall Museum', 0);
INSERT INTO public.river_history (river_id, era, year, title, body, source, sort_order) VALUES ('verde', 'survey', '1999', 'Verde River Greenway — Arizona''s River Conservation Model', 'The Verde River Greenway State Natural Area was established in 1999, protecting the river''s critical cottonwood-willow riparian forest.', 'Arizona State Parks; Verde River Greenway Coalition', 1);
INSERT INTO public.river_history (river_id, era, year, title, body, source, sort_order) VALUES ('verde', 'modern', '2024', 'Arizona''s Last Undammed River — Ongoing Threats', 'Development pressure from the Phoenix metro area''s expansion into Yavapai County continues to threaten Verde River flows through increasing groundwater depletion. The Verde Watershed Association and Yavapai-Apache Nation have been at the forefront of defending minimum flows.', 'Verde Watershed Association; Yavapai-Apache Nation (2024)', 2);
INSERT INTO public.river_documents (river_id, title, source, year, doc_type, pages, url) VALUES ('verde', 'Verde River Watershed Assessment', 'Arizona DEQ', 2020, 'Ecology', 165, 'https://legacy.azdeq.gov/environ/water/assessment/download/verde.pdf');
INSERT INTO public.river_reviews (river_id, username, review_date, stars, body, is_seed) VALUES ('verde', 'verde_valley_regular', 'Feb 2024', 5, 'Verde at 800 cfs in February — bald eagles on every cottonwood, 70°F air, desert walls turning red at sunset. The only river like this in the American Southwest.', true);
INSERT INTO public.river_reviews (river_id, username, review_date, stars, body, is_seed) VALUES ('verde', 'desert_river_watcher', 'Dec 2023', 4, 'Upper Verde near Clarkdale at 400 cfs — low but floatable. Otter seen at river mile 12. Three pairs of nesting eagles visible from the water.', true);
INSERT INTO public.river_outfitters (river_id, name, description, link, is_seed) VALUES ('verde', 'Verde Adventures', 'Verde River canoe and kayak trips', 'verdeadventures.com', true);
INSERT INTO public.river_outfitters (river_id, name, description, link, is_seed) VALUES ('verde', 'Sedona Adventure Tours', 'Verde Valley paddling', 'sedonaadventuretours.com', true);
INSERT INTO public.rivers (id, state_key, name, county, length, class, optimal_cfs, usgs_gauge, avg_cfs, hist_flow, map_x, map_y, description, designations, sections, filter_flags) VALUES ('oak_creek', 'az', 'Oak Creek', 'Coconino / Yavapai Co.', '56 mi', 'I', '50–300', '09504420', 120, 100, 265, 100, 'Oak Creek flows through Sedona''s iconic red rock canyon, one of the most photographed landscapes in Arizona. Slide Rock State Park draws visitors to the natural sandstone waterslide, while the creek meanders through towering crimson buttes and lush riparian forest.', 'Slide Rock State Park · Coconino National Forest', ARRAY['Upper Oak Creek — Class I, forested canyon above Sedona','Sedona reach — Class I, red rock corridor through town','Lower Oak Creek to Verde River — Class I, desert riparian'], '{"ww":false,"wild":false,"desert":false,"canyon":true}') ON CONFLICT (id) DO NOTHING;
INSERT INTO public.river_history (river_id, era, year, title, body, source, sort_order) VALUES ('oak_creek', 'native', 'Pre-contact', 'Sinagua and Yavapai — Red Rock Canyon Dwellers', 'The Sinagua people built cliff dwellings along Oak Creek from roughly 1100 to 1400 AD, with Montezuma Castle and Tuzigoot nearby. The Yavapai people continued to inhabit the canyon, drawn by its perennial water in an arid landscape.', 'Coconino National Forest; Arizona State Museum', 0);
INSERT INTO public.river_history (river_id, era, year, title, body, source, sort_order) VALUES ('oak_creek', 'modern', '1987', 'Slide Rock State Park Established', 'Arizona established Slide Rock State Park along Oak Creek, preserving the historic Pendley Homestead and the natural sandstone waterslide that had drawn visitors for decades.', 'Arizona State Parks', 1);
INSERT INTO public.river_reviews (river_id, username, review_date, stars, body, is_seed) VALUES ('oak_creek', 'sedona_paddler', 'Mar 2024', 5, 'Oak Creek at 200 cfs after spring rains — the red rock walls glowing in afternoon light. Gentle float but the scenery is unmatched anywhere in Arizona.', true);
INSERT INTO public.river_reviews (river_id, username, review_date, stars, body, is_seed) VALUES ('oak_creek', 'az_creek_walker', 'Feb 2024', 4, 'Oak Creek near Slide Rock at 150 cfs — low but beautiful. Perfect for a mellow paddle through cathedral-scale red rock.', true);
INSERT INTO public.river_outfitters (river_id, name, description, link, is_seed) VALUES ('oak_creek', 'Sedona Adventure Tours', 'Oak Creek guided paddling experiences', '', true);
INSERT INTO public.rivers (id, state_key, name, county, length, class, optimal_cfs, usgs_gauge, avg_cfs, hist_flow, map_x, map_y, description, designations, sections, filter_flags) VALUES ('black_az', 'az', 'Black River', 'Apache Co.', '70 mi', 'I–II', '200–1500', '09489000', 450, 400, 310, 95, 'The Black River drains the White Mountains of eastern Arizona, flowing through ponderosa pine forests and the Fort Apache Reservation. One of the few mountain rivers in Arizona, it offers cool-water paddling and excellent native trout fishing far from the desert heat.', 'Fort Apache Reservation (permit required)', ARRAY['Upper Black River — Class I–II, mountain meadows','Reservation reach — Class I–II, forested canyon','Lower Black to Salt River — Class I, desert transition'], '{"ww":false,"wild":false,"desert":false,"canyon":false}') ON CONFLICT (id) DO NOTHING;
INSERT INTO public.river_history (river_id, era, year, title, body, source, sort_order) VALUES ('black_az', 'native', 'Pre-contact', 'White Mountain Apache — Mountain River Homeland', 'The Black River flows entirely through the ancestral homeland of the White Mountain Apache. The tribe manages the river as a cultural and recreational resource, requiring permits for all access.', 'White Mountain Apache Tribe; Arizona Game & Fish', 0);
INSERT INTO public.river_history (river_id, era, year, title, body, source, sort_order) VALUES ('black_az', 'modern', '2010', 'Tribal Fisheries Restoration', 'The White Mountain Apache Tribe partnered with U.S. Fish & Wildlife to restore native Apache trout populations in the Black River headwaters, removing non-native species from key tributaries.', 'White Mountain Apache Tribe; USFWS', 1);
INSERT INTO public.river_reviews (river_id, username, review_date, stars, body, is_seed) VALUES ('black_az', 'az_mountain_paddler', 'Jun 2024', 4, 'Black River at 600 cfs in June — cool mountain water while Phoenix bakes at 115. Pine forests and Apache trout. A completely different Arizona.', true);
INSERT INTO public.river_reviews (river_id, username, review_date, stars, body, is_seed) VALUES ('black_az', 'reservation_angler', 'Jul 2024', 4, 'Black River at 400 cfs — tribal permit required but worth it. Native trout in a ponderosa canyon. Stunning.', true);
INSERT INTO public.river_outfitters (river_id, name, description, link, is_seed) VALUES ('black_az', 'White Mountain Apache Outfitters', 'Black River guided fishing and paddling', '', true);
INSERT INTO public.rivers (id, state_key, name, county, length, class, optimal_cfs, usgs_gauge, avg_cfs, hist_flow, map_x, map_y, description, designations, sections, filter_flags) VALUES ('gila_box', 'az', 'Gila River — Gila Box', 'Graham Co.', '23 mi', 'II–III', '300–2000', '09448500', 550, 480, 310, 130, 'The Gila Box Riparian National Conservation Area protects 23 miles of the Gila River through a rugged desert canyon in southeastern Arizona. BLM-managed wilderness offers Class II–III whitewater through towering canyon walls with hot springs and desert bighorn sheep.', 'Gila Box Riparian National Conservation Area (BLM)', ARRAY['Upper Gila Box — Class II, canyon entry','Middle Gila Box — Class II–III, deepest canyon and hot springs','Lower Gila Box to Bonita Creek — Class II, widening canyon'], '{"ww":true,"wild":false,"desert":true,"canyon":true}') ON CONFLICT (id) DO NOTHING;
INSERT INTO public.river_history (river_id, era, year, title, body, source, sort_order) VALUES ('gila_box', 'native', 'Pre-contact', 'Mogollon and Apache — Desert Canyon Corridor', 'The Gila Box canyon was used by Mogollon and later Apache peoples as a travel corridor and water source in the arid Gila Valley. Archaeological sites throughout the canyon document thousands of years of habitation.', 'BLM Safford Field Office; Arizona State Museum', 0);
INSERT INTO public.river_history (river_id, era, year, title, body, source, sort_order) VALUES ('gila_box', 'modern', '1990', 'Gila Box Riparian NCA Designated', 'Congress designated the Gila Box Riparian National Conservation Area in 1990, protecting 23,000 acres of desert canyon and riparian habitat along the Gila River and Bonita Creek.', 'BLM Safford Field Office; Congressional Record (1990)', 1);
INSERT INTO public.river_reviews (river_id, username, review_date, stars, body, is_seed) VALUES ('gila_box', 'gila_box_explorer', 'Mar 2024', 5, 'Gila Box at 800 cfs in March — hot springs in the canyon walls, bighorn sheep on the cliffs. Class II–III desert whitewater with nobody else around.', true);
INSERT INTO public.river_reviews (river_id, username, review_date, stars, body, is_seed) VALUES ('gila_box', 'se_az_paddler', 'Feb 2024', 4, 'Gila Box at 500 cfs — lower flows but the canyon scenery is spectacular. Soaked in the hot springs at mile 12.', true);
INSERT INTO public.river_outfitters (river_id, name, description, link, is_seed) VALUES ('gila_box', 'Gila Box Outfitters', 'Guided Gila Box canyon trips', '', true);
INSERT INTO public.rivers (id, state_key, name, county, length, class, optimal_cfs, usgs_gauge, avg_cfs, hist_flow, map_x, map_y, description, designations, sections, filter_flags) VALUES ('san_francisco_az', 'az', 'San Francisco River', 'Greenlee Co.', '40 mi', 'I–II', '100–800', '09444500', 200, 170, 320, 125, 'The San Francisco River flows through one of the most remote and least-visited canyons in eastern Arizona. Forty miles of gentle desert water through Greenlee County offers solitude, wildlife, and a landscape virtually unchanged from the frontier era.', 'Apache-Sitgreaves National Forest', ARRAY['Upper San Francisco — Class I, mountain valley','Clifton reach — Class I–II, canyon narrows','Lower San Francisco to Gila — Class I, desert corridor'], '{"ww":false,"wild":false,"desert":true,"canyon":true}') ON CONFLICT (id) DO NOTHING;
INSERT INTO public.river_history (river_id, era, year, title, body, source, sort_order) VALUES ('san_francisco_az', 'native', 'Pre-contact', 'Mogollon — River of the Copper Country', 'The San Francisco River corridor was home to the Mogollon people, who mined copper from the surrounding mountains long before European contact. The river provided water and fertile bottomland in an otherwise harsh landscape.', 'Arizona State Museum; Greenlee County Historical Society', 0);
INSERT INTO public.river_history (river_id, era, year, title, body, source, sort_order) VALUES ('san_francisco_az', 'modern', '2015', 'Greenlee County Conservation Efforts', 'Conservation groups partnered with the Apache-Sitgreaves National Forest to protect riparian habitat along the San Francisco River, focusing on native fish species and cottonwood gallery restoration.', 'Apache-Sitgreaves National Forest; Arizona Game & Fish', 1);
INSERT INTO public.river_reviews (river_id, username, review_date, stars, body, is_seed) VALUES ('san_francisco_az', 'greenlee_explorer', 'Apr 2024', 4, 'San Francisco River at 300 cfs in April — remote and beautiful. Didn''t see another person for two days. Eastern Arizona at its finest.', true);
INSERT INTO public.river_reviews (river_id, username, review_date, stars, body, is_seed) VALUES ('san_francisco_az', 'az_backcountry', 'Mar 2024', 4, 'San Francisco near Clifton at 200 cfs — gentle float through a surprisingly deep canyon. Great birding.', true);
INSERT INTO public.river_outfitters (river_id, name, description, link, is_seed) VALUES ('san_francisco_az', 'Eastern Arizona Outfitters', 'San Francisco River guided trips', '', true);
INSERT INTO public.rivers (id, state_key, name, county, length, class, optimal_cfs, usgs_gauge, avg_cfs, hist_flow, map_x, map_y, description, designations, sections, filter_flags) VALUES ('fossil_creek', 'az', 'Fossil Creek', 'Gila Co.', '14 mi', 'I–II', '40–200', '09507480', 46, 43, 280, 110, 'Fossil Creek is a Wild and Scenic travertine creek flowing through a stunning canyon in central Arizona. The spring-fed creek maintains a constant 72 degrees year-round and deposits brilliant blue-green travertine formations. A permit is required for access from April through October.', 'National Wild & Scenic River · Permit Required (April–October)', ARRAY['Upper Fossil Creek — Class I, travertine pools and falls','Lower Fossil Creek to Verde River — Class I–II, canyon narrows'], '{"ww":false,"wild":true,"desert":false,"canyon":true}') ON CONFLICT (id) DO NOTHING;
INSERT INTO public.river_history (river_id, era, year, title, body, source, sort_order) VALUES ('fossil_creek', 'survey', '2009', 'Dam Removal and Wild & Scenic Designation', 'Two hydroelectric dams on Fossil Creek were removed in 2005, and in 2009 Congress designated 16.8 miles as a Wild & Scenic River. The creek''s full natural flow was restored for the first time in nearly a century.', 'National Wild & Scenic Rivers System; Coconino National Forest', 0);
INSERT INTO public.river_history (river_id, era, year, title, body, source, sort_order) VALUES ('fossil_creek', 'modern', '2016', 'Permit System Established', 'The Forest Service established a permit system for Fossil Creek access due to overwhelming visitor demand following dam removal. The permit requirement runs April through October.', 'Coconino National Forest; Tonto National Forest', 1);
INSERT INTO public.river_reviews (river_id, username, review_date, stars, body, is_seed) VALUES ('fossil_creek', 'fossil_creek_fan', 'May 2024', 5, 'Fossil Creek at 46 cfs — constant spring flow, 72-degree water, turquoise travertine pools. Get the permit early, it sells out fast.', true);
INSERT INTO public.river_reviews (river_id, username, review_date, stars, body, is_seed) VALUES ('fossil_creek', 'az_wild_rivers', 'Jun 2024', 5, 'Fossil Creek is a gem. The travertine formations are unlike anything else in Arizona. Small creek but the Wild & Scenic designation is well deserved.', true);
INSERT INTO public.river_outfitters (river_id, name, description, link, is_seed) VALUES ('fossil_creek', 'Fossil Creek Adventures', 'Guided Fossil Creek canyon experiences', '', true);
INSERT INTO public.rivers (id, state_key, name, county, length, class, optimal_cfs, usgs_gauge, avg_cfs, hist_flow, map_x, map_y, description, designations, sections, filter_flags) VALUES ('snake_wy', 'wy', 'Snake River — Snake River Canyon', 'Teton Co.', '26 mi', 'III–IV', '4000–12000', '13022500', 6800, 6200, 270, 155, 'The Snake River through Alpine Canyon below Jackson Hole delivers the biggest whitewater in Wyoming — 26 miles of Class III–IV rapids framed by the Teton Range. Grand Teton National Park headwaters feed world-class Yellowstone cutthroat trout fishing alongside genuine big-water excitement. The canyon section from West Table Creek to Sheep Gulch packs eight named rapids into 8 miles.', 'Wild & Scenic Candidate · Grand Teton National Park', ARRAY['South Park to West Table — 10 mi, Class II warm-up with Teton views','West Table to Sheep Gulch — 8 mi, Class III–IV Alpine Canyon whitewater','Sheep Gulch to Palisades Reservoir — 8 mi, Class II cool-down'], '{"ww":true,"wild":true,"remote":false,"fishing":true}') ON CONFLICT (id) DO NOTHING;
INSERT INTO public.river_history (river_id, era, year, title, body, source, sort_order) VALUES ('snake_wy', 'native', 'Pre-contact', 'Shoshone and Bannock — The River of the Tetons', 'The Eastern Shoshone and Bannock peoples traversed the Snake River corridor through Jackson Hole for thousands of years, following bison herds and harvesting Yellowstone cutthroat trout. The river was a critical travel route connecting the Snake River Plain to the Yellowstone Plateau.', 'Eastern Shoshone Tribal History; National Park Service — Grand Teton', 0);
INSERT INTO public.river_history (river_id, era, year, title, body, source, sort_order) VALUES ('snake_wy', 'survey', '1872', 'Hayden Expedition — Mapping the Tetons', 'Ferdinand Hayden''s geological survey documented the Snake River canyon below the Tetons, producing the first scientific descriptions of the river''s hydrology and the dramatic Alpine Canyon gorge.', 'USGS Hayden Survey Records; Jackson Hole Historical Society', 1);
INSERT INTO public.river_history (river_id, era, year, title, body, source, sort_order) VALUES ('snake_wy', 'modern', '2009', 'Snake River Headwaters Wild & Scenic Designation', 'Congress designated portions of the Snake River headwaters above Jackson Lake as Wild & Scenic. The Alpine Canyon section remains a candidate for future designation, protected primarily by its location within the Bridger-Teton National Forest.', 'National Wild & Scenic Rivers System; Bridger-Teton National Forest', 2);
INSERT INTO public.river_documents (river_id, title, source, year, doc_type, pages, url) VALUES ('snake_wy', 'Snake River Headwaters Comprehensive Management Plan', 'Bridger-Teton NF', 2014, 'Federal', 220, 'https://rivers.gov/apps/sites/rivers/files/documents/plans/snake-headwaters-plan-usfs.pdf');
INSERT INTO public.river_reviews (river_id, username, review_date, stars, body, is_seed) VALUES ('snake_wy', 'jackson_paddler', 'Jul 2024', 5, 'Alpine Canyon at 8,500 cfs in July — Lunch Counter and Big Kahuna were massive. Cutthroat rising in the eddies between rapids. There is nowhere else you get Teton views with Class IV water.', true);
INSERT INTO public.river_reviews (river_id, username, review_date, stars, body, is_seed) VALUES ('snake_wy', 'teton_river_rat', 'Aug 2024', 4, 'Snake at 6,000 cfs — perfect August level. Osprey diving on every bend. The canyon walls glow orange at sunset.', true);
INSERT INTO public.river_outfitters (river_id, name, description, link, is_seed) VALUES ('snake_wy', 'Dave Hansen Whitewater', 'Jackson Hole Snake River guided trips', 'davehansenwhitewater.com', true);
INSERT INTO public.river_outfitters (river_id, name, description, link, is_seed) VALUES ('snake_wy', 'Mad River Boat Trips', 'Alpine Canyon whitewater and scenic floats', 'mad-river.com', true);
INSERT INTO public.rivers (id, state_key, name, county, length, class, optimal_cfs, usgs_gauge, avg_cfs, hist_flow, map_x, map_y, description, designations, sections, filter_flags) VALUES ('green_wy', 'wy', 'Green River — Flaming Gorge', 'Sweetwater Co.', '40 mi', 'I–II', '800–3500', '09217000', 1800, 1600, 255, 185, 'Below Flaming Gorge Dam the Green River carves through Red Canyon — 1,500-foot red rock walls sheltering one of the finest trout tailwaters in the American West. The cold, clear dam releases maintain year-round flows ideal for trophy brown and rainbow trout. Forty miles of Class I–III water through the Flaming Gorge National Recreation Area.', 'Flaming Gorge National Recreation Area · Ashley National Forest', ARRAY['Dam to Little Hole — 7 mi, Class I–II, premier fly-fishing','Little Hole to Indian Crossing — 9 mi, Class II–III, Red Canyon whitewater','Indian Crossing to Clay Basin — 24 mi, Class I–II, remote desert float'], '{"ww":false,"wild":false,"remote":true,"fishing":true}') ON CONFLICT (id) DO NOTHING;
INSERT INTO public.river_history (river_id, era, year, title, body, source, sort_order) VALUES ('green_wy', 'native', 'Pre-contact', 'Ute and Shoshone — The Great River', 'The Green River corridor through Flaming Gorge was shared territory of the Eastern Shoshone and Ute peoples. Archaeological sites throughout Red Canyon document thousands of years of habitation along the river.', 'Ashley National Forest Cultural Resources; Ute Tribal History', 0);
INSERT INTO public.river_history (river_id, era, year, title, body, source, sort_order) VALUES ('green_wy', 'survey', '1869', 'Powell Expedition — Journey Through Flaming Gorge', 'John Wesley Powell launched his historic expedition down the Green and Colorado Rivers from Green River, Wyoming in May 1869. Powell named Flaming Gorge for the brilliant red quartzite walls that seemed to burn in the afternoon sun.', 'Powell, J.W. ''Exploration of the Colorado River'' (1875); Smithsonian Institution', 1);
INSERT INTO public.river_history (river_id, era, year, title, body, source, sort_order) VALUES ('green_wy', 'modern', '1962', 'Flaming Gorge Dam — Tailwater Transformation', 'Completion of Flaming Gorge Dam transformed the Green River below it into a world-class cold-water fishery. The 40°F dam releases created ideal trout habitat where warm desert water once flowed.', 'Bureau of Reclamation; Wyoming Game & Fish', 2);
INSERT INTO public.river_reviews (river_id, username, review_date, stars, body, is_seed) VALUES ('green_wy', 'gorge_angler', 'Jun 2024', 5, 'Red Canyon section at 1,600 cfs — 22-inch brown on a woolly bugger below Mother-in-Law rapid. The canyon walls are cathedral-scale.', true);
INSERT INTO public.river_reviews (river_id, username, review_date, stars, body, is_seed) VALUES ('green_wy', 'wy_float_fisher', 'Sep 2024', 4, 'Green below the dam at 1,200 cfs — perfect wade-fishing flows. Dry fly heaven through Red Canyon.', true);
INSERT INTO public.river_outfitters (river_id, name, description, link, is_seed) VALUES ('green_wy', 'Flaming Gorge Resort', 'Green River float trips and fly-fishing guides', 'flaminggorgeresort.com', true);
INSERT INTO public.river_outfitters (river_id, name, description, link, is_seed) VALUES ('green_wy', 'Old Moe Guide Service', 'Trophy trout float trips below Flaming Gorge Dam', 'oldmoeguideservice.com', true);
INSERT INTO public.rivers (id, state_key, name, county, length, class, optimal_cfs, usgs_gauge, avg_cfs, hist_flow, map_x, map_y, description, designations, sections, filter_flags) VALUES ('north_platte', 'wy', 'North Platte River — Northgate Canyon', 'Carbon Co.', '70 mi', 'I–III', '600–3000', '06620000', 1400, 1250, 290, 175, 'Seventy miles of remote blue-ribbon trout water between Saratoga and Seminoe Reservoir in south-central Wyoming. The North Platte through Northgate Canyon is one of the least-visited quality trout streams in the Rocky Mountain West — long gravel bars, cottonwood galleries, and trophy brown trout in a landscape that looks unchanged since the Oregon Trail era.', 'Wyoming Game & Fish Blue-Ribbon Trout Stream', ARRAY['Saratoga to Pick Bridge — 20 mi, Class I, classic meadow trout stream','Pick Bridge to Northgate Canyon — 25 mi, Class II–III, remote canyon','Northgate Canyon to Seminoe Reservoir — 25 mi, Class I–II, desert canyon float'], '{"ww":false,"wild":false,"remote":true,"fishing":true}') ON CONFLICT (id) DO NOTHING;
INSERT INTO public.river_history (river_id, era, year, title, body, source, sort_order) VALUES ('north_platte', 'native', 'Pre-contact', 'Arapaho and Cheyenne — The River of the Medicine Bow', 'The North Platte River corridor through Carbon County was territory of the Northern Arapaho and Cheyenne peoples. The river provided a critical travel route between the Medicine Bow Mountains and the Great Plains.', 'Northern Arapaho Tribal History; Carbon County Museum', 0);
INSERT INTO public.river_history (river_id, era, year, title, body, source, sort_order) VALUES ('north_platte', 'survey', '1842', 'Fremont Expedition — Mapping the Oregon Trail', 'John C. Fremont''s second expedition followed the North Platte upstream through present-day Carbon County, documenting the river''s canyon sections and the surrounding high desert landscape that would become a landmark for Oregon Trail emigrants.', 'Fremont, J.C. ''Report of the Exploring Expedition'' (1845)', 1);
INSERT INTO public.river_history (river_id, era, year, title, body, source, sort_order) VALUES ('north_platte', 'modern', '2015', 'Blue-Ribbon Trout Stream Designation', 'Wyoming Game & Fish designated the North Platte through Northgate Canyon a Blue-Ribbon Trout Stream, recognizing its exceptional wild brown and rainbow trout populations. The designation triggered enhanced habitat protections and catch-and-release regulations.', 'Wyoming Game & Fish Department (2015)', 2);
INSERT INTO public.river_reviews (river_id, username, review_date, stars, body, is_seed) VALUES ('north_platte', 'platte_angler', 'Aug 2024', 5, 'Northgate Canyon at 1,100 cfs — floated 15 miles without seeing another soul. Three browns over 20 inches. This is what Wyoming fishing should be.', true);
INSERT INTO public.river_reviews (river_id, username, review_date, stars, body, is_seed) VALUES ('north_platte', 'carbon_co_local', 'Jul 2024', 4, 'North Platte near Saratoga at 1,800 cfs — higher water but the meadow section was gorgeous. Pronghorn on every bend.', true);
INSERT INTO public.river_outfitters (river_id, name, description, link, is_seed) VALUES ('north_platte', 'Great Rocky Mountain Outfitters', 'North Platte float fishing from Saratoga', 'grmofly.com', true);
INSERT INTO public.river_outfitters (river_id, name, description, link, is_seed) VALUES ('north_platte', 'Hack''s Tackle & Outfitters', 'Guided float trips, Northgate Canyon', 'hackstackle.com', true);
INSERT INTO public.rivers (id, state_key, name, county, length, class, optimal_cfs, usgs_gauge, avg_cfs, hist_flow, map_x, map_y, description, designations, sections, filter_flags) VALUES ('wind_river', 'wy', 'Wind River', 'Fremont Co.', '110 mi', 'I–III', '500–3000', '06228000', 1400, 1200, 260, 170, 'The Wind River carves through Wind River Canyon between Boysen Reservoir and the town of Thermopolis, cutting through 2.5 billion years of geological history. The canyon walls expose some of the oldest rock in North America, and the river delivers Class II–III whitewater framed by towering formations.', 'Wind River Indian Reservation (permit required for upper sections)', ARRAY['Upper Wind River — Class I–II, reservation meadows','Wind River Canyon — Class II–III, geological showcase','Below canyon to Boysen Reservoir — Class I, wide valley'], '{"ww":true,"wild":false,"remote":true,"fishing":true}') ON CONFLICT (id) DO NOTHING;
INSERT INTO public.river_history (river_id, era, year, title, body, source, sort_order) VALUES ('wind_river', 'native', 'Pre-contact', 'Eastern Shoshone — The Valley of the Warm Winds', 'The Wind River Valley is the homeland of the Eastern Shoshone, who named the river for the warm chinook winds that sweep through the canyon. The Wind River Reservation, established in 1868, encompasses the upper river.', 'Eastern Shoshone Tribe; Wind River Reservation', 0);
INSERT INTO public.river_history (river_id, era, year, title, body, source, sort_order) VALUES ('wind_river', 'modern', '2000', 'Wind River Canyon Scenic Byway', 'Wyoming designated the highway through Wind River Canyon a state scenic byway, recognizing the extraordinary geological exposure — formations spanning from Precambrian to Cretaceous visible in a single canyon drive.', 'Wyoming Department of Transportation; Wyoming Geological Survey', 1);
INSERT INTO public.river_reviews (river_id, username, review_date, stars, body, is_seed) VALUES ('wind_river', 'wind_river_paddler', 'Jul 2024', 5, 'Wind River Canyon at 1,800 cfs — paddling through 2.5 billion years of rock. The geology alone is worth the trip. Class II–III rapids keep it interesting.', true);
INSERT INTO public.river_reviews (river_id, username, review_date, stars, body, is_seed) VALUES ('wind_river', 'fremont_co_local', 'Jun 2024', 4, 'Wind River at 2,500 cfs in June — higher water, bigger rapids. The canyon walls are immense. Hot springs in Thermopolis at the takeout.', true);
INSERT INTO public.river_outfitters (river_id, name, description, link, is_seed) VALUES ('wind_river', 'Wind River Canyon Outfitters', 'Wind River guided whitewater and fishing', '', true);
INSERT INTO public.rivers (id, state_key, name, county, length, class, optimal_cfs, usgs_gauge, avg_cfs, hist_flow, map_x, map_y, description, designations, sections, filter_flags) VALUES ('shoshone', 'wy', 'Shoshone River', 'Park Co.', '80 mi', 'I–II', '800–4000', '06285100', 2200, 1900, 245, 155, 'The Shoshone River flows from Buffalo Bill Reservoir through the town of Cody, gateway to Yellowstone National Park. Eighty miles of scenic Class I–II water through the Absaroka Range foothills with excellent trout fishing and wildlife viewing.', 'Shoshone National Forest · Buffalo Bill State Park', ARRAY['Buffalo Bill Dam to Cody — Class I–II, tailwater trout','Cody to Lovell — Class I, wide valley float','Below Lovell — Class I, plains transition'], '{"ww":false,"wild":false,"remote":false,"fishing":true}') ON CONFLICT (id) DO NOTHING;
INSERT INTO public.river_history (river_id, era, year, title, body, source, sort_order) VALUES ('shoshone', 'survey', '1910', 'Buffalo Bill Dam — Shoshone Project', 'Buffalo Bill Dam, completed in 1910, was the highest dam in the world at the time. The Bureau of Reclamation''s Shoshone Project transformed the valley''s agriculture and created the reservoir that bears Buffalo Bill Cody''s name.', 'Bureau of Reclamation; Park County Historical Society', 0);
INSERT INTO public.river_history (river_id, era, year, title, body, source, sort_order) VALUES ('shoshone', 'modern', '2018', 'Shoshone River Trail Development', 'Park County and the city of Cody developed a river trail system along the Shoshone, improving public access for fishing, paddling, and wildlife viewing along the Yellowstone gateway corridor.', 'Park County; City of Cody', 1);
INSERT INTO public.river_reviews (river_id, username, review_date, stars, body, is_seed) VALUES ('shoshone', 'cody_angler', 'Aug 2024', 4, 'Shoshone below Buffalo Bill Dam at 1,500 cfs — cold, clear tailwater with big cutthroat. Cody is a great base for Yellowstone and river time.', true);
INSERT INTO public.river_reviews (river_id, username, review_date, stars, body, is_seed) VALUES ('shoshone', 'yellowstone_paddler', 'Jul 2024', 4, 'Shoshone through Cody at 2,000 cfs — mellow float with Absaroka views. Perfect rest day between Yellowstone adventures.', true);
INSERT INTO public.river_outfitters (river_id, name, description, link, is_seed) VALUES ('shoshone', 'Cody Wyoming Adventures', 'Shoshone River fishing and float trips', '', true);
INSERT INTO public.rivers (id, state_key, name, county, length, class, optimal_cfs, usgs_gauge, avg_cfs, hist_flow, map_x, map_y, description, designations, sections, filter_flags) VALUES ('hoback', 'wy', 'Hoback River', 'Teton / Lincoln Co.', '40 mi', 'II–III', '500–3000', '13019500', 1200, 1050, 265, 160, 'The Hoback River is a major Snake River tributary flowing through the Hoback Canyon south of Jackson Hole. Forty miles of Class II–III whitewater through a scenic mountain canyon, popular with paddlers seeking an alternative to the crowded Snake River runs.', 'Bridger-Teton National Forest', ARRAY['Upper Hoback — Class I–II, mountain meadows','Hoback Canyon — Class II–III, best whitewater section','Hoback Junction to Snake River — Class II, confluence run'], '{"ww":true,"wild":false,"remote":false,"fishing":true}') ON CONFLICT (id) DO NOTHING;
INSERT INTO public.river_history (river_id, era, year, title, body, source, sort_order) VALUES ('hoback', 'native', 'Pre-contact', 'Shoshone and Bannock — Mountain Corridor', 'The Hoback River canyon served as a travel route for Shoshone and Bannock peoples moving between the Snake River Plain and the upper Green River basin. John Hoback, a fur trapper, gave the river its European name in 1811.', 'Jackson Hole Historical Society; Bridger-Teton National Forest', 0);
INSERT INTO public.river_history (river_id, era, year, title, body, source, sort_order) VALUES ('hoback', 'modern', '2015', 'Hoback River Conservation Easement', 'The Wyoming Game & Fish Department and the Jackson Hole Land Trust secured conservation easements along the lower Hoback River, protecting critical wildlife habitat and public river access in the rapidly developing Jackson Hole corridor.', 'Wyoming Game & Fish; Jackson Hole Land Trust', 1);
INSERT INTO public.river_reviews (river_id, username, review_date, stars, body, is_seed) VALUES ('hoback', 'jackson_local', 'Jun 2024', 5, 'Hoback at 2,000 cfs in June — great alternative to the Snake when the canyon is crowded. Class II–III through a beautiful mountain canyon.', true);
INSERT INTO public.river_reviews (river_id, username, review_date, stars, body, is_seed) VALUES ('hoback', 'teton_paddler', 'Jul 2024', 4, 'Hoback at 1,200 cfs — fun intermediate run. Osprey and moose along the banks. Easy shuttle from Jackson.', true);
INSERT INTO public.river_outfitters (river_id, name, description, link, is_seed) VALUES ('hoback', 'Jackson Hole Whitewater', 'Hoback River guided trips', '', true);
INSERT INTO public.rivers (id, state_key, name, county, length, class, optimal_cfs, usgs_gauge, avg_cfs, hist_flow, map_x, map_y, description, designations, sections, filter_flags) VALUES ('clarks_fork', 'wy', 'Clarks Fork Yellowstone', 'Park Co.', '20 mi', 'IV–V', '800–3000', '06207500', 1600, 1400, 240, 150, 'The Clarks Fork of the Yellowstone is Wyoming''s premier expert whitewater run — 20 miles of Class IV–V canyon through the Absaroka-Beartooth Wilderness. The river drops through a dramatic granite gorge with continuous technical rapids and mandatory portages.', 'National Wild & Scenic River · Absaroka-Beartooth Wilderness', ARRAY['Upper canyon — Class IV, building rapids','The Box — Class V, technical gorge with mandatory scout','Lower canyon to Clark — Class III–IV, easing gradient'], '{"ww":true,"wild":true,"remote":true,"fishing":false}') ON CONFLICT (id) DO NOTHING;
INSERT INTO public.river_history (river_id, era, year, title, body, source, sort_order) VALUES ('clarks_fork', 'survey', '1990', 'Wild & Scenic River Designation', 'Congress designated 20.5 miles of the Clarks Fork of the Yellowstone as a National Wild & Scenic River in 1990, recognizing its outstanding whitewater, scenery, and wilderness character in the Absaroka-Beartooth.', 'National Wild & Scenic Rivers System; Shoshone National Forest', 0);
INSERT INTO public.river_history (river_id, era, year, title, body, source, sort_order) VALUES ('clarks_fork', 'modern', '2008', 'Mining Threat Resolved', 'A proposed gold mine near the headwaters of the Clarks Fork was permanently blocked through a land exchange brokered by the Beartooth Alliance, protecting the watershed from acid mine drainage.', 'Beartooth Alliance; Shoshone National Forest', 1);
INSERT INTO public.river_reviews (river_id, username, review_date, stars, body, is_seed) VALUES ('clarks_fork', 'expert_wy_kayaker', 'Jul 2024', 5, 'Clarks Fork at 1,500 cfs — The Box is no joke. Continuous Class V in a granite gorge. This is a serious expert run. Scouting is mandatory.', true);
INSERT INTO public.river_reviews (river_id, username, review_date, stars, body, is_seed) VALUES ('clarks_fork', 'absaroka_paddler', 'Jun 2024', 5, 'Clarks Fork at 2,200 cfs in June — high water makes the big drops enormous. Only for experienced Class V paddlers. The canyon is breathtaking.', true);
INSERT INTO public.river_outfitters (river_id, name, description, link, is_seed) VALUES ('clarks_fork', 'Beartooth Whitewater', 'Clarks Fork guided expert kayak clinics', '', true);
INSERT INTO public.rivers (id, state_key, name, county, length, class, optimal_cfs, usgs_gauge, avg_cfs, hist_flow, map_x, map_y, description, designations, sections, filter_flags) VALUES ('greys', 'wy', 'Greys River', 'Lincoln Co.', '60 mi', 'I–II', '300–2000', '13023000', 800, 700, 268, 168, 'The Greys River flows through one of the most remote valleys in Wyoming — 60 miles along the Salt Range in Lincoln County. Elk, moose, and mule deer outnumber people along this backcountry float through the Bridger-Teton National Forest.', 'Bridger-Teton National Forest', ARRAY['Upper Greys — Class I, mountain meadow','Middle Greys — Class I–II, forested canyon','Lower Greys to Snake River — Class I, wide valley'], '{"ww":false,"wild":false,"remote":true,"fishing":true}') ON CONFLICT (id) DO NOTHING;
INSERT INTO public.river_history (river_id, era, year, title, body, source, sort_order) VALUES ('greys', 'native', 'Pre-contact', 'Shoshone — The Elk Valley', 'The Greys River valley was a seasonal hunting ground for the Eastern Shoshone, who followed elk herds into the Salt Range each autumn. The river was named for fur trapper John Grey in the 1820s.', 'Bridger-Teton National Forest; Lincoln County Historical Society', 0);
INSERT INTO public.river_history (river_id, era, year, title, body, source, sort_order) VALUES ('greys', 'modern', '2012', 'Greys River Road Controversy', 'Conservation groups successfully challenged a proposal to pave the Greys River Road, preserving the valley''s remote character. The unpaved road limits access and maintains the backcountry feel.', 'Bridger-Teton National Forest; Wyoming Outdoor Council', 1);
INSERT INTO public.river_reviews (river_id, username, review_date, stars, body, is_seed) VALUES ('greys', 'greys_river_elk', 'Sep 2024', 5, 'Greys River at 500 cfs in September — elk bugling on every hillside. Floated 20 miles without seeing another boat. This is backcountry Wyoming at its best.', true);
INSERT INTO public.river_reviews (river_id, username, review_date, stars, body, is_seed) VALUES ('greys', 'lincoln_co_angler', 'Jul 2024', 4, 'Greys at 1,200 cfs — good summer flows. Cutthroat trout in every pool. Moose at the put-in. Remote and beautiful.', true);
INSERT INTO public.river_outfitters (river_id, name, description, link, is_seed) VALUES ('greys', 'Greys River Outfitters', 'Backcountry float fishing on the Greys', '', true);
INSERT INTO public.rivers (id, state_key, name, county, length, class, optimal_cfs, usgs_gauge, avg_cfs, hist_flow, map_x, map_y, description, designations, sections, filter_flags) VALUES ('desolation', 'ut', 'Green River — Desolation Canyon', 'Carbon / Emery Co.', '84 mi', 'I–III', '2000–10000', '09315000', 5200, 4800, 225, 250, 'Eighty-four miles of wilderness whitewater through the deepest canyon in the Uinta Basin — deeper than the Grand Canyon at its maximum point. Desolation Canyon is one of the great multi-day river trips in North America: Class I–III rapids through 2,000 feet of layered sandstone, cottonwood groves sheltering ancient Fremont rock art, bighorn sheep on every cliff band, and not a road or power line for the entire run.', 'BLM Desolation Canyon Wilderness Study Area', ARRAY['Sand Wash to Rock Creek — 28 mi, Class I–II, canyon entry and Fremont rock art','Rock Creek to Three Fords — 28 mi, Class II–III, deepest canyon section','Three Fords to Swasey Rapid takeout — 28 mi, Class II, widening canyon and desert benches'], '{"ww":true,"wild":true,"desert":true,"canyon":true}') ON CONFLICT (id) DO NOTHING;
INSERT INTO public.river_history (river_id, era, year, title, body, source, sort_order) VALUES ('desolation', 'native', 'Pre-contact', 'Fremont and Ute — Canyon Dwellers of the Green River', 'The Fremont people inhabited Desolation Canyon from roughly 200 to 1300 AD, leaving extensive rock art panels and granary sites throughout the corridor. The Ute people followed, using the canyon as winter shelter and travel route. Over 60 documented archaeological sites line the river.', 'BLM Price Field Office; Utah State Historical Society', 0);
INSERT INTO public.river_history (river_id, era, year, title, body, source, sort_order) VALUES ('desolation', 'survey', '1869', 'Powell Expedition — Naming Desolation Canyon', 'John Wesley Powell named Desolation Canyon during his 1869 expedition, writing in his journal: ''The landscape everywhere, away from the river, is of rock — cliffs of rock, tables of rock, plateaus of rock... a whole land of naked rock with giant forms carved on it.'' The name stuck despite the canyon being anything but desolate.', 'Powell, J.W. ''Exploration of the Colorado River'' (1875)', 1);
INSERT INTO public.river_history (river_id, era, year, title, body, source, sort_order) VALUES ('desolation', 'modern', '1990', 'BLM Wilderness Study Area Designation', 'The BLM designated Desolation Canyon a Wilderness Study Area, providing interim protections for over 300,000 acres of canyon wilderness. The designation recognized the area as one of the largest unroaded landscapes in the lower 48 states.', 'BLM Price Field Office; Utah Wilderness Coalition', 2);
INSERT INTO public.river_documents (river_id, title, source, year, doc_type, pages, url) VALUES ('desolation', 'Desolation Canyon Wilderness Study Area Management Plan', 'BLM', 2008, 'Federal', 175, 'https://www.blm.gov/visit/desolation-canyon');
INSERT INTO public.river_reviews (river_id, username, review_date, stars, body, is_seed) VALUES ('desolation', 'desert_river_rat', 'Jun 2024', 5, 'Six days through Desolation at 4,500 cfs — perfect June level. Fremont rock art at every camp, bighorn sheep on the cliffs, and nobody else for 84 miles. This is the real deal.', true);
INSERT INTO public.river_reviews (river_id, username, review_date, stars, body, is_seed) VALUES ('desolation', 'utah_canyoneer', 'May 2024', 5, 'Deso at 7,000 cfs in May — bigger water than expected. Three Fords and Coal Creek rapids were genuine Class III. Camp at Firewater Canyon was otherworldly.', true);
INSERT INTO public.river_outfitters (river_id, name, description, link, is_seed) VALUES ('desolation', 'Holiday River Expeditions', 'Desolation Canyon multi-day guided trips', 'bikeraft.com', true);
INSERT INTO public.river_outfitters (river_id, name, description, link, is_seed) VALUES ('desolation', 'OARS', 'Green River Desolation Canyon expeditions', 'oars.com', true);
INSERT INTO public.rivers (id, state_key, name, county, length, class, optimal_cfs, usgs_gauge, avg_cfs, hist_flow, map_x, map_y, description, designations, sections, filter_flags) VALUES ('san_juan', 'ut', 'San Juan River', 'San Juan Co.', '84 mi', 'II', '1000–4000', '09379500', 2200, 1950, 215, 285, 'The San Juan River from Mexican Hat to Clay Hills winds 84 miles through Monument Valley country — a river of deep geological time. The Honaker Trail formation exposes 300 million years of Earth history in the canyon walls. Ancestral Puebloan ruins, petroglyphs, and granaries appear at nearly every bend. The Goosenecks of the San Juan — where the river meanders 5 miles to travel 1 mile of distance — are among the most photographed geological features in the Southwest.', 'BLM San Juan River Recreation Area', ARRAY['Sand Island to Mexican Hat — 26 mi, Class II, introductory canyon','Mexican Hat to Goosenecks — 30 mi, Class II–III, deepening gorge and ruins','Goosenecks to Clay Hills — 28 mi, Class II, remote desert canyon finish'], '{"ww":true,"wild":false,"desert":true,"canyon":true}') ON CONFLICT (id) DO NOTHING;
INSERT INTO public.river_history (river_id, era, year, title, body, source, sort_order) VALUES ('san_juan', 'native', 'Pre-contact', 'Ancestral Puebloan and Navajo — River Through Time', 'The San Juan River corridor contains one of the densest concentrations of Ancestral Puebloan sites in the Southwest, with cliff dwellings, granaries, and rock art panels dating from 200 to 1300 AD. The Navajo Nation (Dine) has occupied the surrounding landscape for centuries, and the river forms the northern boundary of the Navajo Nation.', 'BLM Monticello Field Office; Navajo Nation Historic Preservation; Edge of the Cedars Museum', 0);
INSERT INTO public.river_history (river_id, era, year, title, body, source, sort_order) VALUES ('san_juan', 'survey', '1921', 'USGS Geological Survey of the San Juan Basin', 'USGS geologists documented the extraordinary stratigraphic exposure along the San Juan River, identifying formations spanning 300 million years — from Permian limestones to Cretaceous shales — visible in a single canyon cross-section.', 'USGS Professional Paper 134 (1921)', 1);
INSERT INTO public.river_history (river_id, era, year, title, body, source, sort_order) VALUES ('san_juan', 'modern', '1983', 'BLM River Recreation Management Plan', 'The BLM established a permit system for the San Juan River, recognizing its significance as one of the premier desert river trips in the Southwest. The management plan balanced recreation with protection of irreplaceable archaeological resources.', 'BLM Monticello Field Office (1983)', 2);
INSERT INTO public.river_reviews (river_id, username, review_date, stars, body, is_seed) VALUES ('san_juan', 'monument_valley_paddler', 'Apr 2024', 5, 'San Juan at 1,800 cfs in April — perfect spring level. Puebloan ruins at River House were breathtaking. The Goosenecks section is geology on a scale that makes you feel very small.', true);
INSERT INTO public.river_reviews (river_id, username, review_date, stars, body, is_seed) VALUES ('san_juan', 'desert_float_nm', 'Mar 2024', 4, 'Mexican Hat to Clay Hills at 800 cfs — low but floatable. Had to line one rapid. The ruins and rock art make this trip unforgettable.', true);
INSERT INTO public.river_outfitters (river_id, name, description, link, is_seed) VALUES ('san_juan', 'Wild Rivers Expeditions', 'San Juan River guided trips from Bluff', 'riversandruin.com', true);
INSERT INTO public.river_outfitters (river_id, name, description, link, is_seed) VALUES ('san_juan', 'Four Corners River Sports', 'San Juan River rentals and shuttles', 'fourcornersriversports.com', true);
INSERT INTO public.rivers (id, state_key, name, county, length, class, optimal_cfs, usgs_gauge, avg_cfs, hist_flow, map_x, map_y, description, designations, sections, filter_flags) VALUES ('cataract', 'ut', 'Colorado River — Cataract Canyon', 'Wayne / Garfield Co.', '46 mi', 'III–V', '5000–30000', '09180500', 12000, 10500, 220, 270, 'Cataract Canyon begins at the Confluence of the Green and Colorado Rivers in the heart of Canyonlands National Park and delivers 46 miles of escalating whitewater through some of the most dramatic desert canyon scenery on Earth. The Big Drop rapids — a mile-long sequence of three Class IV–V drops — are among the most powerful whitewater in the American West at peak flows. At 30,000 cfs the Big Drops become truly enormous hydraulics.', 'Canyonlands National Park', ARRAY['Confluence to Dark Canyon — 14 mi, Class II–III, building rapids in deepening canyon','Dark Canyon to Big Drop — 12 mi, Class III–IV, major rapids begin','Big Drop rapids to Lake Powell — 20 mi, Class IV–V then flatwater, climactic sequence'], '{"ww":true,"wild":true,"desert":true,"canyon":true}') ON CONFLICT (id) DO NOTHING;
INSERT INTO public.river_history (river_id, era, year, title, body, source, sort_order) VALUES ('cataract', 'native', 'Pre-contact', 'Fremont and Ancestral Puebloan — The Heart of Canyon Country', 'The Confluence area of the Green and Colorado Rivers was a cultural crossroads for thousands of years. Fremont rock art and Ancestral Puebloan granaries are found throughout the canyon corridor, documenting continuous human presence in one of the most remote landscapes in North America.', 'National Park Service — Canyonlands; Utah State Historical Society', 0);
INSERT INTO public.river_history (river_id, era, year, title, body, source, sort_order) VALUES ('cataract', 'survey', '1869', 'Powell Expedition — Running Cataract Canyon', 'Powell''s expedition reached Cataract Canyon in July 1869 and encountered the most difficult whitewater of the entire journey. Powell wrote of waves ''higher than any we had ever encountered'' and the expedition nearly lost a boat in what would become the Big Drop.', 'Powell, J.W. ''Exploration of the Colorado River'' (1875)', 1);
INSERT INTO public.river_history (river_id, era, year, title, body, source, sort_order) VALUES ('cataract', 'modern', '1964', 'Canyonlands National Park Established', 'President Lyndon Johnson signed the bill creating Canyonlands National Park, permanently protecting the Confluence and Cataract Canyon. The park encompasses 337,598 acres of canyon wilderness at the heart of the Colorado Plateau.', 'National Park Service; Congressional Record (1964)', 2);
INSERT INTO public.river_documents (river_id, title, source, year, doc_type, pages, url) VALUES ('cataract', 'Canyonlands National Park River Management Plan', 'NPS', 2015, 'Federal', 200, 'https://www.nps.gov/cany/learn/management/index.htm');
INSERT INTO public.river_reviews (river_id, username, review_date, stars, body, is_seed) VALUES ('cataract', 'cataract_veteran', 'Jun 2024', 5, 'Cataract at 25,000 cfs in June — Big Drop 2 was the largest rapid I have ever run. Waves over 15 feet. Absolutely world-class expedition whitewater in the heart of Canyonlands.', true);
INSERT INTO public.river_reviews (river_id, username, review_date, stars, body, is_seed) VALUES ('cataract', 'moab_river_guide', 'May 2024', 5, 'Cataract at 14,000 cfs — perfect May level. The Confluence is a spiritual place. Four days from Mineral Bottom through the Big Drops. Nothing else like it in North America.', true);
INSERT INTO public.river_outfitters (river_id, name, description, link, is_seed) VALUES ('cataract', 'Sheri Griffith Expeditions', 'Cataract Canyon multi-day whitewater trips', 'griffithexp.com', true);
INSERT INTO public.river_outfitters (river_id, name, description, link, is_seed) VALUES ('cataract', 'Tag-A-Long Expeditions', 'Cataract Canyon and Canyonlands river trips', 'tagalong.com', true);
INSERT INTO public.rivers (id, state_key, name, county, length, class, optimal_cfs, usgs_gauge, avg_cfs, hist_flow, map_x, map_y, description, designations, sections, filter_flags) VALUES ('provo', 'ut', 'Provo River', 'Wasatch Co.', '70 mi', 'I–II', '200–1000', '10155500', 450, 400, 195, 250, 'The Provo River is Utah''s premier Blue-Ribbon trout stream, flowing 70 miles from the Uinta Mountains through Heber Valley to Utah Lake. The middle section through Heber Valley offers world-class fly fishing for brown and rainbow trout in a pastoral mountain setting.', 'Utah Blue-Ribbon Fishery · Uinta-Wasatch-Cache National Forest', ARRAY['Upper Provo — Class I–II, mountain canyon above Jordanelle','Middle Provo (Heber Valley) — Class I, Blue-Ribbon trout water','Lower Provo — Class I–II, Provo Canyon to Utah Lake'], '{"ww":false,"wild":false,"desert":false,"canyon":false}') ON CONFLICT (id) DO NOTHING;
INSERT INTO public.river_history (river_id, era, year, title, body, source, sort_order) VALUES ('provo', 'native', 'Pre-contact', 'Ute — The Mountain River', 'The Provo River was a critical resource for the Timpanogos band of the Ute people, who fished the river and hunted in the surrounding Wasatch Mountains. The city of Provo bears an anglicized version of the Ute name.', 'Ute Indian Tribe; Utah State Historical Society', 0);
INSERT INTO public.river_history (river_id, era, year, title, body, source, sort_order) VALUES ('provo', 'modern', '2013', 'Provo River Restoration Project', 'The Provo River Restoration Project re-meandered 10 miles of the middle Provo, removing channelization from the 1940s and restoring natural floodplain habitat. Trout populations doubled within five years.', 'Utah Division of Wildlife Resources; Provo River Watershed Council', 1);
INSERT INTO public.river_reviews (river_id, username, review_date, stars, body, is_seed) VALUES ('provo', 'heber_angler', 'Sep 2024', 5, 'Middle Provo at 350 cfs — perfect fall flows. Brown trout spawning run was incredible. The restoration project transformed this river.', true);
INSERT INTO public.river_reviews (river_id, username, review_date, stars, body, is_seed) VALUES ('provo', 'wasatch_paddler', 'Jun 2024', 4, 'Provo River through Heber Valley at 600 cfs — gentle float with Wasatch views. World-class trout water with easy access from Salt Lake.', true);
INSERT INTO public.river_outfitters (river_id, name, description, link, is_seed) VALUES ('provo', 'Park City Fly Fishing', 'Provo River guided fly fishing floats', '', true);
INSERT INTO public.rivers (id, state_key, name, county, length, class, optimal_cfs, usgs_gauge, avg_cfs, hist_flow, map_x, map_y, description, designations, sections, filter_flags) VALUES ('weber', 'ut', 'Weber River', 'Summit / Morgan Co.', '90 mi', 'I–III', '300–2000', '10128500', 750, 650, 190, 240, 'The Weber River flows 90 miles from the western Uinta Mountains through Morgan Valley to the Great Salt Lake, passing through scenic Weber Canyon. A popular fly fishing destination near Ogden with Class I–III whitewater in the canyon sections during spring runoff.', 'Uinta-Wasatch-Cache National Forest', ARRAY['Upper Weber — Class I, mountain meadows near Oakley','Weber Canyon — Class II–III, canyon whitewater','Lower Weber to Great Salt Lake — Class I, wide valley'], '{"ww":true,"wild":false,"desert":false,"canyon":false}') ON CONFLICT (id) DO NOTHING;
INSERT INTO public.river_history (river_id, era, year, title, body, source, sort_order) VALUES ('weber', 'survey', '1869', 'Transcontinental Railroad Through Weber Canyon', 'The first transcontinental railroad was routed through Weber Canyon in 1869, following the river''s natural corridor through the Wasatch Range. The railroad transformed the valley from remote frontier to connected corridor.', 'Union Pacific Historical Society; Utah State Historical Society', 0);
INSERT INTO public.river_history (river_id, era, year, title, body, source, sort_order) VALUES ('weber', 'modern', '2016', 'Weber River Blue-Ribbon Fishery', 'Utah Division of Wildlife Resources designated sections of the Weber River as Blue-Ribbon fishery, recognizing the exceptional brown trout populations in the upper river and canyon sections.', 'Utah Division of Wildlife Resources', 1);
INSERT INTO public.river_reviews (river_id, username, review_date, stars, body, is_seed) VALUES ('weber', 'ogden_angler', 'Jul 2024', 4, 'Weber Canyon at 1,200 cfs — fun Class II–III whitewater with good trout fishing in the pools between rapids. Easy day trip from Ogden.', true);
INSERT INTO public.river_reviews (river_id, username, review_date, stars, body, is_seed) VALUES ('weber', 'summit_co_paddler', 'Jun 2024', 4, 'Upper Weber near Oakley at 800 cfs — beautiful meadow float through ranch country. Big browns under the cutbanks.', true);
INSERT INTO public.river_outfitters (river_id, name, description, link, is_seed) VALUES ('weber', 'Weber River Outfitters', 'Guided fishing and paddling on the Weber', '', true);
INSERT INTO public.rivers (id, state_key, name, county, length, class, optimal_cfs, usgs_gauge, avg_cfs, hist_flow, map_x, map_y, description, designations, sections, filter_flags) VALUES ('logan', 'ut', 'Logan River', 'Cache Co.', '45 mi', 'I–II', '100–600', '10109000', 280, 250, 185, 230, 'The Logan River flows through scenic Logan Canyon in northern Utah''s Bear River Range, offering 45 miles of gentle paddling and excellent trout fishing. Logan Canyon Scenic Byway follows the river through limestone cliffs and dense forests.', 'Logan Canyon Scenic Byway · Uinta-Wasatch-Cache National Forest', ARRAY['Upper Logan Canyon — Class I–II, narrow canyon','Lower Logan Canyon — Class I, widening valley','Cache Valley reach — Class I, agricultural valley to Bear River'], '{"ww":false,"wild":false,"desert":false,"canyon":true}') ON CONFLICT (id) DO NOTHING;
INSERT INTO public.river_history (river_id, era, year, title, body, source, sort_order) VALUES ('logan', 'native', 'Pre-contact', 'Shoshone — Cache Valley Corridor', 'The Logan River canyon was a travel route for Northwestern Shoshone bands moving between Cache Valley and Bear Lake. The valley''s name derives from the fur trappers'' caches stored here in the 1820s.', 'Northwestern Band of the Shoshone Nation; Cache County Historical Society', 0);
INSERT INTO public.river_history (river_id, era, year, title, body, source, sort_order) VALUES ('logan', 'modern', '2009', 'Logan Canyon Scenic Byway Designation', 'Logan Canyon was designated a National Scenic Byway, recognizing the outstanding natural beauty of the limestone canyon, the Logan River corridor, and the surrounding Bear River Range.', 'Federal Highway Administration; Utah Department of Transportation', 1);
INSERT INTO public.river_reviews (river_id, username, review_date, stars, body, is_seed) VALUES ('logan', 'cache_valley_angler', 'Aug 2024', 4, 'Logan River at 200 cfs — late summer flows but the canyon is gorgeous. Limestone cliffs and clear water. Great dry fly fishing.', true);
INSERT INTO public.river_reviews (river_id, username, review_date, stars, body, is_seed) VALUES ('logan', 'usu_paddler', 'May 2024', 4, 'Logan River at 500 cfs during spring runoff — the canyon section is beautiful and the Class I–II water is perfect for beginners.', true);
INSERT INTO public.river_outfitters (river_id, name, description, link, is_seed) VALUES ('logan', 'Cache Valley Anglers', 'Logan River guided fishing and paddling', '', true);
INSERT INTO public.rivers (id, state_key, name, county, length, class, optimal_cfs, usgs_gauge, avg_cfs, hist_flow, map_x, map_y, description, designations, sections, filter_flags) VALUES ('dolores', 'ut', 'Dolores River', 'San Juan Co.', '150 mi', 'II–IV', '800–5000', '09180000', 1800, 1500, 210, 265, 'The Dolores River offers 150 miles of remote desert canyon paddling through the Slickrock Canyon country of southeastern Utah. Class II–IV whitewater through Ponderosa Gorge and Slickrock Canyon makes this one of the great multi-day desert river trips, but McPhee Dam limits the runnable window to spring snowmelt years.', 'BLM Dolores River Canyon · Slickrock Canyon', ARRAY['Bradfield Bridge to Slickrock — 75 mi, Class II–III, Ponderosa Gorge','Slickrock Canyon — 45 mi, Class III–IV, deepest canyon','Lower Dolores to Colorado River — 30 mi, Class II, widening canyon'], '{"ww":true,"wild":false,"desert":true,"canyon":true}') ON CONFLICT (id) DO NOTHING;
INSERT INTO public.river_history (river_id, era, year, title, body, source, sort_order) VALUES ('dolores', 'native', 'Pre-contact', 'Ancestral Puebloan — Canyon of the Dolores', 'The Dolores River canyon contains extensive Ancestral Puebloan sites, including cliff dwellings and rock art panels dating from 750 to 1300 AD. Spanish explorers named the river ''Rio de Nuestra Senora de los Dolores'' in 1776.', 'BLM Moab Field Office; Anasazi Heritage Center', 0);
INSERT INTO public.river_history (river_id, era, year, title, body, source, sort_order) VALUES ('dolores', 'modern', '1984', 'McPhee Dam — The Dolores Transformed', 'McPhee Dam, completed in 1984, dramatically reduced flows in the Dolores River, making multi-day trips possible only in high snowmelt years. The dam remains one of the most controversial water projects in Colorado and Utah.', 'Bureau of Reclamation; Dolores River Boating Advocates', 1);
INSERT INTO public.river_reviews (river_id, username, review_date, stars, body, is_seed) VALUES ('dolores', 'dolores_river_rat', 'May 2024', 5, 'Dolores at 3,000 cfs — a big water year! Slickrock Canyon was spectacular. Class III–IV rapids in a 1,000-foot sandstone gorge. This trip only happens every few years.', true);
INSERT INTO public.river_reviews (river_id, username, review_date, stars, body, is_seed) VALUES ('dolores', 'desert_canyon_paddler', 'Apr 2024', 4, 'Dolores at 1,500 cfs — lower but runnable. Ponderosa Gorge was beautiful. Check the McPhee release schedule — this river is feast or famine.', true);
INSERT INTO public.river_outfitters (river_id, name, description, link, is_seed) VALUES ('dolores', 'Dvorak Expeditions', 'Dolores River multi-day canyon trips', '', true);
INSERT INTO public.rivers (id, state_key, name, county, length, class, optimal_cfs, usgs_gauge, avg_cfs, hist_flow, map_x, map_y, description, designations, sections, filter_flags) VALUES ('westwater', 'ut', 'Colorado River — Westwater Canyon', 'Grand Co.', '11 mi', 'III–IV', '3000–15000', '09163500', 8500, 7800, 215, 260, 'Westwater Canyon packs 11 miles of Class III–IV whitewater into a dramatic Precambrian granite gorge on the Colorado River near the Utah-Colorado border. A BLM permit is required, and the canyon delivers big-water rapids through 1.7-billion-year-old black schist and gneiss.', 'BLM Westwater Canyon Wilderness Study Area (permit required)', ARRAY['Westwater Ranch to canyon entry — 2 mi, Class I, flatwater approach','Westwater Canyon — 7 mi, Class III–IV, granite gorge whitewater','Canyon exit to Cisco — 2 mi, Class I, desert flatwater'], '{"ww":true,"wild":false,"desert":true,"canyon":true}') ON CONFLICT (id) DO NOTHING;
INSERT INTO public.river_history (river_id, era, year, title, body, source, sort_order) VALUES ('westwater', 'survey', '1914', 'USGS Survey of Westwater Canyon', 'USGS geologists documented the extraordinary Precambrian exposure in Westwater Canyon — the oldest rock visible along the entire Colorado River system, predating even the inner gorge of the Grand Canyon.', 'USGS Professional Paper 76 (1914)', 0);
INSERT INTO public.river_history (river_id, era, year, title, body, source, sort_order) VALUES ('westwater', 'modern', '1985', 'BLM Permit System Established', 'The BLM established a permit system for Westwater Canyon to manage the growing demand for this accessible one-day whitewater run near Moab. The canyon remains one of the most popular permitted river runs in the West.', 'BLM Moab Field Office', 1);
INSERT INTO public.river_reviews (river_id, username, review_date, stars, body, is_seed) VALUES ('westwater', 'moab_boater', 'Jun 2024', 5, 'Westwater at 10,000 cfs — Funnel Falls and Room of Doom were massive. The black Precambrian walls make this canyon feel ancient. Best single-day whitewater in Utah.', true);
INSERT INTO public.river_reviews (river_id, username, review_date, stars, body, is_seed) VALUES ('westwater', 'co_river_runner', 'May 2024', 4, 'Westwater at 6,000 cfs — perfect May level. Skull rapid was big but clean. Get your BLM permit early — weekends fill fast.', true);
INSERT INTO public.river_outfitters (river_id, name, description, link, is_seed) VALUES ('westwater', 'Moab Adventure Center', 'Westwater Canyon guided rafting trips', '', true);
INSERT INTO public.rivers (id, state_key, name, county, length, class, optimal_cfs, usgs_gauge, avg_cfs, hist_flow, map_x, map_y, description, designations, sections, filter_flags) VALUES ('taos_box', 'nm', 'Rio Grande — Taos Box', 'Taos Co.', '17 mi', 'III–IV', '800–3000', '08276500', 1100, 980, 270, 350, 'The Taos Box is 17 miles of Class III–IV whitewater through an 800-foot basalt gorge carved into the Taos Plateau — the deepest canyon of the Rio Grande. The river drops through continuous boulder-garden rapids framed by dark volcanic walls, with hot springs seeping from fractures in the basalt. Rio Grande del Norte National Monument protects the entire corridor.', 'Wild & Scenic River · Rio Grande del Norte National Monument', ARRAY['John Dunn Bridge to Manby Hot Springs — 5 mi, Class III, gorge entry with hot springs','Manby Hot Springs to Big Arsenic — 6 mi, Class III–IV, deepest gorge section','Big Arsenic to Taos Junction Bridge — 6 mi, Class III, widening canyon exit'], '{"ww":true,"wild":true,"desert":false,"canyon":true}') ON CONFLICT (id) DO NOTHING;
INSERT INTO public.river_history (river_id, era, year, title, body, source, sort_order) VALUES ('taos_box', 'native', 'Pre-contact', 'Taos Pueblo — The Great River of the North', 'Taos Pueblo, continuously inhabited for over 1,000 years, sits just miles from the Rio Grande gorge. The Pueblo people have deep ancestral connections to the river and its canyon. The gorge served as a natural boundary and sacred landscape for the northern Pueblo peoples.', 'Taos Pueblo; New Mexico Office of Archaeological Studies', 0);
INSERT INTO public.river_history (river_id, era, year, title, body, source, sort_order) VALUES ('taos_box', 'survey', '1968', 'National Wild & Scenic River — Original Designation', 'The Rio Grande through the Taos Box was among the original eight rivers designated under the National Wild and Scenic Rivers Act of 1968, recognizing its outstanding scenic, recreational, and geological values.', 'National Wild & Scenic Rivers System; BLM Taos Field Office', 1);
INSERT INTO public.river_history (river_id, era, year, title, body, source, sort_order) VALUES ('taos_box', 'modern', '2013', 'Rio Grande del Norte National Monument', 'President Obama designated 242,555 acres of the Taos Plateau volcanic field and Rio Grande gorge as Rio Grande del Norte National Monument, permanently protecting the Taos Box and surrounding landscape.', 'Presidential Proclamation (2013); BLM New Mexico', 2);
INSERT INTO public.river_documents (river_id, title, source, year, doc_type, pages, url) VALUES ('taos_box', 'Rio Grande Wild & Scenic River Management Plan', 'BLM', 2012, 'Federal', 185, 'https://www.rivers.gov/sites/rivers/files/documents/plans/rio-grande-plan.pdf');
INSERT INTO public.river_reviews (river_id, username, review_date, stars, body, is_seed) VALUES ('taos_box', 'taos_kayaker', 'May 2024', 5, 'Taos Box at 1,500 cfs in May — perfect spring runoff level. The 800-foot basalt walls are otherworldly. Soaked in Manby Hot Springs at mile 5. This is the best single-day whitewater in the Southwest.', true);
INSERT INTO public.river_reviews (river_id, username, review_date, stars, body, is_seed) VALUES ('taos_box', 'rio_grande_regular', 'Jun 2024', 4, 'Taos Box at 2,200 cfs — pushy water through the gorge. Powerline rapid was big. The hot springs were worth every portage to get there.', true);
INSERT INTO public.river_outfitters (river_id, name, description, link, is_seed) VALUES ('taos_box', 'Far Flung Adventures', 'Taos Box guided whitewater trips', 'farflung.com', true);
INSERT INTO public.river_outfitters (river_id, name, description, link, is_seed) VALUES ('taos_box', 'New Mexico River Adventures', 'Rio Grande Taos Box expeditions', 'newmexicoriveradventures.com', true);
INSERT INTO public.rivers (id, state_key, name, county, length, class, optimal_cfs, usgs_gauge, avg_cfs, hist_flow, map_x, map_y, description, designations, sections, filter_flags) VALUES ('rio_chama', 'nm', 'Rio Chama', 'Rio Arriba Co.', '33 mi', 'II', '300–1500', '08284100', 580, 520, 258, 355, 'Thirty-three miles of Wild & Scenic wilderness float through Georgia O''Keeffe country — the Rio Chama canyon is a living painting of red, yellow, and white sedimentary walls that inspired decades of O''Keeffe''s most iconic work. Class II–III whitewater through the Santa Fe National Forest with no roads, no development, and canyon walls that shift color with every hour of light.', 'National Wild & Scenic River · Santa Fe National Forest', ARRAY['El Vado Ranch to Skull Bridge — 11 mi, Class II, canyon entry through red walls','Skull Bridge to Christ in the Desert — 11 mi, Class II–III, deepest canyon and monastery','Christ in the Desert to Big Eddy — 11 mi, Class II, widening canyon to takeout'], '{"ww":true,"wild":true,"desert":true,"canyon":false}') ON CONFLICT (id) DO NOTHING;
INSERT INTO public.river_history (river_id, era, year, title, body, source, sort_order) VALUES ('rio_chama', 'native', 'Pre-contact', 'Tewa and Jicarilla Apache — Canyon of Many Colors', 'The Rio Chama corridor was home to Tewa-speaking Pueblo peoples and later the Jicarilla Apache. The canyon provided shelter, water, and game in the semi-arid landscape of northern New Mexico. Pueblo ruins and Apache camp sites are found throughout the canyon.', 'Santa Fe National Forest; Jicarilla Apache Nation; New Mexico Office of Archaeological Studies', 0);
INSERT INTO public.river_history (river_id, era, year, title, body, source, sort_order) VALUES ('rio_chama', 'survey', '1988', 'National Wild & Scenic River Designation', 'Congress designated 24.6 miles of the Rio Chama below El Vado Dam as a National Wild & Scenic River, recognizing its outstanding scenic beauty, recreational value, and the remarkable geological formations of the canyon.', 'National Wild & Scenic Rivers System; Santa Fe National Forest', 1);
INSERT INTO public.river_history (river_id, era, year, title, body, source, sort_order) VALUES ('rio_chama', 'modern', '2012', 'Rio Chama Wilderness River Management', 'The Santa Fe National Forest updated the Rio Chama management plan, establishing a permit system to protect the wilderness character of the canyon. Scheduled dam releases from El Vado provide reliable whitewater flows during the summer season.', 'Santa Fe National Forest; BLM Taos Field Office (2012)', 2);
INSERT INTO public.river_documents (river_id, title, source, year, doc_type, pages, url) VALUES ('rio_chama', 'Rio Chama Wild & Scenic River Management Plan', 'Santa Fe NF', 2012, 'Federal', 150, 'https://rivers.gov/sites/rivers/files/documents/plans/rio-chama-plan.pdf');
INSERT INTO public.river_reviews (river_id, username, review_date, stars, body, is_seed) VALUES ('rio_chama', 'chama_floater', 'Jul 2024', 5, 'Rio Chama at 800 cfs on a scheduled release — two nights in the canyon with walls turning every shade of red and gold. The Monastery of Christ in the Desert at mile 22 is surreal. Pure O''Keeffe country.', true);
INSERT INTO public.river_reviews (river_id, username, review_date, stars, body, is_seed) VALUES ('rio_chama', 'santa_fe_paddler', 'Jun 2024', 4, 'Chama at 500 cfs — lower but beautiful. Had to line one rocky rapid. The canyon color palette is unlike anything else in New Mexico.', true);
INSERT INTO public.river_outfitters (river_id, name, description, link, is_seed) VALUES ('rio_chama', 'Far Flung Adventures', 'Rio Chama wilderness float trips', 'farflung.com', true);
INSERT INTO public.river_outfitters (river_id, name, description, link, is_seed) VALUES ('rio_chama', 'New Wave Rafting', 'Rio Chama multi-day guided trips', 'newwaverafting.com', true);
INSERT INTO public.rivers (id, state_key, name, county, length, class, optimal_cfs, usgs_gauge, avg_cfs, hist_flow, map_x, map_y, description, designations, sections, filter_flags) VALUES ('gila_nm', 'nm', 'Gila River', 'Grant / Catron Co.', '40 mi', 'I–II', '100–800', '09430500', 240, 210, 240, 380, 'The Gila River flows through the heart of America''s first designated wilderness — the Gila Wilderness, set aside in 1924 at the urging of Aldo Leopold. Forty miles of gentle Class I–II water through a landscape of hot springs, ancient Mogollon cliff dwellings, ponderosa pine forests, and volcanic canyon walls. This is the river that launched the American wilderness movement.', 'Gila Wilderness (America''s First, 1924) · Gila Cliff Dwellings National Monument', ARRAY['Gila Cliff Dwellings to Turkey Creek — 15 mi, Class I–II, cliff dwellings and hot springs','Turkey Creek to Sapillo Creek — 12 mi, Class I–II, deepening canyon','Sapillo Creek to Gila River Bridge — 13 mi, Class I, widening valley exit'], '{"ww":false,"wild":true,"desert":true,"canyon":false}') ON CONFLICT (id) DO NOTHING;
INSERT INTO public.river_history (river_id, era, year, title, body, source, sort_order) VALUES ('gila_nm', 'native', 'Pre-contact', 'Mogollon and Apache — The Hot Springs River', 'The Mogollon people built cliff dwellings along the Gila River from roughly 1275 to 1300 AD — the remarkable structures preserved at Gila Cliff Dwellings National Monument. The Chiricahua Apache, including Geronimo, later used the Gila wilderness as a stronghold. The river''s numerous hot springs were sacred healing sites for both peoples.', 'Gila Cliff Dwellings NM; Gila National Forest; Fort Sill Apache Tribe', 0);
INSERT INTO public.river_history (river_id, era, year, title, body, source, sort_order) VALUES ('gila_nm', 'survey', '1924', 'America''s First Wilderness — Aldo Leopold''s Vision', 'Aldo Leopold, a young Forest Service employee in New Mexico, persuaded the agency to designate 755,000 acres of the Gila headwaters as the nation''s first official wilderness area in 1924. Leopold''s experience on the Gila River directly inspired ''A Sand County Almanac'' and the modern wilderness movement.', 'Leopold, A. ''A Sand County Almanac'' (1949); Gila National Forest Historical Records', 1);
INSERT INTO public.river_history (river_id, era, year, title, body, source, sort_order) VALUES ('gila_nm', 'modern', '2020', 'Gila River Diversion Defeated', 'After decades of proposals to divert the Gila River for downstream agriculture and municipal use, the New Mexico Interstate Stream Commission officially abandoned the controversial Gila diversion project in 2020, protecting the river''s free-flowing character through the wilderness.', 'New Mexico Interstate Stream Commission (2020); Gila Conservation Coalition', 2);
INSERT INTO public.river_reviews (river_id, username, review_date, stars, body, is_seed) VALUES ('gila_nm', 'gila_wilderness_hiker', 'Oct 2024', 5, 'Gila at 180 cfs in October — low but magical. Hot springs at every bend, Mogollon cliff dwellings glowing in the morning light. You are walking in Aldo Leopold''s footsteps. This is where wilderness began.', true);
INSERT INTO public.river_reviews (river_id, username, review_date, stars, body, is_seed) VALUES ('gila_nm', 'nm_desert_paddler', 'Apr 2024', 4, 'Gila at 400 cfs on spring snowmelt — best flows of the year. Three days from the cliff dwellings to Sapillo Creek. Soaked in Jordan Hot Springs for an hour. The most remote river in the lower 48.', true);
INSERT INTO public.river_outfitters (river_id, name, description, link, is_seed) VALUES ('gila_nm', 'Gila Hike & Bike', 'Gila River wilderness packrafting trips', 'gilahikeandbike.com', true);
INSERT INTO public.rivers (id, state_key, name, county, length, class, optimal_cfs, usgs_gauge, avg_cfs, hist_flow, map_x, map_y, description, designations, sections, filter_flags) VALUES ('pecos_nm', 'nm', 'Pecos River', 'San Miguel / Mora Co.', '100 mi', 'I–II', '100–600', '08382650', 220, 190, 262, 358, 'The Pecos River rises in the Sangre de Cristo Mountains above 12,000 feet and flows through the Pecos Wilderness, one of the most pristine mountain watersheds in the southern Rockies. Excellent native trout fishing and gentle paddling through ponderosa and spruce forests.', 'Pecos Wilderness · Santa Fe National Forest', ARRAY['Upper Pecos — Class I–II, mountain canyon','Pecos Wilderness reach — Class I, forested valley','Lower Pecos to Villanueva — Class I–II, red rock canyon'], '{"ww":false,"wild":true,"desert":false,"canyon":false}') ON CONFLICT (id) DO NOTHING;
INSERT INTO public.river_history (river_id, era, year, title, body, source, sort_order) VALUES ('pecos_nm', 'native', 'Pre-contact', 'Pecos Pueblo — Gateway Between Worlds', 'Pecos Pueblo, one of the largest pueblos in the Southwest, sat at the crossroads of the Rio Grande Puebloan world and the Great Plains. The Pecos River was the lifeblood of this community for over 500 years.', 'Pecos National Historical Park; NPS', 0);
INSERT INTO public.river_history (river_id, era, year, title, body, source, sort_order) VALUES ('pecos_nm', 'modern', '1990', 'Pecos Wilderness Expansion', 'Congress expanded the Pecos Wilderness to 223,667 acres, protecting the headwaters of the Pecos River and ensuring the watershed''s pristine character for future generations.', 'Santa Fe National Forest; Wilderness Act Amendments (1990)', 1);
INSERT INTO public.river_reviews (river_id, username, review_date, stars, body, is_seed) VALUES ('pecos_nm', 'pecos_angler', 'Sep 2024', 5, 'Upper Pecos at 180 cfs — mountain trout water in the Sangre de Cristos. Clear, cold, and beautiful. The wilderness headwaters are as pristine as it gets.', true);
INSERT INTO public.river_reviews (river_id, username, review_date, stars, body, is_seed) VALUES ('pecos_nm', 'santa_fe_hiker', 'Jul 2024', 4, 'Pecos below Cowles at 250 cfs — gentle creek float through gorgeous mountain forest. Pack a fly rod.', true);
INSERT INTO public.river_outfitters (river_id, name, description, link, is_seed) VALUES ('pecos_nm', 'Pecos River Guide Service', 'Guided fishing and paddling on the Pecos', '', true);
INSERT INTO public.rivers (id, state_key, name, county, length, class, optimal_cfs, usgs_gauge, avg_cfs, hist_flow, map_x, map_y, description, designations, sections, filter_flags) VALUES ('red_river_nm', 'nm', 'Red River', 'Taos Co.', '30 mi', 'I–III', '100–500', '08266820', 180, 160, 268, 352, 'The Red River drops from the ski valley above the town of Red River through a steep canyon in the Carson National Forest to its confluence with the Rio Grande. Thirty miles of Class I–III water through a narrow, forested mountain canyon in the Sangre de Cristos.', 'Carson National Forest', ARRAY['Red River town to Questa — Class II–III, mountain canyon','Questa to Rio Grande confluence — Class I–II, widening valley'], '{"ww":true,"wild":false,"desert":false,"canyon":true}') ON CONFLICT (id) DO NOTHING;
INSERT INTO public.river_history (river_id, era, year, title, body, source, sort_order) VALUES ('red_river_nm', 'native', 'Pre-contact', 'Taos Pueblo — Mountain Stream of the Sangre de Cristos', 'The Red River watershed was part of the traditional territory of Taos Pueblo. The river''s headwaters in the high Sangre de Cristos provided water, game, and sacred sites for the Pueblo peoples.', 'Taos Pueblo; Carson National Forest', 0);
INSERT INTO public.river_history (river_id, era, year, title, body, source, sort_order) VALUES ('red_river_nm', 'modern', '2016', 'Red River Water Quality Restoration', 'A multi-agency effort to address legacy mining contamination in the Red River watershed resulted in significant water quality improvements. Abandoned mine reclamation projects in the Questa mining district reduced heavy metal loading.', 'EPA; New Mexico Environment Department; Carson National Forest', 1);
INSERT INTO public.river_reviews (river_id, username, review_date, stars, body, is_seed) VALUES ('red_river_nm', 'taos_creek_boater', 'May 2024', 4, 'Red River at 350 cfs during spring runoff — fun Class II–III creek run through Carson NF. Short season but worth catching.', true);
INSERT INTO public.river_reviews (river_id, username, review_date, stars, body, is_seed) VALUES ('red_river_nm', 'nm_mountain_paddler', 'Jun 2024', 4, 'Red River at 200 cfs — lower but still fun. The canyon section below town has great rapids for its size.', true);
INSERT INTO public.river_outfitters (river_id, name, description, link, is_seed) VALUES ('red_river_nm', 'Taos Mountain Outfitters', 'Red River guided paddling and fishing', '', true);
INSERT INTO public.rivers (id, state_key, name, county, length, class, optimal_cfs, usgs_gauge, avg_cfs, hist_flow, map_x, map_y, description, designations, sections, filter_flags) VALUES ('san_antonio', 'nm', 'San Antonio Creek', 'Sandoval Co.', '20 mi', 'I', '30–200', '08313350', 45, 40, 255, 360, 'San Antonio Creek flows through the Valles Caldera National Preserve, a volcanic caldera formed 1.25 million years ago. The spring-fed creek meanders through vast mountain meadows inside the caldera, offering gentle paddling in one of the most unique geological settings in North America.', 'Valles Caldera National Preserve', ARRAY['Valles Caldera meadows — Class I, volcanic meadow creek','Below caldera to Jemez River — Class I, forested canyon'], '{"ww":false,"wild":false,"desert":false,"canyon":false}') ON CONFLICT (id) DO NOTHING;
INSERT INTO public.river_history (river_id, era, year, title, body, source, sort_order) VALUES ('san_antonio', 'survey', '2000', 'Valles Caldera National Preserve Established', 'Congress purchased the 89,000-acre Baca Ranch and established the Valles Caldera National Preserve in 2000, protecting the volcanic caldera and its watersheds, including San Antonio Creek.', 'Valles Caldera Preservation Act (2000); NPS', 0);
INSERT INTO public.river_history (river_id, era, year, title, body, source, sort_order) VALUES ('san_antonio', 'modern', '2015', 'Transfer to National Park Service', 'The Valles Caldera National Preserve was transferred from the Valles Caldera Trust to the National Park Service in 2015, ensuring long-term protection and public access to the caldera and its streams.', 'NPS; Congressional Record (2014)', 1);
INSERT INTO public.river_reviews (river_id, username, review_date, stars, body, is_seed) VALUES ('san_antonio', 'valles_caldera_visitor', 'Aug 2024', 5, 'San Antonio Creek at 50 cfs — tiny but magical. Paddling through a volcanic caldera with elk grazing on the meadow edges. Nowhere else like this.', true);
INSERT INTO public.river_reviews (river_id, username, review_date, stars, body, is_seed) VALUES ('san_antonio', 'nm_creek_explorer', 'Jul 2024', 4, 'San Antonio Creek in the Valles Caldera at 40 cfs — more of a wade than a paddle but the setting is extraordinary. Volcanic springs feed the creek year-round.', true);
INSERT INTO public.river_outfitters (river_id, name, description, link, is_seed) VALUES ('san_antonio', 'Valles Caldera Outfitters', 'Guided creek experiences in the caldera', '', true);
INSERT INTO public.rivers (id, state_key, name, county, length, class, optimal_cfs, usgs_gauge, avg_cfs, hist_flow, map_x, map_y, description, designations, sections, filter_flags) VALUES ('canadian_nm', 'nm', 'Canadian River', 'Colfax / Mora Co.', '80 mi', 'I–II', '100–800', '07211500', 250, 220, 275, 355, 'The Canadian River flows through the plains and mesas of northeastern New Mexico, carving through volcanic basalt canyons on its way to the Texas border. Eighty miles of gentle Class I–II water through a remote high-plains landscape with pronghorn, mule deer, and raptors.', 'Kiowa & Rita Blanca National Grasslands', ARRAY['Springer to Sabinoso — Class I, high plains valley','Sabinoso Canyon — Class I–II, basalt canyon','Below Sabinoso to Conchas Lake — Class I, widening plains'], '{"ww":false,"wild":false,"desert":true,"canyon":true}') ON CONFLICT (id) DO NOTHING;
INSERT INTO public.river_history (river_id, era, year, title, body, source, sort_order) VALUES ('canadian_nm', 'native', 'Pre-contact', 'Comanche and Jicarilla Apache — River of the High Plains', 'The Canadian River corridor in northeastern New Mexico was contested territory between the Comanche and Jicarilla Apache peoples. The river provided critical water in the semi-arid high plains, supporting bison herds that sustained both nations.', 'Jicarilla Apache Nation; New Mexico Office of Archaeological Studies', 0);
INSERT INTO public.river_history (river_id, era, year, title, body, source, sort_order) VALUES ('canadian_nm', 'modern', '2009', 'Sabinoso Wilderness Designated', 'Congress designated 16,030 acres of the Sabinoso Canyon along the Canadian River as wilderness, protecting one of the most remote and least-visited canyon landscapes in New Mexico.', 'BLM Taos Field Office; Congressional Record (2009)', 1);
INSERT INTO public.river_reviews (river_id, username, review_date, stars, body, is_seed) VALUES ('canadian_nm', 'ne_nm_explorer', 'Apr 2024', 4, 'Canadian River through Sabinoso Canyon at 300 cfs — remote and beautiful. Basalt walls, golden eagles overhead. This is New Mexico most people never see.', true);
INSERT INTO public.river_reviews (river_id, username, review_date, stars, body, is_seed) VALUES ('canadian_nm', 'plains_paddler', 'May 2024', 4, 'Canadian River at 500 cfs on spring runoff — gentle float through the high plains. Pronghorn everywhere. Total solitude.', true);
INSERT INTO public.river_outfitters (river_id, name, description, link, is_seed) VALUES ('canadian_nm', 'High Plains River Trips', 'Canadian River guided canyon floats', '', true);
INSERT INTO public.rivers (id, state_key, name, county, length, class, optimal_cfs, usgs_gauge, avg_cfs, hist_flow, map_x, map_y, description, designations, sections, filter_flags) VALUES ('jemez', 'nm', 'Jemez River', 'Sandoval Co.', '40 mi', 'I–II', '50–300', '08324000', 80, 70, 258, 362, 'The Jemez River flows through the Jemez Mountains of north-central New Mexico, past natural hot springs and through red rock canyon country. The river passes near Jemez Pueblo and through the Santa Fe National Forest, offering gentle paddling in a geothermally active volcanic landscape.', 'Santa Fe National Forest · Jemez National Recreation Area', ARRAY['Upper Jemez — Class I, mountain valley near hot springs','Jemez Canyon — Class I–II, red rock narrows','Lower Jemez to Rio Grande — Class I, wide valley'], '{"ww":false,"wild":false,"desert":false,"canyon":true}') ON CONFLICT (id) DO NOTHING;
INSERT INTO public.river_history (river_id, era, year, title, body, source, sort_order) VALUES ('jemez', 'native', 'Pre-contact', 'Jemez Pueblo — River of Hot Springs', 'The Jemez River is central to the identity of Jemez Pueblo (Walatowa), one of the most culturally vibrant pueblos in New Mexico. The pueblo has occupied the Jemez Valley for over 700 years, and the river and its hot springs remain sacred.', 'Jemez Pueblo; New Mexico Office of Archaeological Studies', 0);
INSERT INTO public.river_history (river_id, era, year, title, body, source, sort_order) VALUES ('jemez', 'modern', '1993', 'Jemez National Recreation Area', 'Congress established the Jemez National Recreation Area within the Santa Fe National Forest, protecting the volcanic landscape, hot springs, and river corridor of the Jemez Mountains.', 'Santa Fe National Forest; Congressional Record (1993)', 1);
INSERT INTO public.river_reviews (river_id, username, review_date, stars, body, is_seed) VALUES ('jemez', 'jemez_hot_springs', 'Oct 2024', 5, 'Jemez River at 100 cfs — small creek but the hot springs along the way make it magical. Red rock canyon walls and volcanic geology everywhere.', true);
INSERT INTO public.river_reviews (river_id, username, review_date, stars, body, is_seed) VALUES ('jemez', 'abq_paddler', 'Apr 2024', 4, 'Jemez at 200 cfs on spring snowmelt — best flows of the year. The canyon section is beautiful. Stop at the hot springs — you earned it.', true);
INSERT INTO public.river_outfitters (river_id, name, description, link, is_seed) VALUES ('jemez', 'Jemez Valley Adventures', 'Guided Jemez River and hot springs trips', '', true);
INSERT INTO public.rivers (id, state_key, name, county, length, class, optimal_cfs, usgs_gauge, avg_cfs, hist_flow, map_x, map_y, description, designations, sections, filter_flags) VALUES ('penobscot', 'me', 'Penobscot River — West Branch', 'Piscataquis Co.', '16 mi', 'III–V', '1500–4000', '01029500', 2800, 2500, 890, 100, 'Below Ripogenus Dam through Ripogenus Gorge, Class V Cribwork, Exterminator — Maine''s premier big-water whitewater run. Sixteen miles of relentless rapids in the shadow of Mount Katahdin, the northern terminus of the Appalachian Trail.', 'Baxter State Park (Mt. Katahdin), Appalachian Trail Terminus', ARRAY['Ripogenus Gorge — Class V, dam-release gorge run','Cribwork to Exterminator — Class IV–V, continuous big water','Abol Falls to Pockwockamus — Class III, scenic runout'], '{"ww":true,"wild":false,"remote":true,"fishing":true}') ON CONFLICT (id) DO NOTHING;
INSERT INTO public.river_history (river_id, era, year, title, body, source, sort_order) VALUES ('penobscot', 'native', 'Pre-contact', 'Penobscot Nation — ''The Place of the Descending Ledge''', 'The Penobscot River was the ancestral homeland of the Penobscot Nation (Panawahpskek), who have lived along its banks for over 10,000 years. The West Branch was a critical travel corridor and salmon fishing ground. The Penobscot name means ''the place of the descending ledge,'' referencing the falls and rapids that define this river.', 'Penobscot Nation; Maine Historical Society', 0);
INSERT INTO public.river_history (river_id, era, year, title, body, source, sort_order) VALUES ('penobscot', 'logging', '1830s–1920', 'Thoreau''s Maine Woods — The Great Log Drives', 'Henry David Thoreau traveled the West Branch in 1846, 1853, and 1857, documenting the logging industry that was transforming Maine''s North Woods. The Penobscot was the greatest log-driving river in New England — millions of board feet floated downstream each spring to Bangor''s sawmills.', 'Thoreau, H.D. The Maine Woods (1864); Bangor Historical Society', 1);
INSERT INTO public.river_history (river_id, era, year, title, body, source, sort_order) VALUES ('penobscot', 'modern', '2012', 'Katahdin Woods and Waters National Monument Campaign', 'Roxanne Quimby''s donation of 87,500 acres along the East Branch led to the establishment of Katahdin Woods and Waters National Monument in 2016, further protecting the greater Penobscot watershed.', 'NPS; Elliotsville Foundation', 2);
INSERT INTO public.river_reviews (river_id, username, review_date, stars, body, is_seed) VALUES ('penobscot', 'katahdin_paddler', 'Jul 2024', 5, 'Ripogenus Gorge at 3,200 cfs — Cribwork was enormous, Exterminator lived up to its name. Katahdin towering above the whole run. Best whitewater in New England.', true);
INSERT INTO public.river_reviews (river_id, username, review_date, stars, body, is_seed) VALUES ('penobscot', 'maine_ww_crew', 'Aug 2024', 4, 'West Branch at 2,000 cfs — more technical at lower flows but still big. The gorge walls and Katahdin views don''t get old.', true);
INSERT INTO public.river_outfitters (river_id, name, description, link, is_seed) VALUES ('penobscot', 'New England Outdoor Center', 'Penobscot West Branch specialists, Millinocket', 'neoc.com', true);
INSERT INTO public.river_outfitters (river_id, name, description, link, is_seed) VALUES ('penobscot', 'North Country Rivers', 'Guided Penobscot rafting trips', 'northcountryrivers.com', true);
INSERT INTO public.rivers (id, state_key, name, county, length, class, optimal_cfs, usgs_gauge, avg_cfs, hist_flow, map_x, map_y, description, designations, sections, filter_flags) VALUES ('allagash', 'me', 'Allagash Wilderness Waterway', 'Aroostook / Piscataquis Co.', '92 mi', 'I–II', '300–1200', '01011500', 620, 560, 890, 100, 'First state-designated Wild and Scenic waterway in America (1966) — a 92-mile wilderness canoe route through Maine''s North Woods. Remote lakes, boreal forest, moose, and brook trout define this iconic multi-day paddling expedition.', 'Allagash Wilderness Waterway (Maine), National Wild & Scenic River', ARRAY['Telos Lake to Chamberlain Lake — 15 mi, lake paddling and portages','Churchill Dam to Umsaskis Lake — 30 mi, river and lake sections','Long Lake to Allagash Village — 47 mi, river paddling with Class I–II rapids'], '{"ww":false,"wild":true,"remote":true,"fishing":true}') ON CONFLICT (id) DO NOTHING;
INSERT INTO public.river_history (river_id, era, year, title, body, source, sort_order) VALUES ('allagash', 'native', 'Pre-contact', 'Wabanaki Canoe Highway — ''Bark Cabin Stream''', 'The Allagash was a critical Wabanaki (Abenaki, Penobscot, Maliseet) travel corridor connecting the St. John River watershed to the Penobscot. The name derives from a Wabanaki word meaning ''bark cabin stream.'' Birchbark canoes carried people through this waterway for thousands of years.', 'Wabanaki Center; Maine Historical Society', 0);
INSERT INTO public.river_history (river_id, era, year, title, body, source, sort_order) VALUES ('allagash', 'logging', '1840s–1930', 'North Woods Log Drives — Maine''s Timber Empire', 'The Allagash watershed was the heart of Maine''s logging empire. Massive log drives sent millions of board feet of spruce and fir downstream each spring. Churchill Dam, still standing, was built to control water levels for the drives.', 'Lumberman''s Museum, Patten ME; Maine Forest Service', 1);
INSERT INTO public.river_history (river_id, era, year, title, body, source, sort_order) VALUES ('allagash', 'modern', '1966', 'America''s First State Wild and Scenic Waterway', 'Maine designated the Allagash as the nation''s first state-administered Wild and Scenic waterway in 1966, two years before the federal Wild & Scenic Rivers Act. The 92-mile corridor has been managed as wilderness ever since.', 'Maine Bureau of Parks and Lands; National Wild & Scenic Rivers Council', 2);
INSERT INTO public.river_documents (river_id, title, source, year, doc_type, pages, url) VALUES ('allagash', 'Allagash Wilderness Waterway Management Plan', 'Maine Bureau of Parks and Lands', 2012, 'Recreation', 195, 'https://www.maine.gov/dacf/parks/get_involved/planning_and_acquisition/management_plans/docs/AWW_Final_mgt_plan_2012.pdf');
INSERT INTO public.river_reviews (river_id, username, review_date, stars, body, is_seed) VALUES ('allagash', 'northwoods_canoe', 'Aug 2024', 5, 'Seven days from Chamberlain to Allagash Village. Saw 14 moose and two people. Brook trout on every cast. This is what wilderness means.', true);
INSERT INTO public.river_reviews (river_id, username, review_date, stars, body, is_seed) VALUES ('allagash', 'allagash_repeat', 'Jul 2024', 5, 'Third trip down the Allagash. Churchill Dam to Long Lake at 500 cfs — Chase Rapids were perfect. Maine''s greatest treasure.', true);
INSERT INTO public.river_outfitters (river_id, name, description, link, is_seed) VALUES ('allagash', 'Allagash Canoe Trips', 'Full-service Allagash guided expeditions', 'allagashcanoetrips.com', true);
INSERT INTO public.river_outfitters (river_id, name, description, link, is_seed) VALUES ('allagash', 'Pelletier Loggers Family Restaurant & Campground', 'Allagash shuttle and logistics', 'pelletierloggers.com', true);
INSERT INTO public.rivers (id, state_key, name, county, length, class, optimal_cfs, usgs_gauge, avg_cfs, hist_flow, map_x, map_y, description, designations, sections, filter_flags) VALUES ('kennebec', 'me', 'Kennebec River — The Forks', 'Somerset Co.', '12 mi', 'III–IV', '2000–8000', '01029200', 4200, 3800, 890, 100, 'Dam-release whitewater below Harris Dam — Magic Falls is a thundering Class IV drop and the centerpiece of Maine''s commercial rafting hub at The Forks. Twelve miles of big-water rapids through the Northern Forest.', 'Maine Rivers, Northern Forest', ARRAY['Harris Dam to Magic Falls — Class III–IV, dam-release big water','Magic Falls — Class IV, the marquee rapid','Below Magic Falls to The Forks — Class III, continuous runout'], '{"ww":true,"wild":false,"remote":false,"fishing":true}') ON CONFLICT (id) DO NOTHING;
INSERT INTO public.river_history (river_id, era, year, title, body, source, sort_order) VALUES ('kennebec', 'native', 'Pre-contact', 'Abenaki Homeland — ''Great River''', 'The Kennebec River was the heartland of the Abenaki people (Kennebec Band). The name means ''great river'' in Abenaki. The river was a vital salmon fishery and travel corridor connecting the Maine interior to the Atlantic coast.', 'Maine Historical Society; Abenaki Nation', 0);
INSERT INTO public.river_history (river_id, era, year, title, body, source, sort_order) VALUES ('kennebec', 'logging', '1775', 'Benedict Arnold''s March to Quebec', 'In 1775, Benedict Arnold led 1,100 Continental soldiers up the Kennebec and Dead rivers in a harrowing wilderness march to attack Quebec City. The expedition passed directly through what is now The Forks rafting corridor.', 'NPS; Maine Historical Society', 1);
INSERT INTO public.river_history (river_id, era, year, title, body, source, sort_order) VALUES ('kennebec', 'modern', '1976', 'Birth of Maine''s Rafting Industry', 'Commercial whitewater rafting began on the Kennebec in the mid-1970s, transforming The Forks from a dying logging village into New England''s premier whitewater destination. Today over 50,000 rafters run the Kennebec annually.', 'Maine Professional River Outfitters Association', 2);
INSERT INTO public.river_reviews (river_id, username, review_date, stars, body, is_seed) VALUES ('kennebec', 'forks_local', 'Jul 2024', 5, 'Kennebec at 6,000 cfs release — Magic Falls was massive. Best commercial raft trip in New England, hands down.', true);
INSERT INTO public.river_reviews (river_id, username, review_date, stars, body, is_seed) VALUES ('kennebec', 'ne_whitewater_fan', 'Aug 2024', 4, 'First time on the Kennebec at 3,500 cfs. Magic Falls scared me half to death. Signing up again next summer.', true);
INSERT INTO public.river_outfitters (river_id, name, description, link, is_seed) VALUES ('kennebec', 'Crab Apple Whitewater', 'Kennebec and Penobscot rafting, The Forks', 'crabapplewhitewater.com', true);
INSERT INTO public.river_outfitters (river_id, name, description, link, is_seed) VALUES ('kennebec', 'Northern Outdoors', 'The Forks resort and rafting since 1976', 'northernoutdoors.com', true);
INSERT INTO public.rivers (id, state_key, name, county, length, class, optimal_cfs, usgs_gauge, avg_cfs, hist_flow, map_x, map_y, description, designations, sections, filter_flags) VALUES ('dead_river', 'me', 'Dead River', 'Somerset / Franklin Co.', '16 mi', 'III–IV', '2000–6000', '01047000', 2400, 2160, 890, 100, 'Dam-release whitewater classic — Flagstaff Lake releases transform the Dead River into 16 miles of continuous Class III–IV big water through the Northern Forest. One of New England''s premier scheduled-release whitewater runs, right next to the Kennebec.', 'Maine Rivers · Northern Forest Corridor', ARRAY['Grand Falls to Spencer Stream — 8 mi, Class III–IV, the upper gorge','Spencer Stream to The Forks — 8 mi, Class III, big-water runout'], '{"ww":true,"wild":false,"remote":true,"fishing":false}') ON CONFLICT (id) DO NOTHING;
INSERT INTO public.river_history (river_id, era, year, title, body, source, sort_order) VALUES ('dead_river', 'native', 'Pre-contact', 'Abenaki Territory — Northern Forest Corridor', 'The Dead River was an Abenaki travel corridor connecting the Kennebec watershed to the upper reaches of the Maine interior. The river''s remote valley supported seasonal hunting camps and served as a route to Quebec.', 'Maine Historical Society; Abenaki Nation', 0);
INSERT INTO public.river_history (river_id, era, year, title, body, source, sort_order) VALUES ('dead_river', 'logging', '1775', 'Arnold Expedition — March to Quebec', 'Benedict Arnold''s 1775 expedition to attack Quebec followed the Dead River through this same corridor. The soldiers endured brutal conditions in the wilderness, and many perished along the Dead River''s swampy banks before reaching Canada.', 'NPS; Maine Historical Society; Kenneth Roberts, Arundel (1929)', 1);
INSERT INTO public.river_reviews (river_id, username, review_date, stars, body, is_seed) VALUES ('dead_river', 'ne_dam_release', 'May 2024', 5, 'Flagstaff release at 5,000 cfs — Grand Falls was enormous. Sixteen miles of nonstop big water. The Dead River lives up to the hype.', true);
INSERT INTO public.river_reviews (river_id, username, review_date, stars, body, is_seed) VALUES ('dead_river', 'maine_ww_addict', 'Jun 2024', 5, 'Dead River at 3,500 cfs — continuous Class III–IV all day. Pair it with the Kennebec the next day for the ultimate Maine whitewater weekend.', true);
INSERT INTO public.river_outfitters (river_id, name, description, link, is_seed) VALUES ('dead_river', 'Crab Apple Whitewater', 'Dead River and Kennebec rafting, The Forks', 'crabapplewhitewater.com', true);
INSERT INTO public.river_outfitters (river_id, name, description, link, is_seed) VALUES ('dead_river', 'Northern Outdoors', 'Dead River dam-release trips and lodging', 'northernoutdoors.com', true);
INSERT INTO public.rivers (id, state_key, name, county, length, class, optimal_cfs, usgs_gauge, avg_cfs, hist_flow, map_x, map_y, description, designations, sections, filter_flags) VALUES ('st_croix_me', 'me', 'St. Croix River', 'Washington Co.', '114 mi', 'I–II', '500–3000', '01021000', 1800, 1620, 890, 100, 'The US-Canada border river of Downeast Maine — 114 miles of remote Class I–II paddling through boreal forest and past Moosehorn National Wildlife Refuge. One of the wildest and least-visited multi-day canoe routes in the northeastern United States.', 'St. Croix International Waterway · Moosehorn NWR', ARRAY['Vanceboro to Loon Bay — 30 mi, upper river, Class I–II, remote boreal','Grand Falls to Calais — 40 mi, lower river, Class I, tidal influence'], '{"ww":false,"wild":false,"remote":true,"fishing":true}') ON CONFLICT (id) DO NOTHING;
INSERT INTO public.river_history (river_id, era, year, title, body, source, sort_order) VALUES ('st_croix_me', 'native', 'Pre-contact', 'Passamaquoddy Homeland — Schoodic River', 'The St. Croix River was central Passamaquoddy (Peskotomuhkati) territory. The Passamaquoddy name for the river, Schoodic, means ''burnt ground.'' The river provided Atlantic salmon, alewife, and shad runs that sustained communities for thousands of years.', 'Passamaquoddy Tribe; Maine Historical Society', 0);
INSERT INTO public.river_history (river_id, era, year, title, body, source, sort_order) VALUES ('st_croix_me', 'survey', '1984', 'St. Croix International Waterway Commission', 'The United States and Canada established the St. Croix International Waterway Commission to jointly manage the border river corridor, balancing recreation, conservation, and the interests of the Passamaquoddy Nation.', 'St. Croix International Waterway Commission; Maine Bureau of Parks and Lands', 1);
INSERT INTO public.river_documents (river_id, title, source, year, doc_type, pages, url) VALUES ('st_croix_me', 'St. Croix International Waterway Management Plan', 'St. Croix International Waterway Commission', 2010, 'Federal', 180, 'https://www.stcroix.org/management-plan');
INSERT INTO public.river_reviews (river_id, username, review_date, stars, body, is_seed) VALUES ('st_croix_me', 'downeast_canoe', 'Jul 2024', 5, 'Vanceboro to Grand Falls over four days at 1,200 cfs — moose at every bend, bald eagles, total solitude. The most underrated canoe trip in New England.', true);
INSERT INTO public.river_reviews (river_id, username, review_date, stars, body, is_seed) VALUES ('st_croix_me', 'maine_border_paddle', 'Aug 2024', 4, 'St. Croix at 800 cfs — remote, wild, and virtually unknown. Camping on islands between the US and Canada. Magical.', true);
INSERT INTO public.river_outfitters (river_id, name, description, link, is_seed) VALUES ('st_croix_me', 'Sunrise Canoe and Kayak', 'St. Croix River trips and Downeast Maine outfitting', 'sunrisecanoeandkayak.com', true);
INSERT INTO public.rivers (id, state_key, name, county, length, class, optimal_cfs, usgs_gauge, avg_cfs, hist_flow, map_x, map_y, description, designations, sections, filter_flags) VALUES ('rapid_me', 'me', 'Rapid River', 'Oxford Co.', '3 mi', 'II–III', '400–1500', '01052500', 620, 558, 890, 100, 'Three miles of legendary catch-and-release water between Lower Richardson Lake and Umbagog Lake in Maine''s western mountains. The Rapid River is one of New England''s most famous landlocked salmon and brook trout fisheries — cold, powerful, and stunningly clear. The short but intense Class II–III run through the Rangeley Lakes region delivers big water and bigger fish in a remote North Woods setting.', 'Rangeley Lakes Region · Catch-and-Release Fishery', ARRAY['Middle Dam to Cedar Stump — 1.5 mi, Class II–III, main rapids','Cedar Stump to Umbagog Lake — 1.5 mi, Class II, pool-and-drop'], '{"ww":true,"wild":false,"remote":true,"fishing":true}') ON CONFLICT (id) DO NOTHING;
INSERT INTO public.river_history (river_id, era, year, title, body, source, sort_order) VALUES ('rapid_me', 'native', 'Pre-contact', 'Abenaki Homeland — Rangeley Lakes', 'The Rapid River and the Rangeley Lakes were Abenaki territory for thousands of years. The chain of lakes and connecting rivers provided an interior travel route and exceptional fishing — landlocked salmon and brook trout sustained communities through the long northern winters.', 'Abenaki Nation; Rangeley Lakes Region Historical Society', 0);
INSERT INTO public.river_history (river_id, era, year, title, body, source, sort_order) VALUES ('rapid_me', 'survey', '1900s', 'Rangeley Lakes — Fly Fishing Capital of the East', 'By the early 1900s, the Rangeley Lakes region — and the Rapid River in particular — had become the fly fishing capital of the eastern United States. The world-record brook trout (over 8 pounds) were taken from these waters, drawing wealthy sportsmen from Boston and New York to remote sporting camps.', 'Rangeley Lakes Region Historical Society; Maine Inland Fisheries & Wildlife', 1);
INSERT INTO public.river_reviews (river_id, username, review_date, stars, body, is_seed) VALUES ('rapid_me', 'rangeley_fly_fisher', 'Jun 2024', 5, 'Rapid River at 600 cfs — landlocked salmon in every pool. Catch-and-release only, crystal clear, ice-cold. The most hallowed water in New England.', true);
INSERT INTO public.river_reviews (river_id, username, review_date, stars, body, is_seed) VALUES ('rapid_me', 'maine_wilderness_angler', 'Jul 2024', 5, 'Three miles of perfection. Brook trout and salmon stacked in the runs. Remote, pristine, and absolutely sacred. Bring your A-game.', true);
INSERT INTO public.river_outfitters (river_id, name, description, link, is_seed) VALUES ('rapid_me', 'Lakewood Camps', 'Historic sporting camp on Middle Dam, Rapid River access', '', true);
INSERT INTO public.rivers (id, state_key, name, county, length, class, optimal_cfs, usgs_gauge, avg_cfs, hist_flow, map_x, map_y, description, designations, sections, filter_flags) VALUES ('machias', 'me', 'Machias River', 'Washington Co.', '75 mi', 'I–II', '300–1500', '01021500', 680, 612, 890, 100, 'A 75-mile Downeast Maine wilderness river flowing from the remote bogs and lakes of Washington County to Machias Bay on the Atlantic. The Machias is one of Maine''s most important Atlantic salmon restoration rivers — federal and state agencies have invested heavily in removing dams and restoring habitat. Multi-day canoe trips through vast, uninhabited blueberry barrens and boreal forest define the Machias experience.', 'Atlantic Salmon Critical Habitat · Downeast Maine', ARRAY['Fifth Machias Lake to Third Lake — 20 mi, headwater lakes and bogs','Third Lake to Whitneyville — 30 mi, Class I–II, wilderness corridor','Whitneyville to Machias — 25 mi, tidal influence, salmon restoration'], '{"ww":false,"wild":false,"remote":true,"fishing":true}') ON CONFLICT (id) DO NOTHING;
INSERT INTO public.river_history (river_id, era, year, title, body, source, sort_order) VALUES ('machias', 'native', 'Pre-contact', 'Passamaquoddy Homeland — Downeast Rivers', 'The Machias River watershed was Passamaquoddy (Peskotomuhkati) territory. The river provided Atlantic salmon, alewife, and eel runs that sustained communities for thousands of years. The name Machias derives from the Passamaquoddy word meaning ''bad little falls,'' describing rapids near the river''s mouth.', 'Passamaquoddy Tribe; Washington County Historical Society', 0);
INSERT INTO public.river_history (river_id, era, year, title, body, source, sort_order) VALUES ('machias', 'modern', '2009', 'Dam Removals — Atlantic Salmon Restoration', 'Federal and state agencies removed multiple dams on the Machias River system beginning in 2009, reopening over 40 miles of Atlantic salmon habitat. The Machias is one of eight Maine rivers designated as critical habitat for endangered Atlantic salmon.', 'NOAA Fisheries; Maine DMR; Atlantic Salmon Federation', 1);
INSERT INTO public.river_reviews (river_id, username, review_date, stars, body, is_seed) VALUES ('machias', 'downeast_wilderness_paddle', 'Jul 2024', 5, 'Four days from Fifth Machias Lake to tidewater at 500 cfs — moose, eagles, and total solitude through the blueberry barrens. Downeast Maine at its most remote.', true);
INSERT INTO public.river_reviews (river_id, username, review_date, stars, body, is_seed) VALUES ('machias', 'machias_salmon_watch', 'Aug 2024', 4, 'Lower Machias at 400 cfs — watched Atlantic salmon jumping at the old dam sites. The restoration is working. Historic river.', true);
INSERT INTO public.river_outfitters (river_id, name, description, link, is_seed) VALUES ('machias', 'Sunrise Canoe and Kayak', 'Machias River trips and Downeast Maine outfitting', '', true);
INSERT INTO public.rivers (id, state_key, name, county, length, class, optimal_cfs, usgs_gauge, avg_cfs, hist_flow, map_x, map_y, description, designations, sections, filter_flags) VALUES ('seboeis', 'me', 'Seboeis River', 'Penobscot Co.', '30 mi', 'II–III', '300–1500', '01030000', 420, 378, 890, 100, 'A remote North Woods river flowing 30 miles through the vast commercial timberlands of Penobscot County to the East Branch of the Penobscot. The Seboeis delivers continuous Class II–III whitewater through an uninhabited boreal forest landscape with wild brook trout in every pool. Access is via private logging roads — this is deep Maine backcountry, requiring self-sufficiency and a sense of adventure.', 'North Maine Woods · Penobscot River Watershed', ARRAY['Upper Seboeis — 10 mi, Class II–III, boreal forest headwaters','Middle Seboeis — 10 mi, Class II, continuous riffles','Lower Seboeis to East Branch — 10 mi, Class II, wider approach'], '{"ww":true,"wild":false,"remote":true,"fishing":true}') ON CONFLICT (id) DO NOTHING;
INSERT INTO public.river_history (river_id, era, year, title, body, source, sort_order) VALUES ('seboeis', 'native', 'Pre-contact', 'Penobscot Nation — North Woods Tributaries', 'The Seboeis River was part of the Penobscot Nation''s vast network of North Woods waterways. The river provided brook trout, a staple protein source, and served as a canoe route through the dense boreal forest interior. The Penobscot name for the river references the small river flowing through the woods.', 'Penobscot Nation; Maine Historical Society', 0);
INSERT INTO public.river_history (river_id, era, year, title, body, source, sort_order) VALUES ('seboeis', 'logging', '1850s–1960s', 'North Woods Timber Industry', 'The Seboeis River corridor was logged extensively during Maine''s timber era, with log drives running the river each spring. The surrounding timberlands remain commercially managed today, and access to the river is through private logging road networks controlled by timber companies.', 'Maine Forest Service; Penobscot County Historical Society', 1);
INSERT INTO public.river_reviews (river_id, username, review_date, stars, body, is_seed) VALUES ('seboeis', 'north_woods_paddler', 'Jun 2024', 5, 'Seboeis at 500 cfs — continuous Class II–III through the North Woods. Brook trout in every pool. Saw moose three times. This is the real Maine.', true);
INSERT INTO public.river_reviews (river_id, username, review_date, stars, body, is_seed) VALUES ('seboeis', 'me_backcountry_kayaker', 'Jul 2024', 4, 'Remote, bumpy logging roads to the put-in, then 30 miles of wilderness whitewater. The Seboeis is not for beginners but it rewards the effort.', true);
INSERT INTO public.river_outfitters (river_id, name, description, link, is_seed) VALUES ('seboeis', 'North Maine Woods Inc.', 'Access permits and gate information for North Woods rivers', '', true);
INSERT INTO public.rivers (id, state_key, name, county, length, class, optimal_cfs, usgs_gauge, avg_cfs, hist_flow, map_x, map_y, description, designations, sections, filter_flags) VALUES ('hudson_gorge', 'ny', 'Hudson River Gorge', 'Essex / Hamilton Co.', '17 mi', 'III–IV', '2500–8000', '01315500', 4200, 3800, 810, 180, 'Seventeen miles through a remote Adirondack gorge with no road access — the Hudson River Gorge is the wildest whitewater run in the northeastern United States. Class III–IV rapids through pristine wilderness that feels impossibly remote for a river that ends at the Statue of Liberty.', 'Adirondack Park, New York State Wild Forest', ARRAY['Indian River confluence to Harris Rift — Class III, warm-up','Harris Rift to Blue Ledge — Class III–IV, the gorge heart','Blue Ledge to North River — Class III, big-water runout'], '{"ww":true,"wild":true,"scenic":false,"adirondack":true}') ON CONFLICT (id) DO NOTHING;
INSERT INTO public.river_history (river_id, era, year, title, body, source, sort_order) VALUES ('hudson_gorge', 'native', 'Pre-contact', 'Mohawk and Algonquin Territory — ''River That Flows Two Ways''', 'The Hudson River headwaters in the Adirondacks were within Mohawk (Haudenosaunee) territory, while Algonquin peoples also traveled the upper watershed. The gorge section was used as a travel and hunting corridor.', 'New York State Museum; Mohawk Nation Council', 0);
INSERT INTO public.river_history (river_id, era, year, title, body, source, sort_order) VALUES ('hudson_gorge', 'logging', '1850s–1910', 'Adirondack Log Drives on the Hudson', 'The Hudson River Gorge was a major log-driving corridor during the Adirondack timber boom. Millions of board feet of spruce and hemlock were floated through the gorge each spring. The last log drive on the Hudson occurred in 1950.', 'Adirondack Museum; New York State Archives', 1);
INSERT INTO public.river_history (river_id, era, year, title, body, source, sort_order) VALUES ('hudson_gorge', 'modern', '1892', 'Adirondack Park — Forever Wild', 'The creation of the Adirondack Park in 1892 and the ''Forever Wild'' clause in the New York State Constitution (1894) permanently protected the Hudson River Gorge corridor from development.', 'New York State Constitution, Article XIV; Adirondack Park Agency', 2);
INSERT INTO public.river_reviews (river_id, username, review_date, stars, body, is_seed) VALUES ('hudson_gorge', 'adirondack_paddler', 'May 2024', 5, 'Hudson Gorge at 4,500 cfs in spring runoff — Blue Ledge was thundering, no road access for 17 miles. Hardest part is believing this is the same river that runs through Manhattan.', true);
INSERT INTO public.river_reviews (river_id, username, review_date, stars, body, is_seed) VALUES ('hudson_gorge', 'northeast_ww', 'Apr 2024', 5, 'Gorge at 3,200 cfs — continuous Class III–IV with Adirondack wilderness on every side. Best whitewater run east of West Virginia.', true);
INSERT INTO public.river_outfitters (river_id, name, description, link, is_seed) VALUES ('hudson_gorge', 'Hudson River Rafting Company', 'Hudson Gorge specialists, North Creek', 'hudsonriverrafting.com', true);
INSERT INTO public.river_outfitters (river_id, name, description, link, is_seed) VALUES ('hudson_gorge', 'Wild Waters Outdoor Center', 'Adirondack Hudson Gorge trips', 'wildwaters.net', true);
INSERT INTO public.rivers (id, state_key, name, county, length, class, optimal_cfs, usgs_gauge, avg_cfs, hist_flow, map_x, map_y, description, designations, sections, filter_flags) VALUES ('black_ny', 'ny', 'Black River', 'Lewis / Jefferson Co.', '40 mi', 'II–V', '800–4000', '04260500', 2100, 1900, 810, 180, 'Western Adirondacks powerhouse — the Black River delivers continuous Class III–IV whitewater through gorge sections near Watertown. Dam-controlled flows provide reliable paddling from spring through fall.', 'Adirondack Park, Black River Wild Forest', ARRAY['Forestport to Lyons Falls — Class II–III, Adirondack foothills','Lyons Falls Gorge — Class IV–V, the marquee section','Watertown Section — Class III–IV, dam-controlled urban gorge'], '{"ww":true,"wild":false,"scenic":true,"adirondack":true}') ON CONFLICT (id) DO NOTHING;
INSERT INTO public.river_history (river_id, era, year, title, body, source, sort_order) VALUES ('black_ny', 'native', 'Pre-contact', 'Oneida and Mohawk Territory — Western Adirondacks', 'The Black River watershed was within the territory of the Oneida Nation (Haudenosaunee Confederacy). The Oneida and other Haudenosaunee peoples used the river corridor for travel and fishing.', 'Oneida Nation; New York State Museum', 0);
INSERT INTO public.river_history (river_id, era, year, title, body, source, sort_order) VALUES ('black_ny', 'logging', '1830s–1900', 'Tanneries and Timber on the Black River', 'The Black River powered dozens of tanneries and sawmills that processed Adirondack hemlock and spruce. The Black River Canal, completed in 1855, connected the river to the Erie Canal system.', 'Lewis County Historical Society; NYS Canal Corporation', 1);
INSERT INTO public.river_history (river_id, era, year, title, body, source, sort_order) VALUES ('black_ny', 'modern', '2010', 'Whitewater Recreation Revival', 'The Black River''s whitewater sections have experienced a recreation renaissance as paddlers discover the reliable dam-controlled flows and challenging gorge runs.', 'American Whitewater; NYS DEC', 2);
INSERT INTO public.river_reviews (river_id, username, review_date, stars, body, is_seed) VALUES ('black_ny', 'black_river_local', 'Jun 2024', 5, 'Watertown gorge at 2,800 cfs — continuous Class III–IV for miles. Dam releases keep it running all summer. New York''s best-kept whitewater secret.', true);
INSERT INTO public.river_reviews (river_id, username, review_date, stars, body, is_seed) VALUES ('black_ny', 'adk_creek_boater', 'May 2024', 4, 'Lyons Falls section at 1,500 cfs — technical Class IV with real consequences. Adirondack gorge scenery is stunning.', true);
INSERT INTO public.river_outfitters (river_id, name, description, link, is_seed) VALUES ('black_ny', 'Adirondack River Outfitters', 'Black River whitewater trips', 'aronthecreek.com', true);
INSERT INTO public.rivers (id, state_key, name, county, length, class, optimal_cfs, usgs_gauge, avg_cfs, hist_flow, map_x, map_y, description, designations, sections, filter_flags) VALUES ('salmon_ny', 'ny', 'Salmon River', 'Oswego Co.', '17 mi', 'II–IV', '750–2500', '04250200', 1200, 1050, 810, 180, 'Lake Ontario tributary with dam-controlled flows and world-famous steelhead and salmon runs. The Salmon River delivers reliable Class II–IV whitewater through a scenic gorge while hosting one of the greatest fall salmon migrations in the eastern United States.', 'Salmon River Falls, New York State Recreation Area', ARRAY['Upper Salmon — Redfield to Altmar, Class II–III','Altmar to Pulaski — Class III–IV, gorge section','Pulaski to Lake Ontario — Class II, salmon and steelhead corridor'], '{"ww":true,"wild":false,"scenic":true,"adirondack":false}') ON CONFLICT (id) DO NOTHING;
INSERT INTO public.river_history (river_id, era, year, title, body, source, sort_order) VALUES ('salmon_ny', 'native', 'Pre-contact', 'Onondaga Territory — Lake Ontario Tributaries', 'The Salmon River watershed was within the territory of the Onondaga Nation, keepers of the central fire of the Haudenosaunee Confederacy.', 'Onondaga Nation; New York State Museum', 0);
INSERT INTO public.river_history (river_id, era, year, title, body, source, sort_order) VALUES ('salmon_ny', 'modern', '1980s', 'Salmon Stocking Program — World-Class Fishery', 'New York''s aggressive salmon and steelhead stocking program transformed the Salmon River into one of the premier fall fishing destinations in North America. Chinook salmon exceeding 30 pounds run the river each October.', 'NYS DEC Fisheries Division; Salmon River Fish Hatchery', 1);
INSERT INTO public.river_reviews (river_id, username, review_date, stars, body, is_seed) VALUES ('salmon_ny', 'salmon_river_angler', 'Oct 2024', 5, 'Fall Chinook run at 1,200 cfs — fish stacked in every pool from Altmar to Pulaski. Hooked a 28-pound king on a swung fly. World-class fishery.', true);
INSERT INTO public.river_reviews (river_id, username, review_date, stars, body, is_seed) VALUES ('salmon_ny', 'ny_kayak_fish', 'Sep 2024', 4, 'Gorge section at 900 cfs — fun Class III whitewater with salmon jumping all around the boat. Unique experience.', true);
INSERT INTO public.river_outfitters (river_id, name, description, link, is_seed) VALUES ('salmon_ny', 'Whitaker Falls Fly Shop', 'Salmon River guiding and gear, Altmar', 'whitakerfalls.com', true);
INSERT INTO public.river_outfitters (river_id, name, description, link, is_seed) VALUES ('salmon_ny', 'Fat Nancy''s Tackle Shop', 'Salmon River fishing headquarters, Pulaski', 'fatnancys.com', true);
INSERT INTO public.rivers (id, state_key, name, county, length, class, optimal_cfs, usgs_gauge, avg_cfs, hist_flow, map_x, map_y, description, designations, sections, filter_flags) VALUES ('moose_ny', 'ny', 'Moose River — Bottom Moose', 'Lewis / Herkimer Co.', '8 mi', 'IV–V', '500–2500', '04252500', 1200, 1080, 810, 180, 'Premier Adirondack expert kayaking — the Bottom Moose delivers eight miles of continuous Class IV–V whitewater through a remote gorge. Crystal Falls, Fowlersville Falls, and Agers Falls are rites of passage for northeastern creek boaters.', 'Adirondack Park · New York Wild Forest', ARRAY['McKeever to Fowlersville — 4 mi, Class IV, Crystal Falls and Tannery Rapids','Fowlersville to Agers Falls — 4 mi, Class IV–V, the marquee section'], '{"ww":true,"wild":false,"scenic":true,"adirondack":true}') ON CONFLICT (id) DO NOTHING;
INSERT INTO public.river_history (river_id, era, year, title, body, source, sort_order) VALUES ('moose_ny', 'native', 'Pre-contact', 'Oneida and Mohawk Territory — Adirondack Interior', 'The Moose River watershed was within Haudenosaunee territory, used primarily as a seasonal hunting and fishing corridor. The remote gorge was too rugged for permanent settlement but rich in game and brook trout.', 'New York State Museum; Oneida Nation', 0);
INSERT INTO public.river_history (river_id, era, year, title, body, source, sort_order) VALUES ('moose_ny', 'logging', '1850s–1910', 'Adirondack Logging and the Moose River', 'The Moose River was a major log-driving corridor during the Adirondack timber boom. Spruce and hemlock were floated downstream to mills at Lyons Falls and Port Leyden. The river''s steep gradient and narrow gorges made log drives dangerous and unpredictable.', 'Adirondack Museum; Lewis County Historical Society', 1);
INSERT INTO public.river_reviews (river_id, username, review_date, stars, body, is_seed) VALUES ('moose_ny', 'adk_creeker', 'Apr 2024', 5, 'Bottom Moose at 1,500 cfs — Crystal Falls, Fowlersville Falls, Agers Falls in sequence. Best Class IV–V run in the Northeast.', true);
INSERT INTO public.river_reviews (river_id, username, review_date, stars, body, is_seed) VALUES ('moose_ny', 'ny_expert_kayak', 'May 2024', 5, 'Spring runoff at 2,000 cfs — the Moose was absolutely firing. Fowlersville Falls is a must-run drop. Adirondack whitewater at its finest.', true);
INSERT INTO public.river_outfitters (river_id, name, description, link, is_seed) VALUES ('moose_ny', 'Adirondack River Outfitters', 'Moose River whitewater trips and instruction', 'aronthecreek.com', true);
INSERT INTO public.rivers (id, state_key, name, county, length, class, optimal_cfs, usgs_gauge, avg_cfs, hist_flow, map_x, map_y, description, designations, sections, filter_flags) VALUES ('delaware_ny', 'ny', 'Delaware River — Upper', 'Sullivan / Delaware Co.', '73 mi', 'I–II', '1500–8000', '01427510', 4200, 3780, 810, 180, 'National Wild and Scenic corridor through the scenic Catskills — the Upper Delaware offers 73 miles of family-friendly paddling between New York and Pennsylvania. Bald eagles nest along the cliffs, and the river supports world-class wild trout fishing.', 'National Wild & Scenic River · Upper Delaware Scenic and Recreational River (NPS)', ARRAY['Hancock to Callicoon — 30 mi, Class I–II, best eagle viewing','Callicoon to Barryville — 25 mi, Class I, family float corridor','Barryville to Port Jervis — 18 mi, Class I–II, Roebling Bridge area'], '{"ww":false,"wild":true,"scenic":true,"adirondack":false}') ON CONFLICT (id) DO NOTHING;
INSERT INTO public.river_history (river_id, era, year, title, body, source, sort_order) VALUES ('delaware_ny', 'native', 'Pre-contact', 'Lenape (Delaware) Homeland — Lenapehocking', 'The Delaware River takes its name from the Lenape (Delaware) people who inhabited the entire watershed for thousands of years. The upper river corridor was rich in fisheries and game, supporting Lenape communities well into the colonial period.', 'Lenape Nation; NPS Upper Delaware Scenic and Recreational River', 0);
INSERT INTO public.river_history (river_id, era, year, title, body, source, sort_order) VALUES ('delaware_ny', 'survey', '1978', 'National Wild & Scenic River Designation', 'Congress designated the Upper Delaware a component of the National Wild and Scenic Rivers System in 1978. The NPS manages the 73-mile corridor, protecting one of the last free-flowing stretches of the Delaware.', 'NPS Upper Delaware Scenic and Recreational River; National Wild & Scenic Rivers Council', 1);
INSERT INTO public.river_documents (river_id, title, source, year, doc_type, pages, url) VALUES ('delaware_ny', 'Upper Delaware Scenic and Recreational River Management Plan', 'NPS', 2010, 'Federal', 250, 'https://www.nps.gov/upde/learn/management/planning.htm');
INSERT INTO public.river_reviews (river_id, username, review_date, stars, body, is_seed) VALUES ('delaware_ny', 'catskills_paddler', 'Jun 2024', 5, 'Hancock to Callicoon at 3,500 cfs — twelve bald eagles in one day. The Upper Delaware is the best scenic float in the Northeast.', true);
INSERT INTO public.river_reviews (river_id, username, review_date, stars, body, is_seed) VALUES ('delaware_ny', 'family_canoe_ny', 'Jul 2024', 4, 'Callicoon to Barryville with the kids at 2,500 cfs — gentle current, gravel-bar lunch stops, eagle nests on the cliffs. Perfect family river.', true);
INSERT INTO public.river_outfitters (river_id, name, description, link, is_seed) VALUES ('delaware_ny', 'Lander''s River Trips', 'Upper Delaware canoe and kayak rentals since 1955', 'landersrivertrips.com', true);
INSERT INTO public.river_outfitters (river_id, name, description, link, is_seed) VALUES ('delaware_ny', 'Kittatinny Canoes', 'Multi-day Upper Delaware trips and camping', 'kittatinny.com', true);
INSERT INTO public.rivers (id, state_key, name, county, length, class, optimal_cfs, usgs_gauge, avg_cfs, hist_flow, map_x, map_y, description, designations, sections, filter_flags) VALUES ('esopus', 'ny', 'Esopus Creek', 'Ulster Co.', '30 mi', 'I–III', '300–2000', '01362500', 680, 612, 525, 190, 'The Catskills'' most celebrated trout stream and paddling run — Esopus Creek flows 30 miles from Slide Mountain (the highest Catskill peak) through the heart of the Catskill Park. The Shandaken Portal releases water from the Schoharie Reservoir into the Esopus, creating a unique portal-enhanced flow that supports legendary fly fishing and fun Class I–III whitewater through hemlock-lined gorges.', 'Catskill Park · New York City Watershed', ARRAY['Shandaken Portal to Phoenicia — 8 mi, Class II–III, portal release whitewater','Phoenicia to Mount Tremper — 10 mi, Class I–II, scenic valley','Mount Tremper to Ashokan Reservoir — 12 mi, Class I, wider valley'], '{"ww":true,"wild":false,"scenic":true,"adirondack":false}') ON CONFLICT (id) DO NOTHING;
INSERT INTO public.river_history (river_id, era, year, title, body, source, sort_order) VALUES ('esopus', 'native', 'Pre-contact', 'Esopus Munsee Territory — Catskill Mountains', 'Esopus Creek takes its name from the Esopus band of the Munsee Lenape people, who inhabited the Catskill region for thousands of years. The creek provided trout and a travel corridor between the Hudson Valley and the Catskill interior. Conflicts with Dutch settlers in the 1650s–1660s (the Esopus Wars) devastated the Esopus people.', 'New York State Museum; Ulster County Historical Society', 0);
INSERT INTO public.river_history (river_id, era, year, title, body, source, sort_order) VALUES ('esopus', 'survey', '1924', 'NYC Watershed — Ashokan Reservoir and Shandaken Tunnel', 'New York City completed the Ashokan Reservoir on the Esopus in 1915 and the Shandaken Tunnel in 1924, diverting Schoharie Reservoir water into the Esopus via the Shandaken Portal. This engineering created the portal releases that sustain the creek''s flow and trout fishery year-round.', 'NYC DEP; Catskill Center for Conservation and Development', 1);
INSERT INTO public.river_reviews (river_id, username, review_date, stars, body, is_seed) VALUES ('esopus', 'catskills_fly_angler', 'May 2024', 5, 'Portal release at 600 cfs — brown trout rising in every pool below Phoenicia. The Esopus is the best trout stream in the Catskills and it''s not close.', true);
INSERT INTO public.river_reviews (river_id, username, review_date, stars, body, is_seed) VALUES ('esopus', 'hudson_valley_kayaker', 'Jun 2024', 4, 'Shandaken to Phoenicia at 800 cfs — fun Class II–III through the hemlock gorge. Great Catskills day trip.', true);
INSERT INTO public.river_outfitters (river_id, name, description, link, is_seed) VALUES ('esopus', 'Town Tinker Tube Rental', 'Tubing, kayak, and canoe rentals on Esopus Creek, Phoenicia', '', true);
INSERT INTO public.rivers (id, state_key, name, county, length, class, optimal_cfs, usgs_gauge, avg_cfs, hist_flow, map_x, map_y, description, designations, sections, filter_flags) VALUES ('sacandaga', 'ny', 'Sacandaga River', 'Hamilton Co.', '64 mi', 'II–IV', '500–3000', '01321000', 1200, 1080, 525, 150, 'The southern Adirondacks'' premier whitewater river — the Sacandaga drops steeply through the foothills with continuous Class II–IV rapids, particularly on the upper sections above Great Sacandaga Lake. The river is a favorite of New York paddlers for its reliable spring flows, accessible roadside runs, and Adirondack mountain scenery.', 'Adirondack Park', ARRAY['Upper Sacandaga — 15 mi, Class III–IV, best whitewater','Wells to Lake Pleasant — 20 mi, Class II–III, scenic canyon','Below Great Sacandaga Lake — 20 mi, Class II, tailwater run'], '{"ww":true,"wild":false,"scenic":false,"adirondack":true}') ON CONFLICT (id) DO NOTHING;
INSERT INTO public.river_history (river_id, era, year, title, body, source, sort_order) VALUES ('sacandaga', 'native', 'Pre-contact', 'Mohawk Territory — Southern Adirondack Hunting Grounds', 'The Sacandaga watershed was Mohawk (Kanien''keha:ka) territory, used as seasonal hunting grounds in the southern Adirondack foothills. The name Sacandaga derives from a Mohawk word meaning ''land of the waving grass,'' describing the meadows along the river valley.', 'Mohawk Nation; Hamilton County Historical Society', 0);
INSERT INTO public.river_history (river_id, era, year, title, body, source, sort_order) VALUES ('sacandaga', 'survey', '1930', 'Great Sacandaga Lake — Flood Control Reservoir', 'New York State completed the Conklingville Dam in 1930, creating Great Sacandaga Lake — then the largest man-made lake in the world — to control flooding on the Hudson River. The dam transformed the middle Sacandaga and created tailwater paddling opportunities below.', 'New York Power Authority; Hudson River Basin Commission', 1);
INSERT INTO public.river_reviews (river_id, username, review_date, stars, body, is_seed) VALUES ('sacandaga', 'adirondack_boater', 'Apr 2024', 5, 'Upper Sacandaga at 1,500 cfs in spring runoff — continuous Class III–IV through the gorge. Best whitewater day in the southern Adirondacks.', true);
INSERT INTO public.river_reviews (river_id, username, review_date, stars, body, is_seed) VALUES ('sacandaga', 'ny_kayak_club', 'May 2024', 4, 'Wells section at 800 cfs — fun Class II–III with mountain scenery. Accessible and reliable spring whitewater. Love the Sacandaga.', true);
INSERT INTO public.river_outfitters (river_id, name, description, link, is_seed) VALUES ('sacandaga', 'Adirondack Rafting Company', 'Guided whitewater trips and kayak rentals on the Sacandaga', '', true);
INSERT INTO public.rivers (id, state_key, name, county, length, class, optimal_cfs, usgs_gauge, avg_cfs, hist_flow, map_x, map_y, description, designations, sections, filter_flags) VALUES ('raquette', 'ny', 'Raquette River', 'St. Lawrence / Franklin Co.', '146 mi', 'I–III', '500–3000', '04266500', 1800, 1620, 525, 130, 'The Adirondacks'' classic through-paddle — 146 miles from Blue Mountain Lake to the St. Lawrence River, passing through some of the most remote wilderness in the eastern United States. The Raquette links lakes, carries (portages), and river stretches in the traditional Adirondack carry-camp-carry style. Class I–III rapids punctuate long flatwater lake crossings through the heart of the Adirondack Park.', 'Adirondack Park · Northern Forest Canoe Trail', ARRAY['Blue Mountain Lake to Long Lake — 20 mi, lake and carry','Long Lake to Tupper Lake — 25 mi, river and lake','Tupper Lake to Piercefield — 30 mi, Class I–III, best whitewater','Piercefield to St. Lawrence — 70 mi, wider river, northern Adirondacks'], '{"ww":false,"wild":true,"scenic":true,"adirondack":true}') ON CONFLICT (id) DO NOTHING;
INSERT INTO public.river_history (river_id, era, year, title, body, source, sort_order) VALUES ('raquette', 'native', 'Pre-contact', 'Mohawk and Algonquin Territory — Adirondack Interior', 'The Raquette River corridor was a contested borderland between the Mohawk (Haudenosaunee) and Algonquin peoples. The chain of lakes and river stretches provided a natural canoe route through the Adirondack interior. The name Raquette may derive from the French word for ''snowshoe,'' describing the shape of a nearby lake.', 'Adirondack Museum; St. Lawrence County Historical Society', 0);
INSERT INTO public.river_history (river_id, era, year, title, body, source, sort_order) VALUES ('raquette', 'survey', '2000', 'Northern Forest Canoe Trail — 740-Mile Water Route', 'The Northern Forest Canoe Trail, completed in stages beginning in 2000, follows the Raquette River through the Adirondacks as part of a 740-mile water route from Old Forge, New York, to Fort Kent, Maine. The Raquette section is one of the trail''s most iconic stretches.', 'Northern Forest Canoe Trail; Adirondack Park Agency', 1);
INSERT INTO public.river_reviews (river_id, username, review_date, stars, body, is_seed) VALUES ('raquette', 'adirondack_through_paddler', 'Jul 2024', 5, 'Five days from Long Lake to Piercefield — carries, camps, and Class II–III rapids through the Adirondack wilderness. The Raquette is the quintessential Adirondack canoe trip.', true);
INSERT INTO public.river_reviews (river_id, username, review_date, stars, body, is_seed) VALUES ('raquette', 'nfct_section_hiker', 'Aug 2024', 4, 'Raquette section of the Northern Forest Canoe Trail at 1,200 cfs — lake crossings, portages, and river running. Old-school Adirondack adventure.', true);
INSERT INTO public.river_outfitters (river_id, name, description, link, is_seed) VALUES ('raquette', 'Raquette River Outfitters', 'Canoe and kayak rentals, shuttle service for Raquette River trips', '', true);
INSERT INTO public.rivers (id, state_key, name, county, length, class, optimal_cfs, usgs_gauge, avg_cfs, hist_flow, map_x, map_y, description, designations, sections, filter_flags) VALUES ('chattooga_ga', 'ga', 'Chattooga River — Georgia Section', 'Rabun Co.', '15 mi', 'III–V', '500–2000', '02177000', 860, 790, 720, 390, 'Georgia side of the legendary Chattooga — Section IV with the infamous Five Falls is among the most challenging and iconic whitewater runs in the southeastern United States. Deliverance country, wild and uncompromising.', 'National Wild & Scenic River, Chattahoochee National Forest', ARRAY['Section III — Class III, Georgia/South Carolina border','Section IV — Class III–V, Five Falls and Bull Sluice','Five Falls — Class IV–V, the marquee sequence'], '{"ww":true,"wild":true,"piedmont":false,"appalachian":true}') ON CONFLICT (id) DO NOTHING;
INSERT INTO public.river_history (river_id, era, year, title, body, source, sort_order) VALUES ('chattooga_ga', 'native', 'Pre-contact', 'Cherokee Homeland — The Blue Ridge Frontier', 'The Chattooga River watershed was Cherokee territory for thousands of years. Forced removal on the Trail of Tears in 1838 devastated Cherokee communities throughout north Georgia.', 'Cherokee Nation; Georgia Historical Society', 0);
INSERT INTO public.river_history (river_id, era, year, title, body, source, sort_order) VALUES ('chattooga_ga', 'logging', '1972', 'Deliverance — The Film That Changed a River', 'James Dickey''s novel (1970) and the 1972 film Deliverance, filmed on the Chattooga, transformed the river from an obscure Appalachian stream into an international symbol of wild water.', 'USFS Chattahoochee NF; Georgia Film Commission', 1);
INSERT INTO public.river_history (river_id, era, year, title, body, source, sort_order) VALUES ('chattooga_ga', 'modern', '1974', 'National Wild & Scenic River Designation', 'Congress designated the Chattooga as a Wild & Scenic River in 1974, partially in response to the visibility generated by Deliverance.', 'USFS; National Wild & Scenic Rivers System', 2);
INSERT INTO public.river_reviews (river_id, username, review_date, stars, body, is_seed) VALUES ('chattooga_ga', 'se_creek_boater', 'Mar 2024', 5, 'Section IV at 1,400 cfs — Five Falls was absolutely firing. The Southeast at its wildest.', true);
INSERT INTO public.river_reviews (river_id, username, review_date, stars, body, is_seed) VALUES ('chattooga_ga', 'chattooga_regular', 'Apr 2024', 5, 'Ran Section IV at 800 cfs — more technical at lower water but still intense. Bull Sluice never disappoints.', true);
INSERT INTO public.river_outfitters (river_id, name, description, link, is_seed) VALUES ('chattooga_ga', 'Southeastern Expeditions', 'Chattooga rafting since 1972, Clayton GA', 'southeasternexpeditions.com', true);
INSERT INTO public.river_outfitters (river_id, name, description, link, is_seed) VALUES ('chattooga_ga', 'Wildwater Chattooga', 'Section III and IV guided trips', 'wildwaterchattooga.com', true);
INSERT INTO public.rivers (id, state_key, name, county, length, class, optimal_cfs, usgs_gauge, avg_cfs, hist_flow, map_x, map_y, description, designations, sections, filter_flags) VALUES ('chattahoochee', 'ga', 'Chattahoochee River — Metro Atlanta', 'Fulton / Cobb Co.', '48 mi', 'I–II', '750–2500', '02336000', 2400, 2200, 720, 390, 'Urban river through Atlanta''s Chattahoochee River National Recreation Area — 48 miles of NPS-managed parkland through the heart of metro Atlanta. The most accessible paddling in the Southeast''s largest city.', 'Chattahoochee River NRA (NPS), Georgia Scenic River', ARRAY['Buford Dam to Roswell — Class I–II, trout water and tubing','Roswell to Paces Ferry — Class I–III, urban whitewater section','Paces Ferry to Peachtree Creek — Class I, flatwater urban float'], '{"ww":false,"wild":false,"piedmont":true,"appalachian":false}') ON CONFLICT (id) DO NOTHING;
INSERT INTO public.river_history (river_id, era, year, title, body, source, sort_order) VALUES ('chattahoochee', 'native', 'Pre-contact', 'Creek and Cherokee — ''Painted Rock River''', 'The Chattahoochee River formed the boundary between Creek (Muscogee) territory to the south and Cherokee territory to the north.', 'Muscogee (Creek) Nation; Georgia Historical Society', 0);
INSERT INTO public.river_history (river_id, era, year, title, body, source, sort_order) VALUES ('chattahoochee', 'modern', '1978', 'Chattahoochee River NRA — Urban National Park', 'President Carter signed legislation creating the Chattahoochee River National Recreation Area in 1978, protecting 48 miles of river corridor through metro Atlanta. The park hosts over 3 million visitors annually.', 'NPS Chattahoochee River NRA; Georgia Conservancy', 1);
INSERT INTO public.river_documents (river_id, title, source, year, doc_type, pages, url) VALUES ('chattahoochee', 'Chattahoochee River NRA General Management Plan', 'NPS', 2009, 'Federal', 280, 'https://npshistory.com/publications/chat/gmp-eis-2009.pdf');
INSERT INTO public.river_reviews (river_id, username, review_date, stars, body, is_seed) VALUES ('chattahoochee', 'atl_river_paddler', 'Jun 2024', 4, 'Buford Dam to Roswell at 1,200 cfs — cold tailwater through NPS parkland in the middle of Atlanta. Surreal.', true);
INSERT INTO public.river_reviews (river_id, username, review_date, stars, body, is_seed) VALUES ('chattahoochee', 'hooch_tuber', 'Jul 2024', 4, 'Tubing from Powers Island at 800 cfs — Atlanta''s best summer tradition. The Hooch is a treasure.', true);
INSERT INTO public.river_outfitters (river_id, name, description, link, is_seed) VALUES ('chattahoochee', 'Shoot the Hooch', 'Chattahoochee tubing and kayak rentals', 'shootthehooch.com', true);
INSERT INTO public.river_outfitters (river_id, name, description, link, is_seed) VALUES ('chattahoochee', 'High Country Outfitters', 'Atlanta paddling gear and Chattahoochee trips', 'highcountryoutfitters.com', true);
INSERT INTO public.rivers (id, state_key, name, county, length, class, optimal_cfs, usgs_gauge, avg_cfs, hist_flow, map_x, map_y, description, designations, sections, filter_flags) VALUES ('toccoa', 'ga', 'Toccoa River', 'Fannin Co.', '30 mi', 'I–II', '300–1200', '02392000', 680, 620, 720, 390, 'Blue Ridge mountains gem — the Toccoa River flows through Chattahoochee National Forest as a TVA tailwater from Blue Ridge Dam. Excellent trout fishing in cold, clear water with Class I–III rapids through Appalachian forest.', 'Chattahoochee National Forest, Georgia Scenic River', ARRAY['Blue Ridge Dam tailwater — Class I–II, premier trout water','Deep Hole to Shallowford Bridge — Class II–III, best whitewater','Shallowford Bridge to McCaysville — Class I–II, scenic float'], '{"ww":true,"wild":false,"piedmont":false,"appalachian":true}') ON CONFLICT (id) DO NOTHING;
INSERT INTO public.river_history (river_id, era, year, title, body, source, sort_order) VALUES ('toccoa', 'native', 'Pre-contact', 'Cherokee Heartland — ''Beautiful River''', 'The Toccoa River flows through the heart of what was the Cherokee Nation''s Georgia territory. ''Toccoa'' is believed to derive from a Cherokee word meaning ''beautiful.''', 'Cherokee Nation; Fannin County Historical Society', 0);
INSERT INTO public.river_history (river_id, era, year, title, body, source, sort_order) VALUES ('toccoa', 'modern', '2015', 'Georgia''s Top Trout Stream', 'The Toccoa tailwater has been recognized as one of Georgia''s premier trout fisheries. Cold dam releases maintain water temperatures ideal for both brown and rainbow trout year-round.', 'Georgia DNR Wildlife Resources Division; Trout Unlimited Georgia', 1);
INSERT INTO public.river_reviews (river_id, username, review_date, stars, body, is_seed) VALUES ('toccoa', 'blueridge_angler', 'May 2024', 5, 'Toccoa tailwater at 400 cfs — caught a 20-inch brown on a dry fly below the dam. Best trout stream in Georgia.', true);
INSERT INTO public.river_reviews (river_id, username, review_date, stars, body, is_seed) VALUES ('toccoa', 'ga_mountain_paddler', 'Jun 2024', 4, 'Deep Hole section at 800 cfs — fun Class II–III with gorgeous Blue Ridge scenery. Perfect day trip from Atlanta.', true);
INSERT INTO public.river_outfitters (river_id, name, description, link, is_seed) VALUES ('toccoa', 'Toccoa Valley Outfitters', 'Toccoa River fly fishing guides and gear', 'toccoavalleyoutfitters.com', true);
INSERT INTO public.river_outfitters (river_id, name, description, link, is_seed) VALUES ('toccoa', 'Rolling Thunder River Company', 'Toccoa River tubing and kayak rentals', 'rollingthunderrivercompany.com', true);
INSERT INTO public.rivers (id, state_key, name, county, length, class, optimal_cfs, usgs_gauge, avg_cfs, hist_flow, map_x, map_y, description, designations, sections, filter_flags) VALUES ('oconee', 'ga', 'Oconee River', 'Clarke / Oconee Co.', '220 mi', 'I–II', '500–3000', '02218300', 1600, 1440, 720, 390, 'A classic Georgia Piedmont river flowing through Athens and the red-clay heart of the state. The Oconee offers excellent bass fishing and easy Class I–II paddling through forested bottomlands and university-town charm.', 'Oconee River Greenway · Georgia Scenic River candidate', ARRAY['Athens to Barnett Shoals — 15 mi, university corridor, Class I–II','Barnett Shoals to Milledgeville — 60 mi, Piedmont forest float'], '{"ww":false,"wild":false,"piedmont":true,"appalachian":false}') ON CONFLICT (id) DO NOTHING;
INSERT INTO public.river_history (river_id, era, year, title, body, source, sort_order) VALUES ('oconee', 'native', 'Pre-contact', 'Creek (Muscogee) Homeland — Piedmont Heartland', 'The Oconee River watershed was Creek (Muscogee) territory for thousands of years. The river corridor supported extensive agricultural settlements and trade networks. Forced removal in the 1830s displaced the Creek to Indian Territory.', 'Muscogee (Creek) Nation; Georgia Historical Society', 0);
INSERT INTO public.river_history (river_id, era, year, title, body, source, sort_order) VALUES ('oconee', 'modern', '2005', 'Oconee River Greenway — Athens Embraces Its River', 'The city of Athens developed the Oconee River Greenway, transforming neglected industrial riverfront into a multi-use trail and paddle access corridor that connects the University of Georgia campus to downstream parkland.', 'Athens-Clarke County Leisure Services; Oconee River Greenway Commission', 1);
INSERT INTO public.river_reviews (river_id, username, review_date, stars, body, is_seed) VALUES ('oconee', 'athens_paddler', 'Apr 2024', 4, 'Athens greenway section at 1,200 cfs — easy Class I–II through a beautiful college town. Largemouth bass on every other cast.', true);
INSERT INTO public.river_reviews (river_id, username, review_date, stars, body, is_seed) VALUES ('oconee', 'ga_piedmont_float', 'May 2024', 4, 'Barnett Shoals to Milledgeville over two days at 800 cfs — quiet Piedmont paddling with great campsites on sandbars.', true);
INSERT INTO public.river_outfitters (river_id, name, description, link, is_seed) VALUES ('oconee', 'Big Dogs on the River', 'Athens-based canoe and kayak rentals', 'bigdogsontheriver.com', true);
INSERT INTO public.rivers (id, state_key, name, county, length, class, optimal_cfs, usgs_gauge, avg_cfs, hist_flow, map_x, map_y, description, designations, sections, filter_flags) VALUES ('etowah', 'ga', 'Etowah River', 'Dawson / Cherokee Co.', '164 mi', 'I–II', '300–2000', '02392000', 1200, 1080, 720, 390, 'From the north Georgia mountains to Lake Allatoona, the Etowah flows through some of the most historically significant landscape in the Southeast. Cherokee history, Civil War sites, and the Etowah Indian Mounds line the corridor.', 'Etowah Indian Mounds State Historic Site · Georgia Water Trail', ARRAY['Dahlonega to Dawsonville — 25 mi, mountain headwaters, Class I–II','Canton to Lake Allatoona — 30 mi, Piedmont foothills float'], '{"ww":false,"wild":false,"piedmont":false,"appalachian":true}') ON CONFLICT (id) DO NOTHING;
INSERT INTO public.river_history (river_id, era, year, title, body, source, sort_order) VALUES ('etowah', 'native', 'Pre-contact', 'Mississippian Culture — Etowah Indian Mounds', 'The Etowah Indian Mounds near Cartersville are among the most important Mississippian-period archaeological sites in North America. Occupied from 1000–1550 AD, the six mounds and surrounding village supported a complex chiefdom that controlled trade along the Etowah River corridor.', 'Georgia DNR Historic Preservation Division; Etowah Indian Mounds State Historic Site', 0);
INSERT INTO public.river_history (river_id, era, year, title, body, source, sort_order) VALUES ('etowah', 'logging', '1829–1838', 'Georgia Gold Rush and Cherokee Removal', 'The discovery of gold near Dahlonega in 1829 — along the upper Etowah — triggered America''s first gold rush and accelerated the forced removal of the Cherokee Nation on the Trail of Tears in 1838.', 'Dahlonega Gold Museum; Georgia Historical Society', 1);
INSERT INTO public.river_reviews (river_id, username, review_date, stars, body, is_seed) VALUES ('etowah', 'north_ga_paddler', 'Mar 2024', 4, 'Dahlonega to Dawsonville at 600 cfs — mountain-fed water, easy rapids, gorgeous north Georgia scenery. Great spring float.', true);
INSERT INTO public.river_reviews (river_id, username, review_date, stars, body, is_seed) VALUES ('etowah', 'etowah_explorer', 'Apr 2024', 4, 'Canton section at 1,000 cfs — visited Etowah Mounds on the way. Paddling through 1,000 years of history.', true);
INSERT INTO public.river_outfitters (river_id, name, description, link, is_seed) VALUES ('etowah', 'Appalachian Outfitters', 'Dahlonega-based kayak rentals and Etowah trips', 'appalachianoutfitters.com', true);
INSERT INTO public.rivers (id, state_key, name, county, length, class, optimal_cfs, usgs_gauge, avg_cfs, hist_flow, map_x, map_y, description, designations, sections, filter_flags) VALUES ('amicalola', 'ga', 'Amicalola Creek', 'Dawson Co.', '15 mi', 'III–IV', '200–1000', '02334578', 180, 162, 580, 340, 'A steep creek run dropping through the north Georgia mountains near Amicalola Falls State Park — home to the tallest cascading waterfall east of the Mississippi at 729 feet. Amicalola Creek delivers technical Class III–IV whitewater through a forested mountain gorge, with continuous gradient, tight moves, and a wilderness setting minutes from the Appalachian Trail''s southern approach.', 'Amicalola Falls State Park · Appalachian Trail Approach', ARRAY['Above Amicalola Falls — Class III, mountain headwaters','Below falls to Dawsonville — 10 mi, Class III–IV, steep creek run','Lower Amicalola — 5 mi, Class II, runout to Etowah confluence'], '{"ww":true,"wild":false,"piedmont":false,"appalachian":true}') ON CONFLICT (id) DO NOTHING;
INSERT INTO public.river_history (river_id, era, year, title, body, source, sort_order) VALUES ('amicalola', 'native', 'Pre-contact', 'Cherokee Homeland — ''Tumbling Waters''', 'Amicalola derives from the Cherokee word meaning ''tumbling waters,'' describing the dramatic 729-foot cascading waterfall. The Amicalola watershed was Cherokee territory for centuries, and the falls were a site of spiritual significance before the forced removal on the Trail of Tears in 1838.', 'Georgia Historical Society; Amicalola Falls State Park', 0);
INSERT INTO public.river_history (river_id, era, year, title, body, source, sort_order) VALUES ('amicalola', 'modern', '1940', 'Amicalola Falls State Park Established', 'Georgia established Amicalola Falls State Park in 1940, preserving the tallest cascading waterfall east of the Mississippi. The park serves as the southern approach to Springer Mountain, the Appalachian Trail''s southern terminus.', 'Georgia State Parks; Appalachian Trail Conservancy', 1);
INSERT INTO public.river_reviews (river_id, username, review_date, stars, body, is_seed) VALUES ('amicalola', 'ga_creeking', 'Mar 2024', 5, 'Amicalola below the falls at 600 cfs after rain — continuous Class III–IV through the gorge. Steep, technical, and absolutely gorgeous north Georgia creek running.', true);
INSERT INTO public.river_reviews (river_id, username, review_date, stars, body, is_seed) VALUES ('amicalola', 'appalachian_paddler', 'Feb 2024', 4, 'Amicalola at 400 cfs — tight and technical with mountain laurel overhead. Short run but high quality. Check the gauge and go when it rains.', true);
INSERT INTO public.river_outfitters (river_id, name, description, link, is_seed) VALUES ('amicalola', 'North Georgia Paddle Sports', 'Kayak rentals and guided creek trips near Dawsonville', '', true);
INSERT INTO public.rivers (id, state_key, name, county, length, class, optimal_cfs, usgs_gauge, avg_cfs, hist_flow, map_x, map_y, description, designations, sections, filter_flags) VALUES ('broad_ga', 'ga', 'Broad River', 'Madison / Elbert Co.', '60 mi', 'I–II', '300–2000', '02191300', 820, 738, 600, 350, 'Northeast Georgia''s premier Piedmont river — the Broad flows 60 miles through rolling farmland and granite shoals between Athens and the Savannah River. Home to the endemic shoal bass (found nowhere else on earth outside the Chattahoochee and Flint basins), the Broad offers gentle Class I–II paddling over granite bedrock with excellent fishing and a pastoral landscape untouched by development.', 'Georgia Scenic River Candidate · Shoal Bass Conservation', ARRAY['Danielsville to Carlton — 20 mi, upper shoals, best shoal bass water','Carlton to Elberton — 20 mi, granite shoals and farmland','Elberton to Savannah River — 20 mi, wider, lake approach'], '{"ww":false,"wild":false,"piedmont":true,"appalachian":false}') ON CONFLICT (id) DO NOTHING;
INSERT INTO public.river_history (river_id, era, year, title, body, source, sort_order) VALUES ('broad_ga', 'native', 'Pre-contact', 'Cherokee and Creek Borderland — Piedmont Shoals', 'The Broad River formed a natural boundary between Cherokee and Creek territories in northeast Georgia. The granite shoals that define the river created fishing grounds of exceptional importance — the shoal bass that still inhabit these rapids are endemic to a small number of Southeastern Piedmont rivers.', 'Georgia Historical Society; Elbert County Historical Society', 0);
INSERT INTO public.river_history (river_id, era, year, title, body, source, sort_order) VALUES ('broad_ga', 'modern', '2008', 'Shoal Bass Conservation — Endemic Species Protection', 'Georgia DNR initiated a comprehensive shoal bass conservation program on the Broad River, recognizing the species as endemic to a handful of Georgia and Alabama rivers. The Broad River population is considered critical to the species'' long-term survival.', 'Georgia DNR Wildlife Resources Division; American Fisheries Society', 1);
INSERT INTO public.river_reviews (river_id, username, review_date, stars, body, is_seed) VALUES ('broad_ga', 'ne_ga_angler', 'Apr 2024', 5, 'Carlton section at 500 cfs — granite shoals, shoal bass on every ledge. This fish exists nowhere else on earth. The Broad River is a Georgia treasure.', true);
INSERT INTO public.river_reviews (river_id, username, review_date, stars, body, is_seed) VALUES ('broad_ga', 'piedmont_paddler_ga', 'May 2024', 4, 'Danielsville to Carlton at 700 cfs — gentle Class I–II over granite, pastoral farmland, easy and beautiful. Northeast Georgia''s best-kept secret.', true);
INSERT INTO public.river_outfitters (river_id, name, description, link, is_seed) VALUES ('broad_ga', 'Broad River Outpost', 'Canoe and kayak rentals for Broad River float trips, Carlton', '', true);
INSERT INTO public.rivers (id, state_key, name, county, length, class, optimal_cfs, usgs_gauge, avg_cfs, hist_flow, map_x, map_y, description, designations, sections, filter_flags) VALUES ('coosawattee', 'ga', 'Coosawattee River', 'Gilmer / Murray Co.', '50 mi', 'I–III', '200–1500', '02383500', 580, 522, 580, 340, 'A north Georgia mountain river flowing from the Blue Ridge through Carters Lake tailwater to the Oostanaula River at Calhoun. Below Carters Dam, the tailwater provides cold, clear water year-round with excellent trout fishing. Above the reservoir, the upper Coosawattee runs through remote mountain valleys with Class II–III whitewater. The river''s name comes from the Cherokee word meaning ''old place.''', 'Carters Lake (USACE) · Chattahoochee National Forest', ARRAY['Above Carters Lake — 15 mi, Class II–III, mountain whitewater','Carters Dam tailwater — 10 mi, Class I, cold tailwater trout fishing','Below tailwater to Calhoun — 25 mi, Class I–II, piedmont transition'], '{"ww":false,"wild":false,"piedmont":false,"appalachian":true}') ON CONFLICT (id) DO NOTHING;
INSERT INTO public.river_history (river_id, era, year, title, body, source, sort_order) VALUES ('coosawattee', 'native', 'Pre-contact', 'Cherokee Homeland — Coosawattee Old Town', 'The Coosawattee River valley was the heart of Cherokee civilization in north Georgia. Coosawattee Old Town, near present-day Calhoun, was a major Cherokee settlement. The Cherokee leader James Vann operated a plantation along the river before the forced removal on the Trail of Tears in 1838.', 'Georgia Historical Society; New Echota State Historic Site', 0);
INSERT INTO public.river_history (river_id, era, year, title, body, source, sort_order) VALUES ('coosawattee', 'survey', '1977', 'Carters Lake Dam Completed', 'The U.S. Army Corps of Engineers completed Carters Dam on the Coosawattee River in 1977, creating Carters Lake — one of the deepest reservoirs in the Southeast. The cold tailwater below the dam transformed the lower river into a year-round trout fishery.', 'USACE; Georgia DNR Wildlife Resources Division', 1);
INSERT INTO public.river_reviews (river_id, username, review_date, stars, body, is_seed) VALUES ('coosawattee', 'north_ga_trout', 'Mar 2024', 4, 'Carters Dam tailwater at 400 cfs — cold, clear water and stocked trout year-round. Great wade fishing and easy paddling below the dam.', true);
INSERT INTO public.river_reviews (river_id, username, review_date, stars, body, is_seed) VALUES ('coosawattee', 'ga_mountain_kayaker', 'Apr 2024', 4, 'Upper Coosawattee above the lake at 600 cfs — fun Class II–III through the mountain valley. Remote and beautiful north Georgia creek.', true);
INSERT INTO public.river_outfitters (river_id, name, description, link, is_seed) VALUES ('coosawattee', 'Carters Lake Marina', 'Kayak rentals and tailwater access near Carters Dam', '', true);
INSERT INTO public.rivers (id, state_key, name, county, length, class, optimal_cfs, usgs_gauge, avg_cfs, hist_flow, map_x, map_y, description, designations, sections, filter_flags) VALUES ('st_croix', 'mn', 'St. Croix River', 'Washington / Chisago Co.', '164 mi', 'I–II', '2,000–8,000', '05340500', 4800, 4320, 520, 105, 'One of the original eight National Wild & Scenic Rivers designated in 1968. The St. Croix forms 125 miles of the Minnesota-Wisconsin border, flowing through deep basalt gorges and pristine boreal forest. The Dalles of the St. Croix — a narrow volcanic canyon — is among the most dramatic geological features in the upper Midwest.', 'National Wild & Scenic River (1968) · National Scenic Riverway (NPS)', ARRAY['Upper St. Croix — Solon Springs to Taylors Falls, 100 mi, wilderness corridor','Dalles of the St. Croix — Taylors Falls gorge, Class I–II','Lower St. Croix — Taylors Falls to Prescott, 52 mi, wide and scenic','Namekagon confluence — remote canoe-camping'], '{"ww":true,"wild":true,"bwca":false,"fishing":true}') ON CONFLICT (id) DO NOTHING;
INSERT INTO public.river_history (river_id, era, year, title, body, source, sort_order) VALUES ('st_croix', 'native', 'Pre-contact', 'Dakota and Ojibwe Borderland', 'The St. Croix River served as a contested boundary between the Dakota (Sioux) and Ojibwe nations for centuries. Both peoples relied on the river''s wild rice beds, sturgeon runs, and fur-bearing animals. The name ''St. Croix'' was given by French voyageurs in the 1600s after finding a cross-shaped marker at the river''s mouth.', 'Minnesota Historical Society; St. Croix Scenic Riverway NPS', 0);
INSERT INTO public.river_history (river_id, era, year, title, body, source, sort_order) VALUES ('st_croix', 'logging', '1840s–1910', 'White Pine Empire on the St. Croix', 'The St. Croix was the highway of Minnesota''s first great industry. Stillwater, at the river''s southern end, became the state''s original lumber capital. Over 15 billion board feet of white pine were driven down the St. Croix between 1840 and 1914, fueling the growth of Minneapolis and St. Paul.', 'Minnesota Historical Society; Stillwater Public Library Archives', 1);
INSERT INTO public.river_history (river_id, era, year, title, body, source, sort_order) VALUES ('st_croix', 'modern', '1968', 'Original Wild & Scenic Designation', 'The St. Croix was among the first eight rivers in the nation designated under the Wild & Scenic Rivers Act, signed by President Johnson on October 2, 1968. The designation permanently protected the upper river corridor from damming and development.', 'National Park Service — St. Croix National Scenic Riverway', 2);
INSERT INTO public.river_documents (river_id, title, source, year, doc_type, pages, url) VALUES ('st_croix', 'St. Croix National Scenic Riverway General Management Plan', 'NPS', 2013, 'Federal', 280, 'https://www.nps.gov/sacn/learn/management/upload/SACN_1998_GMP-508.pdf');
INSERT INTO public.river_reviews (river_id, username, review_date, stars, body, is_seed) VALUES ('st_croix', 'northstar_paddler', 'Jul 2024', 5, 'Upper St. Croix three-day canoe trip at 3,200 cfs — incredible boreal forest, bald eagles everywhere. The Dalles gorge section is jaw-dropping.', true);
INSERT INTO public.river_reviews (river_id, username, review_date, stars, body, is_seed) VALUES ('st_croix', 'mn_wi_border_rat', 'Aug 2024', 4, 'Taylors Falls to Osceola at 5,000 cfs — perfect flow, sandbar lunch stops, saw otters playing in the rapids.', true);
INSERT INTO public.river_outfitters (river_id, name, description, link, is_seed) VALUES ('st_croix', 'Wild River Outfitters', 'Full-service canoe and kayak rentals on the upper St. Croix', 'wildriveroutfitters.com', true);
INSERT INTO public.river_outfitters (river_id, name, description, link, is_seed) VALUES ('st_croix', 'Taylors Falls Canoe Rental', 'Day trips through the Dalles and lower St. Croix', 'taylorsfallscanoe.com', true);
INSERT INTO public.rivers (id, state_key, name, county, length, class, optimal_cfs, usgs_gauge, avg_cfs, hist_flow, map_x, map_y, description, designations, sections, filter_flags) VALUES ('kawishiwi', 'mn', 'Boundary Waters — Kawishiwi River', 'Lake Co.', '30 mi', 'I', '200–800', '05124480', 380, 342, 490, 80, 'The Kawishiwi is the most-traveled canoe route into the Boundary Waters Canoe Area Wilderness — over a million acres of roadless lake-and-river country straddling the Minnesota-Ontario border. Paddlers portage between crystal-clear lakes connected by short river segments through boreal forest unchanged since the last ice age.', 'Boundary Waters Canoe Area Wilderness (1978) · Superior National Forest', ARRAY['Kawishiwi Lake to Sawbill Entry — 12 mi, classic BWCAW entry route','Kawishiwi Falls portage — iconic 80-rod carry around falls'], '{"ww":false,"wild":true,"bwca":true,"fishing":true}') ON CONFLICT (id) DO NOTHING;
INSERT INTO public.river_history (river_id, era, year, title, body, source, sort_order) VALUES ('kawishiwi', 'native', 'Pre-contact', 'Ojibwe Canoe Country — Gichi-manidoo-waajiw', 'The Boundary Waters was the heart of Ojibwe territory for at least 500 years before European contact. The Kawishiwi corridor was a major travel route connecting Lake Superior to the interior lake country. Birch bark canoes — invented by Ojibwe people — were the only practical way to navigate this landscape of interconnected lakes and portages.', 'Bois Forte Band of Chippewa; Superior National Forest Heritage Program', 0);
INSERT INTO public.river_history (river_id, era, year, title, body, source, sort_order) VALUES ('kawishiwi', 'modern', '1978', 'BWCAW Wilderness Act', 'Congress passed the Boundary Waters Canoe Area Wilderness Act, establishing the most-visited wilderness area in the United States. The 1.1-million-acre BWCAW prohibits motorized watercraft on most lakes and limits daily entry permits, preserving one of the last truly wild landscapes in the eastern U.S.', 'USFS Superior National Forest; Friends of the Boundary Waters Wilderness', 1);
INSERT INTO public.river_reviews (river_id, username, review_date, stars, body, is_seed) VALUES ('kawishiwi', 'bwca_junkie', 'Aug 2024', 5, 'Seven days on the Kawishiwi loop. Northern lights on night three, moose at dawn on night five. This is why we paddle.', true);
INSERT INTO public.river_reviews (river_id, username, review_date, stars, body, is_seed) VALUES ('kawishiwi', 'portage_queen', 'Jul 2024', 5, 'Kawishiwi entry to Lake Polly at 350 cfs — river sections swift and clear. Caught walleye and smallmouth every evening. Pure wilderness.', true);
INSERT INTO public.river_outfitters (river_id, name, description, link, is_seed) VALUES ('kawishiwi', 'Kawishiwi Lodge & Outfitters', 'BWCAW canoe outfitting, permits, and gear', 'kawishiwi.com', true);
INSERT INTO public.rivers (id, state_key, name, county, length, class, optimal_cfs, usgs_gauge, avg_cfs, hist_flow, map_x, map_y, description, designations, sections, filter_flags) VALUES ('kettle', 'mn', 'Kettle River', 'Pine Co.', '80 mi', 'II–IV', '400–2,500', '05336700', 1100, 990, 540, 120, 'Minnesota''s premier whitewater river carves a dramatic sandstone-and-basalt gorge through Banning State Park. The Hell''s Gate section delivers continuous Class III–IV rapids through a canyon where 19th-century quarry ruins still cling to the cliffs. Spring snowmelt transforms the Kettle into one of the best intermediate whitewater runs in the upper Midwest.', 'Minnesota Wild & Scenic River · Banning State Park', ARRAY['Banning State Park — Hell''s Gate section, 4 mi, Class III–IV gorge','Robinson Park to Sandstone, 15 mi, Class I–II warm-up','Upper Kettle — Moose Lake to Rutledge, 30 mi, scenic flatwater'], '{"ww":true,"wild":true,"bwca":false,"fishing":false}') ON CONFLICT (id) DO NOTHING;
INSERT INTO public.river_history (river_id, era, year, title, body, source, sort_order) VALUES ('kettle', 'native', 'Pre-contact', 'Dakota Homeland — Sandstone Country', 'The Kettle River gorge lay within Dakota (Eastern Sioux) territory. The dramatic sandstone formations were culturally significant, and the river''s rapids were both a travel obstacle and a fishing resource. Petroglyphs in the broader region attest to thousands of years of habitation.', 'Minnesota Historical Society; Pine County Historical Society', 0);
INSERT INTO public.river_history (river_id, era, year, title, body, source, sort_order) VALUES ('kettle', 'logging', '1870s–1900s', 'Sandstone Quarries and Log Drives', 'The Kettle River gorge became the center of a booming sandstone quarrying industry. Banning, Minnesota — now a ghost town within the state park — was a thriving quarry community until a devastating fire and the 1894 Hinckley firestorm disrupted the industry. The ruins of the quarry works are still visible from the river.', 'Banning State Park Interpretive Center; Pine County Historical Society', 1);
INSERT INTO public.river_reviews (river_id, username, review_date, stars, body, is_seed) VALUES ('kettle', 'mn_whitewater', 'Apr 2024', 5, 'Hell''s Gate at 1,800 cfs in spring runoff — continuous Class III+ through the gorge with the old quarry ruins on either side. Best whitewater in Minnesota, hands down.', true);
INSERT INTO public.river_reviews (river_id, username, review_date, stars, body, is_seed) VALUES ('kettle', 'kayak_sandstone', 'May 2024', 4, 'Banning section at 900 cfs — fun intermediate run. Blueberry Slide and Dragon Tooth are legit rapids. Beautiful sandstone canyon.', true);
INSERT INTO public.river_outfitters (river_id, name, description, link, is_seed) VALUES ('kettle', 'Banning State Park Paddle Shop', 'Seasonal kayak rentals and shuttle service at the park', 'dnr.state.mn.us/state_parks/banning', true);
INSERT INTO public.rivers (id, state_key, name, county, length, class, optimal_cfs, usgs_gauge, avg_cfs, hist_flow, map_x, map_y, description, designations, sections, filter_flags) VALUES ('st_louis_mn', 'mn', 'St. Louis River', 'St. Louis / Carlton Co.', '192 mi', 'I–IV', '1,000–5,000', '04024000', 2800, 2520, 555, 100, 'The St. Louis River crashes through Jay Cooke State Park in a series of dramatic Class III–IV rapids over tilted slate ledges before emptying into Lake Superior at Duluth. The largest U.S. tributary to Lake Superior, it offers everything from remote flatwater canoeing in its upper reaches to serious whitewater in the gorge below Thomson Dam.', 'Jay Cooke State Park · St. Louis River National Water Trail', ARRAY['Thomson Dam to Jay Cooke — 8 mi, Class III–IV, premier whitewater','Jay Cooke to Fond du Lac — 10 mi, Class II, slate gorge','Upper St. Louis — Forbes to Floodwood, 50 mi, Class I flatwater'], '{"ww":true,"wild":true,"bwca":false,"fishing":true}') ON CONFLICT (id) DO NOTHING;
INSERT INTO public.river_history (river_id, era, year, title, body, source, sort_order) VALUES ('st_louis_mn', 'native', 'Pre-contact', 'Ojibwe Homeland — Gateway to Lake Superior', 'The St. Louis River was a vital Ojibwe travel corridor connecting the interior lakes to Lake Superior. Fond du Lac, at the river''s mouth, was a major fur trade rendezvous site. The Fond du Lac Band of Lake Superior Chippewa maintains a reservation along the river today.', 'Fond du Lac Band of Lake Superior Chippewa; Minnesota Historical Society', 0);
INSERT INTO public.river_history (river_id, era, year, title, body, source, sort_order) VALUES ('st_louis_mn', 'logging', '1880s–1920s', 'Lumber Capital of the World — Duluth Boom', 'The St. Louis River drove Duluth''s rise as a lumber and shipping powerhouse. Millions of board feet of white and red pine were floated down the river to sawmills at its mouth. The Thomson Dam, built in 1907 for hydropower, permanently altered the river''s flow regime.', 'St. Louis County Historical Society; Minnesota Power Archives', 1);
INSERT INTO public.river_reviews (river_id, username, review_date, stars, body, is_seed) VALUES ('st_louis_mn', 'duluth_whitewater', 'May 2024', 5, 'Jay Cooke gorge at 3,000 cfs — continuous Class III+ over tilted slate ledges. The Thomson section is world-class when it''s running. Best whitewater within city limits in the Midwest.', true);
INSERT INTO public.river_reviews (river_id, username, review_date, stars, body, is_seed) VALUES ('st_louis_mn', 'north_shore_kayak', 'Jun 2024', 4, 'Upper St. Louis from Forbes — two days of remote flatwater through boreal forest. Moose tracks on every portage. Minnesota''s overlooked gem.', true);
INSERT INTO public.river_outfitters (river_id, name, description, link, is_seed) VALUES ('st_louis_mn', 'Spirit of the Land Outfitters', 'St. Louis River kayak rentals and guided trips from Duluth', 'spiritoftheland.com', true);
INSERT INTO public.rivers (id, state_key, name, county, length, class, optimal_cfs, usgs_gauge, avg_cfs, hist_flow, map_x, map_y, description, designations, sections, filter_flags) VALUES ('crow_wing', 'mn', 'Crow Wing River', 'Hubbard / Wadena Co.', '75 mi', 'I', '300–1,500', '05244000', 680, 612, 510, 115, 'A classic Minnesota canoe river winding through pine forests and past sandy banks for 75 gentle miles. The Crow Wing is ideal for family paddling and multi-day camping trips, with reliable summer flows fed by the Hubbard County lake chains. It joins the Mississippi at historic Crow Wing State Park.', 'Minnesota State Water Trail · Crow Wing State Park', ARRAY['Huntersville to Nimrod — 30 mi, Class I, pine forest corridor','Nimrod to Motley — 25 mi, Class I, gentle meanders','Motley to Crow Wing State Park — 20 mi, Class I, Mississippi confluence'], '{"ww":false,"wild":true,"bwca":false,"fishing":true}') ON CONFLICT (id) DO NOTHING;
INSERT INTO public.river_history (river_id, era, year, title, body, source, sort_order) VALUES ('crow_wing', 'native', 'Pre-contact', 'Ojibwe and Dakota Borderland — Crow Wing Confluence', 'The Crow Wing River''s confluence with the Mississippi was a contested boundary between the Ojibwe and Dakota nations. Crow Wing Village, at the confluence, became one of Minnesota''s earliest settlements and a critical fur trade post. The river''s name derives from an island shaped like a crow''s wing near the mouth.', 'Minnesota Historical Society; Crow Wing County Historical Society', 0);
INSERT INTO public.river_history (river_id, era, year, title, body, source, sort_order) VALUES ('crow_wing', 'logging', '1870s–1900s', 'Pine Timber and River Drives', 'The Crow Wing River carried vast quantities of white pine timber to the Mississippi during Minnesota''s logging era. Nimrod, Sebeka, and other small towns along the river were built around the lumber industry. After the timber was cut, the river corridor slowly recovered its pine forest character.', 'Wadena County Historical Society; Minnesota Forestry Archives', 1);
INSERT INTO public.river_reviews (river_id, username, review_date, stars, body, is_seed) VALUES ('crow_wing', 'mn_family_canoe', 'Jul 2024', 5, 'Three days from Huntersville to Nimrod with the kids — sandy campsites, easy current, bald eagles overhead. This is what Minnesota canoeing is all about.', true);
INSERT INTO public.river_reviews (river_id, username, review_date, stars, body, is_seed) VALUES ('crow_wing', 'crow_wing_angler', 'Aug 2024', 4, 'Smallmouth bass fishing the Crow Wing at 500 cfs — caught a dozen on streamers. Pine-lined banks and barely another paddler in sight.', true);
INSERT INTO public.river_outfitters (river_id, name, description, link, is_seed) VALUES ('crow_wing', 'Crow Wing Crest Lodge', 'Canoe and kayak rentals on the upper Crow Wing', 'crowwingcrestlodge.com', true);
INSERT INTO public.river_outfitters (river_id, name, description, link, is_seed) VALUES ('crow_wing', 'Huntersville Outfitters', 'Multi-day canoe trip outfitting and shuttle service', 'huntersvilleoutfitters.com', true);
INSERT INTO public.rivers (id, state_key, name, county, length, class, optimal_cfs, usgs_gauge, avg_cfs, hist_flow, map_x, map_y, description, designations, sections, filter_flags) VALUES ('root', 'mn', 'Root River', 'Fillmore / Houston Co.', '80 mi', 'I', '200–1200', '05385000', 580, 522, 350, 180, 'Southeast Minnesota''s Driftless Area gem — the Root River winds through the unglaciated blufflands of Fillmore and Houston counties, past the artsy town of Lanesboro and along the Root River State Trail. Spring-fed tributaries support a thriving brown trout fishery in one of the Midwest''s most scenic landscapes. The Root River Trail parallels the river, making bike-and-paddle combos a local tradition.', 'Root River State Trail · Minnesota Driftless Area', ARRAY['Chatfield to Lanesboro — 25 mi, blufflands, best scenery','Lanesboro to Whalan — 10 mi, trail corridor, artsy town','Whalan to Houston — 30 mi, wider valley, bluff country'], '{"ww":false,"wild":false,"bwca":false,"fishing":true}') ON CONFLICT (id) DO NOTHING;
INSERT INTO public.river_history (river_id, era, year, title, body, source, sort_order) VALUES ('root', 'native', 'Pre-contact', 'Dakota Territory — Driftless Blufflands', 'The Root River valley was Dakota (Sioux) territory in the unglaciated Driftless Area of southeastern Minnesota. The dramatic limestone bluffs and spring-fed streams sustained communities for thousands of years. The river''s name derives from the Dakota word for the tangle of tree roots along its banks.', 'Minnesota Historical Society; Fillmore County Historical Society', 0);
INSERT INTO public.river_history (river_id, era, year, title, body, source, sort_order) VALUES ('root', 'modern', '1984', 'Root River State Trail Established', 'Minnesota converted the abandoned Chicago Great Western Railway corridor along the Root River into the Root River State Trail — 42 miles of paved trail connecting Fountain, Lanesboro, Whalan, and Houston. The trail transformed Lanesboro from a declining farm town into a thriving arts and outdoor recreation destination.', 'Minnesota DNR; Lanesboro Arts Center', 1);
INSERT INTO public.river_reviews (river_id, username, review_date, stars, body, is_seed) VALUES ('root', 'driftless_mn_paddler', 'Jun 2024', 5, 'Chatfield to Lanesboro at 400 cfs — limestone bluffs around every bend, spring-fed creeks entering from both sides. The Driftless Area is Minnesota''s best-kept secret.', true);
INSERT INTO public.river_reviews (river_id, username, review_date, stars, body, is_seed) VALUES ('root', 'lanesboro_kayaker', 'Jul 2024', 4, 'Lanesboro section at 600 cfs — paddled in the morning, biked the trail in the afternoon. Great pie at the Lanesboro bakery. Perfect Minnesota weekend.', true);
INSERT INTO public.river_outfitters (river_id, name, description, link, is_seed) VALUES ('root', 'Root River Outfitters', 'Canoe, kayak, and tube rentals in Lanesboro', '', true);
INSERT INTO public.rivers (id, state_key, name, county, length, class, optimal_cfs, usgs_gauge, avg_cfs, hist_flow, map_x, map_y, description, designations, sections, filter_flags) VALUES ('cloquet', 'mn', 'Cloquet River', 'St. Louis / Carlton Co.', '100 mi', 'I–II', '300–2000', '04024098', 820, 738, 350, 120, 'A 100-mile wilderness paddling corridor on the edge of the Boundary Waters — the Cloquet River flows through the boreal forests of northern Minnesota from its headwaters near the BWCAW to the St. Louis River at Cloquet. Remote Class I–II paddling through dense spruce-fir forest with moose, wolves, and loons. One of Minnesota''s finest multi-day canoe trips outside the Boundary Waters proper.', 'Superior National Forest · Cloquet Valley State Forest', ARRAY['Island Lake to Indian Lake — 30 mi, upper wilderness, portages','Indian Lake to Alden Lake — 35 mi, Class I–II, best paddling','Alden Lake to Cloquet — 35 mi, wider, approaching town'], '{"ww":false,"wild":false,"bwca":false,"fishing":true}') ON CONFLICT (id) DO NOTHING;
INSERT INTO public.river_history (river_id, era, year, title, body, source, sort_order) VALUES ('cloquet', 'native', 'Pre-contact', 'Ojibwe Homeland — Boreal Forest Waterways', 'The Cloquet River watershed was Ojibwe (Anishinaabe) territory, part of the vast network of boreal forest waterways that the Ojibwe navigated by canoe. The river provided wild rice, fish, and a travel corridor between Lake Superior and the interior.', 'Fond du Lac Band of Lake Superior Chippewa; Minnesota Historical Society', 0);
INSERT INTO public.river_history (river_id, era, year, title, body, source, sort_order) VALUES ('cloquet', 'logging', '1880s–1920s', 'North Woods Logging — Cloquet Fire of 1918', 'The Cloquet River corridor was heavily logged during Minnesota''s pine era. On October 12, 1918, the devastating Cloquet Fire swept through the logged-over landscape, killing 453 people and destroying the town of Cloquet. The fire remains one of the worst natural disasters in Minnesota history.', 'Minnesota Historical Society; Carlton County Historical Society', 1);
INSERT INTO public.river_reviews (river_id, username, review_date, stars, body, is_seed) VALUES ('cloquet', 'mn_wilderness_paddler', 'Jul 2024', 5, 'Four days on the Cloquet from Island Lake at 600 cfs — moose at dawn, loons at dusk, wolves howling at night. BWCAW-quality wilderness without the permit lottery.', true);
INSERT INTO public.river_reviews (river_id, username, review_date, stars, body, is_seed) VALUES ('cloquet', 'duluth_canoe_club', 'Aug 2024', 4, 'Indian Lake to Alden Lake at 500 cfs — boreal forest corridor, Class I–II riffles, excellent walleye fishing. Northern Minnesota at its finest.', true);
INSERT INTO public.river_outfitters (river_id, name, description, link, is_seed) VALUES ('cloquet', 'Cloquet Valley Outfitters', 'Multi-day canoe trip outfitting and shuttle service', '', true);
INSERT INTO public.rivers (id, state_key, name, county, length, class, optimal_cfs, usgs_gauge, avg_cfs, hist_flow, map_x, map_y, description, designations, sections, filter_flags) VALUES ('cannon', 'mn', 'Cannon River', 'Rice / Goodhue Co.', '112 mi', 'I', '200–1500', '05355200', 620, 558, 350, 180, 'A gentle southern Minnesota river flowing 112 miles from Shields Lake through Faribault, Northfield, and Cannon Falls to the Mississippi River at Red Wing. The Cannon was a federal Wild and Scenic study river and remains one of the most accessible paddling streams in the Twin Cities region. Wooded bluffs, farmland, and small-town charm define the Cannon River experience.', 'Cannon River Wilderness Area · Wild & Scenic Study River', ARRAY['Faribault to Northfield — 20 mi, gentle college-town paddle','Northfield to Cannon Falls — 25 mi, wooded bluffs, best scenery','Cannon Falls to Red Wing — 20 mi, Mississippi bluffs approach'], '{"ww":false,"wild":false,"bwca":false,"fishing":true}') ON CONFLICT (id) DO NOTHING;
INSERT INTO public.river_history (river_id, era, year, title, body, source, sort_order) VALUES ('cannon', 'native', 'Pre-contact', 'Dakota Territory — Cannon River Valley', 'The Cannon River valley was Dakota (Sioux) territory. The river''s English name derives from the Dakota name ''Inyan Bosdata Wakpa'' — ''river of the standing rock'' — which French traders misheard as ''canon'' (cannon). The valley was prime agricultural territory for the Dakota before treaty cessions.', 'Minnesota Historical Society; Rice County Historical Society', 0);
INSERT INTO public.river_history (river_id, era, year, title, body, source, sort_order) VALUES ('cannon', 'modern', '1975', 'Wild & Scenic Study River', 'Congress authorized a study of the Cannon River for potential inclusion in the National Wild and Scenic Rivers System. Though not ultimately designated, the study raised awareness and led to state-level protections including the Cannon River Wilderness Area near Cannon Falls.', 'NPS; Minnesota DNR', 1);
INSERT INTO public.river_reviews (river_id, username, review_date, stars, body, is_seed) VALUES ('cannon', 'twin_cities_paddler', 'Jun 2024', 4, 'Northfield to Cannon Falls at 500 cfs — wooded bluffs, gentle current, great birding. Best day paddle within an hour of the Twin Cities.', true);
INSERT INTO public.river_reviews (river_id, username, review_date, stars, body, is_seed) VALUES ('cannon', 'cannon_river_regular', 'Jul 2024', 4, 'Faribault section at 400 cfs — easy family float past Carleton and St. Olaf colleges. Stop in Northfield for lunch. Classic Minnesota.', true);
INSERT INTO public.river_outfitters (river_id, name, description, link, is_seed) VALUES ('cannon', 'Cannon River Canoe Rental', 'Canoe and kayak rentals for Cannon River day trips, Cannon Falls', '', true);
INSERT INTO public.rivers (id, state_key, name, county, length, class, optimal_cfs, usgs_gauge, avg_cfs, hist_flow, map_x, map_y, description, designations, sections, filter_flags) VALUES ('wolf_wi', 'wi', 'Wolf River', 'Menominee / Shawano Co.', '65 mi', 'II–IV', '600–3,000', '04074950', 1600, 1440, 590, 135, 'Wisconsin''s legendary whitewater river flows through the Menominee Indian Reservation — one of the most sustainably managed forests in North America. The Wolf delivers 20 miles of continuous Class II–IV rapids through ancient granite ledges, with Ducknest Rapids and Gilmore''s Mistake as the marquee drops. The Menominee Nation has stewarded this forest since time immemorial, and it looks the same today as it did 150 years ago.', 'National Wild & Scenic River candidate · Menominee Reservation', ARRAY['Hollister to Big Smokey Falls — 15 mi, Class II–III, best intermediate run','Gilmore''s Mistake to Keshena Falls — 8 mi, Class III–IV, expert','Langlade to Hollister — 20 mi, Class I–II warm-up','Keshena Falls — Class V portage, do not run'], '{"ww":true,"wild":true,"northwoods":true,"fishing":true}') ON CONFLICT (id) DO NOTHING;
INSERT INTO public.river_history (river_id, era, year, title, body, source, sort_order) VALUES ('wolf_wi', 'native', 'Pre-contact', 'Menominee Nation — Keepers of the Wolf', 'The Wolf River is the spiritual and physical heart of the Menominee Nation. The Menominee have occupied this territory for at least 5,000 years — their reservation, established in 1854, encompasses the most intact old-growth forest in the Great Lakes region. The tribe''s sustained-yield forestry practices are studied worldwide as a model of ecological stewardship.', 'Menominee Tribal Legislature; College of Menominee Nation', 0);
INSERT INTO public.river_history (river_id, era, year, title, body, source, sort_order) VALUES ('wolf_wi', 'modern', '1975', 'Menominee Restoration Act and Wolf River Protection', 'After the disastrous federal termination policy (1961) nearly destroyed the tribe, the Menominee Restoration Act of 1973 restored federal recognition. The tribe subsequently fought off a proposed Exxon copper-zinc mine that would have devastated the Wolf River watershed, preserving the river for future generations.', 'Menominee Historic Preservation Department; Wisconsin Historical Society', 1);
INSERT INTO public.river_reviews (river_id, username, review_date, stars, body, is_seed) VALUES ('wolf_wi', 'wolfriver_ww', 'May 2024', 5, 'Ducknest to Gilmore''s at 2,200 cfs — absolutely ripping. The old-growth forest on the Menominee Reservation is unreal. Feels like paddling through a cathedral.', true);
INSERT INTO public.river_reviews (river_id, username, review_date, stars, body, is_seed) VALUES ('wolf_wi', 'wi_paddle_club', 'Jun 2024', 4, 'Hollister section at 1,000 cfs — perfect Class II–III for our intermediate group. Big Smokey Falls portage is worth the walk just for the view.', true);
INSERT INTO public.river_outfitters (river_id, name, description, link, is_seed) VALUES ('wolf_wi', 'Shotgun Eddy Rafting', 'Wolf River whitewater rafting and kayak trips', 'shotguneddy.com', true);
INSERT INTO public.river_outfitters (river_id, name, description, link, is_seed) VALUES ('wolf_wi', 'Wolf River Trips & Campground', 'Canoe and kayak rentals with riverside camping', 'wolfrivertrips.com', true);
INSERT INTO public.rivers (id, state_key, name, county, length, class, optimal_cfs, usgs_gauge, avg_cfs, hist_flow, map_x, map_y, description, designations, sections, filter_flags) VALUES ('namekagon', 'wi', 'Namekagon River', 'Bayfield / Sawyer Co.', '98 mi', 'I–II', '200–800', '05333500', 480, 432, 560, 110, 'The Namekagon is the northern arm of the St. Croix National Scenic Riverway — 98 miles of pristine northwoods paddling from Namekagon Lake near Cable to its confluence with the St. Croix at Riverside. Crystal-clear water over sand and gravel, Class I–II riffles, and virtually no development make this one of the finest multi-day canoe trips in the Midwest.', 'St. Croix National Scenic Riverway (NPS) · National Wild & Scenic River', ARRAY['Namekagon Lake to Hayward — 30 mi, intimate headwaters','Hayward to Trego — 35 mi, classic northwoods corridor','Trego to Riverside — 33 mi, wider river, excellent camping'], '{"ww":false,"wild":true,"northwoods":true,"fishing":true}') ON CONFLICT (id) DO NOTHING;
INSERT INTO public.river_history (river_id, era, year, title, body, source, sort_order) VALUES ('namekagon', 'native', 'Pre-contact', 'Ojibwe Wild Rice Country', 'The Namekagon watershed was central Ojibwe (Lake Superior Band) territory. The river''s name derives from an Ojibwe word meaning ''place abundant with sturgeon.'' Wild rice beds along the river were a critical food source, and the lakes and streams supported extensive fishing and trapping economies.', 'Lac Courte Oreilles Band of Lake Superior Chippewa; NPS St. Croix Riverway', 0);
INSERT INTO public.river_history (river_id, era, year, title, body, source, sort_order) VALUES ('namekagon', 'modern', '1968', 'National Scenic Riverway Designation', 'The Namekagon was included in the original St. Croix National Scenic Riverway designation, one of the first components of the National Wild & Scenic Rivers System. The NPS manages the corridor, maintaining 54 river campsites accessible only by water.', 'National Park Service — St. Croix National Scenic Riverway', 1);
INSERT INTO public.river_reviews (river_id, username, review_date, stars, body, is_seed) VALUES ('namekagon', 'northwoods_canoe', 'Jul 2024', 5, 'Hayward to Trego over three days at 400 cfs — perfect northwoods trip. NPS campsites are well-maintained, water is crystal clear. Saw a timber wolf cross the river at dusk.', true);
INSERT INTO public.river_reviews (river_id, username, review_date, stars, body, is_seed) VALUES ('namekagon', 'cable_paddler', 'Aug 2024', 4, 'Headwaters section from the dam at 300 cfs — intimate and quiet. Kingfishers and great blue herons every hundred yards. Outstanding fishing for smallmouth bass.', true);
INSERT INTO public.river_outfitters (river_id, name, description, link, is_seed) VALUES ('namekagon', 'Namekagon Paddle & Bike', 'Canoe and kayak rentals, shuttle service along the Namekagon', 'namekagonpaddleandbike.com', true);
INSERT INTO public.rivers (id, state_key, name, county, length, class, optimal_cfs, usgs_gauge, avg_cfs, hist_flow, map_x, map_y, description, designations, sections, filter_flags) VALUES ('peshtigo', 'wi', 'Peshtigo River', 'Marinette Co.', '30 mi', 'III–V', '800–3,000', '04069500', 1400, 1260, 620, 120, 'Wisconsin''s most challenging whitewater river — the Roaring Rapids section delivers continuous Class IV–V through a remote granite gorge in the Marinette County forest. Five-Foot Falls, Horserace Rapids, and the infamous Terminal Surfer have tested expert paddlers for decades. The Peshtigo is also remembered for the 1871 Peshtigo Fire — the deadliest wildfire in American history, which killed over 1,500 people along the river valley.', 'Marinette County Forest · Wisconsin Outstanding Resource Water', ARRAY['Roaring Rapids section — 8 mi, Class IV–V, expert only','Caldron Falls to Johnson Falls — 12 mi, Class III–IV','Upper Peshtigo — farm country flatwater, Class I'], '{"ww":true,"wild":false,"northwoods":true,"fishing":false}') ON CONFLICT (id) DO NOTHING;
INSERT INTO public.river_history (river_id, era, year, title, body, source, sort_order) VALUES ('peshtigo', 'native', 'Pre-contact', 'Menominee Territory — River of Wild Rice', 'The Peshtigo River watershed was Menominee territory. The name derives from a Menominee word variously translated as ''river of wild rice'' or ''snapping turtle place.'' The Menominee used the river system for travel between their inland territories and Green Bay.', 'Menominee Tribal Historic Preservation; Marinette County Historical Society', 0);
INSERT INTO public.river_history (river_id, era, year, title, body, source, sort_order) VALUES ('peshtigo', 'logging', '1871', 'The Great Peshtigo Fire — Deadliest in American History', 'On October 8, 1871 — the same night as the Great Chicago Fire — a firestorm swept the Peshtigo River valley, killing an estimated 1,500–2,500 people. Fueled by logging slash and drought, the fire generated tornado-force winds. Many survivors escaped only by submerging in the river itself. It remains the deadliest wildfire in recorded American history.', 'Peshtigo Fire Museum; Wisconsin Historical Society', 1);
INSERT INTO public.river_reviews (river_id, username, review_date, stars, body, is_seed) VALUES ('peshtigo', 'wisco_creek_boat', 'May 2024', 5, 'Roaring Rapids at 1,800 cfs — Terminal Surfer was a beast. Five-Foot Falls clean line, then continuous Class IV to the takeout. Best whitewater day in Wisconsin.', true);
INSERT INTO public.river_reviews (river_id, username, review_date, stars, body, is_seed) VALUES ('peshtigo', 'midwest_class_v', 'Apr 2024', 4, 'Peshtigo at 2,500 cfs — big and pushy. Horserace Rapids was a full-on freight train. Not for the faint of heart. Wear your drysuit.', true);
INSERT INTO public.river_outfitters (river_id, name, description, link, is_seed) VALUES ('peshtigo', 'Kosir''s Rapid Rafts', 'Guided whitewater rafting on the Peshtigo and Menominee rivers', 'kosirsrapidrafts.com', true);
INSERT INTO public.rivers (id, state_key, name, county, length, class, optimal_cfs, usgs_gauge, avg_cfs, hist_flow, map_x, map_y, description, designations, sections, filter_flags) VALUES ('flambeau', 'wi', 'Flambeau River', 'Price / Rusk Co.', '60 mi', 'I–III', '600–3,000', '05357335', 1600, 1440, 580, 110, 'The North Fork Flambeau is Wisconsin''s premier wilderness whitewater river — 60 miles of continuous Class I–III rapids through old-growth hemlock forests and remote northwoods. The Flambeau River State Forest protects the corridor, and multi-day trips offer a true backcountry experience with riverside campsites and minimal development.', 'Flambeau River State Forest · Wisconsin Outstanding Resource Water', ARRAY['Nine Mile Creek to Oxbo — 15 mi, Class II–III, best whitewater','Oxbo to Cedar Rapids — 20 mi, Class I–II, scenic forest run','Upper North Fork — Park Falls to Nine Mile, 15 mi, Class I warmup'], '{"ww":true,"wild":true,"northwoods":true,"fishing":true}') ON CONFLICT (id) DO NOTHING;
INSERT INTO public.river_history (river_id, era, year, title, body, source, sort_order) VALUES ('flambeau', 'native', 'Pre-contact', 'Ojibwe Territory — Flambeau Band Homeland', 'The Flambeau River is the ancestral homeland of the Lac du Flambeau Band of Lake Superior Chippewa. The name ''Flambeau'' comes from the French translation of the Ojibwe practice of fishing by torchlight — ''Lac du Flambeau'' means ''Lake of the Torches.'' The tribe maintains a reservation at the river''s headwaters.', 'Lac du Flambeau Band of Lake Superior Chippewa; Wisconsin Historical Society', 0);
INSERT INTO public.river_history (river_id, era, year, title, body, source, sort_order) VALUES ('flambeau', 'logging', '1870s–1920s', 'White Pine Drives on the Flambeau', 'The Flambeau was one of Wisconsin''s great log-driving rivers, with millions of board feet of white and red pine floated downstream to sawmills. The old-growth hemlock stands that survive today were spared because hemlock was considered worthless lumber — an accident of economics that preserved some of the last virgin forest in the Great Lakes.', 'Flambeau River State Forest Archives; Price County Historical Society', 1);
INSERT INTO public.river_reviews (river_id, username, review_date, stars, body, is_seed) VALUES ('flambeau', 'wi_northwoods_kayak', 'Jun 2024', 5, 'Three days on the North Fork from Nine Mile Creek — Class II–III rapids through old-growth hemlocks. Camped on sand bars, saw otters and eagles. Best multi-day river trip in Wisconsin.', true);
INSERT INTO public.river_reviews (river_id, username, review_date, stars, body, is_seed) VALUES ('flambeau', 'flambeau_regular', 'Jul 2024', 4, 'Oxbo to Cedar Rapids at 1,200 cfs — fun Class II the whole way. The hemlock groves are cathedral-like. Bring your fishing rod for the smallmouth.', true);
INSERT INTO public.river_outfitters (river_id, name, description, link, is_seed) VALUES ('flambeau', 'Flambeau River Lodge', 'North Fork Flambeau canoe and kayak outfitting, riverside camping', 'flambeauriverlodge.com', true);
INSERT INTO public.rivers (id, state_key, name, county, length, class, optimal_cfs, usgs_gauge, avg_cfs, hist_flow, map_x, map_y, description, designations, sections, filter_flags) VALUES ('kickapoo', 'wi', 'Kickapoo River', 'Vernon / Crawford Co.', '125 mi', 'I', '200–1,200', '05408000', 520, 468, 555, 175, 'Known as the ''crookedest river in the world,'' the Kickapoo meanders 125 miles through the Driftless Area of southwestern Wisconsin — a glacially unscathed landscape of towering sandstone bluffs and narrow valleys. Gentle Class I current and over 60 miles of canoeable water make it one of the best family paddling rivers in the Midwest.', 'Kickapoo Valley Reserve · Driftless Area', ARRAY['Ontario to Rockton — 15 mi, Class I, best Driftless bluffs','Rockton to La Farge — 12 mi, Class I, Kickapoo Valley Reserve','La Farge to Wauzeka — 30 mi, Class I, lower valley meanders'], '{"ww":false,"wild":false,"northwoods":false,"fishing":true}') ON CONFLICT (id) DO NOTHING;
INSERT INTO public.river_history (river_id, era, year, title, body, source, sort_order) VALUES ('kickapoo', 'native', 'Pre-contact', 'Ho-Chunk Homeland — Driftless Hills', 'The Kickapoo River valley was Ho-Chunk (Winnebago) territory for centuries. Despite the river''s name — derived from the Kickapoo people who briefly occupied the area — the Ho-Chunk were the primary inhabitants. The unglaciated Driftless terrain provided shelter in sandstone rock overhangs used for thousands of years.', 'Ho-Chunk Nation; Vernon County Historical Society', 0);
INSERT INTO public.river_history (river_id, era, year, title, body, source, sort_order) VALUES ('kickapoo', 'modern', '2000', 'Kickapoo Valley Reserve — Dam That Never Was', 'In 2000, the U.S. Army Corps of Engineers transferred the 8,569-acre La Farge Dam site to a joint state-Ho-Chunk partnership, creating the Kickapoo Valley Reserve. The dam, authorized in 1962 and partially constructed, was never completed due to environmental opposition — making the reserve a monument to river preservation.', 'Kickapoo Valley Reserve; Wisconsin DNR; Ho-Chunk Nation', 1);
INSERT INTO public.river_reviews (river_id, username, review_date, stars, body, is_seed) VALUES ('kickapoo', 'driftless_paddler_wi', 'Jul 2024', 5, 'Ontario to Rockton at 400 cfs — 300-foot sandstone bluffs around every bend. The Kickapoo earns the crookedest river title. Perfect family float.', true);
INSERT INTO public.river_reviews (river_id, username, review_date, stars, body, is_seed) VALUES ('kickapoo', 'kickapoo_canoe_regular', 'Aug 2024', 4, 'La Farge section through the Kickapoo Valley Reserve — bald eagles, sandhill cranes, and bluffs the whole way. Bring a cooler and take your time.', true);
INSERT INTO public.river_outfitters (river_id, name, description, link, is_seed) VALUES ('kickapoo', 'Drifty''s Canoe Rental', 'Kickapoo River canoe and kayak trips from Ontario', 'driftyscanoe.com', true);
INSERT INTO public.river_outfitters (river_id, name, description, link, is_seed) VALUES ('kickapoo', 'Mr. Duck''s Canoe Rental', 'Family float trips on the Kickapoo, La Farge', 'mrducks.com', true);
INSERT INTO public.rivers (id, state_key, name, county, length, class, optimal_cfs, usgs_gauge, avg_cfs, hist_flow, map_x, map_y, description, designations, sections, filter_flags) VALUES ('black_wi', 'wi', 'Black River', 'Clark / Jackson Co.', '190 mi', 'I–III', '300–3000', '05381000', 1800, 1620, 350, 180, 'Wisconsin''s Black River flows 190 miles from the pine forests of Clark County through the cranberry marshes of Jackson County to the Mississippi River at La Crosse. The upper river delivers fun Class II–III whitewater through sandstone gorges near Black River Falls; the lower river meanders through one of the world''s largest cranberry-growing regions. A diverse paddling experience from whitewater to prairie marsh.', 'Black River State Forest · Castle Mound Pine Forest SNA', ARRAY['Hatfield to Black River Falls — 30 mi, Class II–III, best whitewater','Black River Falls to Melrose — 40 mi, Class I–II, cranberry country','Melrose to La Crosse — 50 mi, Class I, Mississippi River bluffs'], '{"ww":true,"wild":false,"northwoods":false,"fishing":true}') ON CONFLICT (id) DO NOTHING;
INSERT INTO public.river_history (river_id, era, year, title, body, source, sort_order) VALUES ('black_wi', 'native', 'Pre-contact', 'Ho-Chunk Homeland — Black River Country', 'The Black River watershed was Ho-Chunk (Winnebago) territory for centuries. The river''s dark tannin-stained water gave it the name used by both Ho-Chunk and later European settlers. The Ho-Chunk maintained seasonal camps along the river for fishing and wild rice harvesting.', 'Ho-Chunk Nation; Jackson County Historical Society', 0);
INSERT INTO public.river_history (river_id, era, year, title, body, source, sort_order) VALUES ('black_wi', 'logging', '1850s–1900s', 'Pine Timber and Cranberry Bogs', 'The Black River was a major logging artery during Wisconsin''s pine era. After the timber was cut, the sandy marshlands were converted to cranberry bogs — the Black River corridor now produces a significant portion of Wisconsin''s cranberry crop, the state''s largest fruit crop.', 'Wisconsin Historical Society; Black River Falls Area Chamber of Commerce', 1);
INSERT INTO public.river_reviews (river_id, username, review_date, stars, body, is_seed) VALUES ('black_wi', 'wi_whitewater_paddler', 'May 2024', 4, 'Hatfield Dam to Black River Falls at 1,200 cfs — fun Class II–III through sandstone gorges. Wisconsin whitewater that most people don''t know about.', true);
INSERT INTO public.river_reviews (river_id, username, review_date, stars, body, is_seed) VALUES ('black_wi', 'cranberry_country_canoe', 'Jun 2024', 4, 'Below Black River Falls at 800 cfs — gentle float through cranberry country. Red bogs on both sides of the river in fall. Uniquely Wisconsin.', true);
INSERT INTO public.river_outfitters (river_id, name, description, link, is_seed) VALUES ('black_wi', 'Black River State Forest', 'Campgrounds, river access, and trail information', '', true);
INSERT INTO public.rivers (id, state_key, name, county, length, class, optimal_cfs, usgs_gauge, avg_cfs, hist_flow, map_x, map_y, description, designations, sections, filter_flags) VALUES ('pine_wi', 'wi', 'Pine River', 'Florence / Forest Co.', '50 mi', 'I–II', '200–1000', '04074950', 320, 288, 350, 180, 'A quiet Northwoods stream flowing through the Chequamegon-Nicolet National Forest in northeast Wisconsin. The Pine River offers intimate Class I–II paddling through old-growth pine and hemlock forests, with cold spring-fed water supporting wild brook trout. One of the most remote and least-visited paddling rivers in Wisconsin — solitude guaranteed.', 'Chequamegon-Nicolet National Forest', ARRAY['Chipmunk Rapids to Pine River — 15 mi, national forest headwaters','Pine River to Goodman — 20 mi, Class I–II, best paddling','Goodman to Menominee River — 15 mi, wider, approaching confluence'], '{"ww":false,"wild":false,"northwoods":true,"fishing":true}') ON CONFLICT (id) DO NOTHING;
INSERT INTO public.river_history (river_id, era, year, title, body, source, sort_order) VALUES ('pine_wi', 'native', 'Pre-contact', 'Menominee Homeland — Northwoods Pinery', 'The Pine River watershed was Menominee territory, and the old-growth white pine forests that gave the river its name were central to Menominee life. The Menominee Nation''s sustainable forestry practices preserved some of the last virgin pine stands in the Midwest.', 'Menominee Nation; Florence County Historical Society', 0);
INSERT INTO public.river_history (river_id, era, year, title, body, source, sort_order) VALUES ('pine_wi', 'modern', '1933', 'Chequamegon-Nicolet National Forest Established', 'The federal government established the Nicolet National Forest (now Chequamegon-Nicolet) in 1933, protecting the Pine River corridor and surrounding Northwoods from further logging and development after decades of unsustainable timber harvest.', 'USFS Chequamegon-Nicolet National Forest; Wisconsin DNR', 1);
INSERT INTO public.river_reviews (river_id, username, review_date, stars, body, is_seed) VALUES ('pine_wi', 'northwoods_paddler_wi', 'Jun 2024', 5, 'Pine River through the national forest at 250 cfs — old-growth hemlocks, wild brookies, and not another person for two days. This is Wisconsin''s most remote paddle.', true);
INSERT INTO public.river_reviews (river_id, username, review_date, stars, body, is_seed) VALUES ('pine_wi', 'ne_wi_kayaker', 'Jul 2024', 4, 'Goodman section at 200 cfs — narrow and intimate, pine-lined banks, cold water. Bring a fly rod for brook trout.', true);
INSERT INTO public.river_outfitters (river_id, name, description, link, is_seed) VALUES ('pine_wi', 'Chequamegon-Nicolet NF Ranger Station', 'River access maps, camping permits, and conditions', '', true);
INSERT INTO public.rivers (id, state_key, name, county, length, class, optimal_cfs, usgs_gauge, avg_cfs, hist_flow, map_x, map_y, description, designations, sections, filter_flags) VALUES ('wisconsin', 'wi', 'Wisconsin River', 'Marathon / Portage Co.', '430 mi', 'I–II', '2000–15000', '05401050', 8500, 7650, 350, 180, 'Wisconsin''s longest river — 430 miles from Lac Vieux Desert on the Michigan border to the Mississippi River at Prairie du Chien. The Wisconsin Dells section carved dramatic sandstone canyons during glacial lake outburst floods 15,000 years ago. Below the Dells, the lower Wisconsin flows free for 92 miles as one of the longest undammed stretches in the Midwest — a designated State Riverway with sandbars, eagles, and classic canoe camping.', 'Lower Wisconsin State Riverway · Wisconsin Dells', ARRAY['Wisconsin Dells — 5 mi, sandstone canyon, Class I–II','Sauk City to Spring Green — 30 mi, Lower Wisconsin Riverway, sandbars','Spring Green to Muscoda — 30 mi, wider, island camping','Muscoda to Prairie du Chien — 32 mi, Mississippi confluence'], '{"ww":false,"wild":false,"northwoods":false,"fishing":true}') ON CONFLICT (id) DO NOTHING;
INSERT INTO public.river_history (river_id, era, year, title, body, source, sort_order) VALUES ('wisconsin', 'native', 'Pre-contact', 'Ho-Chunk Homeland — Dells of the Wisconsin', 'The Wisconsin River was central Ho-Chunk territory, and the dramatic sandstone formations of the Dells were sacred sites. The Ho-Chunk name for the Dells translates to ''where the rocks strike together.'' The river was a major travel and trade corridor for thousands of years.', 'Ho-Chunk Nation; Wisconsin Historical Society', 0);
INSERT INTO public.river_history (river_id, era, year, title, body, source, sort_order) VALUES ('wisconsin', 'survey', '1989', 'Lower Wisconsin State Riverway Established', 'Wisconsin established the Lower Wisconsin State Riverway in 1989, protecting 92 miles of the river from Sauk City to the Mississippi River as one of the longest undammed stretches in the Midwest. The Riverway prohibits new development visible from the water.', 'Wisconsin DNR; Lower Wisconsin State Riverway Board', 1);
INSERT INTO public.river_reviews (river_id, username, review_date, stars, body, is_seed) VALUES ('wisconsin', 'wi_river_regular', 'Jul 2024', 5, 'Sauk City to Spring Green over two days at 5,000 cfs — massive sandbars, bald eagles on every snag, and the biggest sky in Wisconsin. The Lower Wisconsin Riverway is canoe camping perfection.', true);
INSERT INTO public.river_reviews (river_id, username, review_date, stars, body, is_seed) VALUES ('wisconsin', 'dells_paddler', 'Aug 2024', 4, 'Wisconsin Dells section at 6,000 cfs — sandstone canyon carved by glacial floods. Dramatic scenery you wouldn''t expect in Wisconsin.', true);
INSERT INTO public.river_outfitters (river_id, name, description, link, is_seed) VALUES ('wisconsin', 'Wisconsin River Outings', 'Canoe and kayak rentals for Lower Wisconsin Riverway trips', '', true);
INSERT INTO public.rivers (id, state_key, name, county, length, class, optimal_cfs, usgs_gauge, avg_cfs, hist_flow, map_x, map_y, description, designations, sections, filter_flags) VALUES ('upper_iowa', 'ia', 'Upper Iowa River', 'Allamakee / Winneshiek Co.', '135 mi', 'I–II', '300–2,000', '05388250', 680, 612, 510, 195, 'Iowa''s finest paddling river winds through the Driftless Area — a region the glaciers missed, leaving 400-foot limestone bluffs, cold trout streams, and forested ridges unlike anything else in the state. The Upper Iowa carves through towering dolomite cliffs, past caves, and over gravel bars in a landscape that looks more like the Ozarks than the Corn Belt.', 'Iowa Scenic River · Driftless Area National Wildlife Refuge', ARRAY['Kendallville to Bluffton — 25 mi, best bluffs section','Bluffton to Decorah — 30 mi, coldwater trout reach','Decorah to Upper Iowa Access — 15 mi, Class I–II riffles','Upper Iowa to Mississippi confluence — 30 mi, wide valley'], '{"scenic":true,"fishing":true,"prairie":false,"bluffs":true}') ON CONFLICT (id) DO NOTHING;
INSERT INTO public.river_history (river_id, era, year, title, body, source, sort_order) VALUES ('upper_iowa', 'native', 'Pre-contact', 'Ho-Chunk and Dakota Territory — Driftless Bluffs', 'The Upper Iowa River valley was home to the Ho-Chunk (Winnebago) people for centuries before European contact. Effigy mounds along the bluffs — some in the shapes of bears and birds — date to 500–1000 CE and are among the most significant archaeological sites in the Midwest. The Dakota also utilized the valley seasonally.', 'Effigy Mounds National Monument; Iowa Office of the State Archaeologist', 0);
INSERT INTO public.river_history (river_id, era, year, title, body, source, sort_order) VALUES ('upper_iowa', 'modern', '2005', 'Driftless Area Conservation Initiative', 'A multi-state conservation partnership recognized the Driftless Area as one of the most ecologically unique landscapes in the Midwest. The Upper Iowa River corridor became a focal point for coldwater habitat restoration, native trout recovery, and sustainable agriculture practices on the surrounding karst landscape.', 'USFWS Driftless Area National Wildlife Refuge; Iowa DNR', 1);
INSERT INTO public.river_reviews (river_id, username, review_date, stars, body, is_seed) VALUES ('upper_iowa', 'driftless_paddler', 'Jun 2024', 5, 'Kendallville to Bluffton at 500 cfs — 400-foot limestone bluffs towering over the river. Spotted a peregrine falcon nesting on the cliff face. Best day paddle in Iowa by a mile.', true);
INSERT INTO public.river_reviews (river_id, username, review_date, stars, body, is_seed) VALUES ('upper_iowa', 'decorah_angler', 'Jul 2024', 4, 'Trout fishing the cold tributaries near Decorah at low water. Wild browns in every pool. The Driftless Area is a hidden gem.', true);
INSERT INTO public.river_outfitters (river_id, name, description, link, is_seed) VALUES ('upper_iowa', 'Hruska Canoe Livery', 'Upper Iowa River canoe and kayak rentals from Kendallville to Decorah', 'hruskacanoelivery.com', true);
INSERT INTO public.river_outfitters (river_id, name, description, link, is_seed) VALUES ('upper_iowa', 'Randy''s Bluffton Store', 'Shuttle service, camping, and river info at Bluffton', 'blufftoniowa.com', true);
INSERT INTO public.rivers (id, state_key, name, county, length, class, optimal_cfs, usgs_gauge, avg_cfs, hist_flow, map_x, map_y, description, designations, sections, filter_flags) VALUES ('yellow_ia', 'ia', 'Yellow River State Forest', 'Allamakee Co.', '40 mi', 'I–II', '100–600', '05389000', 280, 252, 530, 185, 'Iowa''s most remote paddling corridor flows through the 8,500-acre Yellow River State Forest — the largest contiguous forest in the state. Cold-water trout streams, rugged Driftless Area topography, and virtually no development create a wilderness experience unique in Iowa. The Paint Creek Unit offers the most secluded backcountry camping in the state.', 'Yellow River State Forest · Iowa Coldwater Trout Stream', ARRAY['Yellow River main stem — 20 mi, narrow forest corridor','Paint Creek tributary — 10 mi, backcountry trout stream'], '{"scenic":true,"fishing":true,"prairie":false,"bluffs":true}') ON CONFLICT (id) DO NOTHING;
INSERT INTO public.river_history (river_id, era, year, title, body, source, sort_order) VALUES ('yellow_ia', 'native', 'Pre-contact', 'Ho-Chunk Forest Territory', 'The Yellow River forest was Ho-Chunk (Winnebago) territory, valued for its abundant game, hardwood forests, and cold springs. The rugged terrain of the Driftless Area made this one of the last areas in Iowa to be settled by European Americans, preserving much of its original character.', 'Iowa Office of the State Archaeologist; Allamakee County Historical Society', 0);
INSERT INTO public.river_history (river_id, era, year, title, body, source, sort_order) VALUES ('yellow_ia', 'modern', '1935', 'Yellow River State Forest Established', 'Iowa acquired the core of what would become Yellow River State Forest during the Great Depression, when marginal farmland was returned to forest. The Civilian Conservation Corps (CCC) planted thousands of trees and built the infrastructure that still serves the forest today. It has grown to 8,500 acres — Iowa''s largest state forest.', 'Iowa DNR Forestry Division; CCC Legacy Project', 1);
INSERT INTO public.river_reviews (river_id, username, review_date, stars, body, is_seed) VALUES ('yellow_ia', 'iowa_trout_bum', 'May 2024', 4, 'Paint Creek at 150 cfs — wild brown trout in every pool. The forest is gorgeous in spring. Feels like you left Iowa entirely.', true);
INSERT INTO public.river_reviews (river_id, username, review_date, stars, body, is_seed) VALUES ('yellow_ia', 'quiet_water_ia', 'Jun 2024', 4, 'Yellow River through the state forest at 200 cfs — narrow, wooded, peaceful. Saw a barred owl at dusk. Best overnight paddle spot in Iowa.', true);
INSERT INTO public.river_outfitters (river_id, name, description, link, is_seed) VALUES ('yellow_ia', 'Yellow River State Forest Office', 'Camping permits, trail maps, and river conditions', 'iowadnr.gov/Places-to-Go/State-Forests/Yellow-River', true);
INSERT INTO public.rivers (id, state_key, name, county, length, class, optimal_cfs, usgs_gauge, avg_cfs, hist_flow, map_x, map_y, description, designations, sections, filter_flags) VALUES ('maquoketa', 'ia', 'Maquoketa River', 'Jones / Jackson Co.', '150 mi', 'I–III', '400–2,500', '05418500', 1200, 1080, 550, 200, 'The Maquoketa carves through the most dramatic gorge in Iowa at Backbone State Park — Iowa''s oldest state park (1920), where 90-foot dolomite bluffs line a narrow Class II–III canyon. Below the gorge, the river widens through rolling farmland and hardwood bottomlands to the Mississippi. A surprisingly diverse paddling experience for the Corn Belt.', 'Backbone State Park · Iowa Water Trail', ARRAY['Backbone State Park gorge — 5 mi, Class II–III, dramatic canyon','Manchester to Monticello — 40 mi, Class I–II riffles and pools','Monticello to Maquoketa — 50 mi, wide prairie river'], '{"scenic":true,"fishing":true,"prairie":true,"bluffs":false}') ON CONFLICT (id) DO NOTHING;
INSERT INTO public.river_history (river_id, era, year, title, body, source, sort_order) VALUES ('maquoketa', 'native', 'Pre-contact', 'Meskwaki Territory — ''Bear River''', 'The Maquoketa River valley was Meskwaki (Fox) territory. The name ''Maquoketa'' derives from a Meskwaki word meaning ''bear river.'' The limestone caves and bluffs along the river were used for shelter and ceremony. The Meskwaki were forcibly removed in the 1840s but uniquely purchased their own land in Tama County, Iowa — one of the only tribes in American history to buy back their homeland.', 'Meskwaki Nation; Iowa Office of the State Archaeologist', 0);
INSERT INTO public.river_history (river_id, era, year, title, body, source, sort_order) VALUES ('maquoketa', 'modern', '1920', 'Backbone State Park — Iowa''s First', 'Backbone State Park, established in 1920, was Iowa''s first state park — created specifically to protect the dramatic Maquoketa River gorge and its 90-foot dolomite bluffs. The CCC built the park''s iconic stone structures in the 1930s, many of which are still in use.', 'Iowa DNR State Parks; Iowa State Preserves Board', 1);
INSERT INTO public.river_history (river_id, era, year, title, body, source, sort_order) VALUES ('maquoketa', 'survey', '2010', 'Maquoketa River Water Trail Designation', 'Iowa DNR designated the Maquoketa as an official state water trail, establishing access points, signage, and a paddling guide covering 150 miles from Backbone to the Mississippi.', 'Iowa DNR Water Trails Program', 2);
INSERT INTO public.river_reviews (river_id, username, review_date, stars, body, is_seed) VALUES ('maquoketa', 'backbone_kayaker', 'May 2024', 5, 'Backbone gorge at 800 cfs — the 90-foot bluffs are unreal for Iowa. Class II–III rapids through the canyon with great eddy service. Hidden gem of Midwest paddling.', true);
INSERT INTO public.river_reviews (river_id, username, review_date, stars, body, is_seed) VALUES ('maquoketa', 'prairie_paddler_ia', 'Jul 2024', 4, 'Manchester to Monticello at 1,000 cfs — fun Class I–II riffles, good smallmouth fishing, scenic farmland valley. Easy two-day float.', true);
INSERT INTO public.river_outfitters (river_id, name, description, link, is_seed) VALUES ('maquoketa', 'Backbone State Park', 'Camping, cabins, and river access in the gorge area', 'iowadnr.gov/Places-to-Go/State-Parks/Backbone', true);
INSERT INTO public.river_outfitters (river_id, name, description, link, is_seed) VALUES ('maquoketa', 'Maquoketa River Paddle Sports', 'Kayak and canoe rentals for water trail sections', 'maquoketariverpaddlesports.com', true);
INSERT INTO public.rivers (id, state_key, name, county, length, class, optimal_cfs, usgs_gauge, avg_cfs, hist_flow, map_x, map_y, description, designations, sections, filter_flags) VALUES ('cedar_ia', 'ia', 'Cedar River', 'Black Hawk Co.', '300 mi', 'I', '500–4,000', '05464500', 3200, 2880, 530, 195, 'Iowa''s longest interior river stretches 300 miles through the agricultural heartland, passing through Cedar Falls, Waterloo, and Cedar Rapids. Broad riffles, wooded islands, and surprisingly diverse fisheries make the Cedar a year-round paddling destination and one of Iowa''s most accessible water trails.', 'Iowa Water Trail · Cedar River Greenbelt', ARRAY['Austin MN to Charles City — 60 mi, upper headwaters','Charles City to Waterloo — 80 mi, Class I riffles and parks','Waterloo to Cedar Rapids — 80 mi, wide prairie river','Cedar Rapids to Columbus Junction — 80 mi, lower valley'], '{"scenic":true,"fishing":true,"prairie":true,"bluffs":false}') ON CONFLICT (id) DO NOTHING;
INSERT INTO public.river_history (river_id, era, year, title, body, source, sort_order) VALUES ('cedar_ia', 'native', 'Pre-contact', 'Meskwaki and Sauk Territory — River of the Red Cedars', 'The Cedar River was named for the red cedar trees that once lined its banks, which were harvested by the Meskwaki (Fox) and Sauk peoples for lodge poles and ceremonial uses. The Meskwaki Settlement near Tama — one of the only tribally purchased reservations in America — lies in the Cedar River watershed.', 'Meskwaki Nation; Iowa Office of the State Archaeologist', 0);
INSERT INTO public.river_history (river_id, era, year, title, body, source, sort_order) VALUES ('cedar_ia', 'modern', '2008', 'Great Flood of 2008 — Cedar River Devastation', 'The Cedar River reached historic flood levels in June 2008, inundating downtown Cedar Rapids under 10 feet of water. The disaster reshaped Iowa''s approach to floodplain management and led to the largest urban flood mitigation project in state history.', 'USGS; City of Cedar Rapids', 1);
INSERT INTO public.river_reviews (river_id, username, review_date, stars, body, is_seed) VALUES ('cedar_ia', 'cedar_valley_paddle', 'Jun 2024', 4, 'Waterloo to La Porte City at 2,000 cfs — wide, easy Class I with great smallmouth fishing. Cedar River water trail is well-marked and accessible.', true);
INSERT INTO public.river_reviews (river_id, username, review_date, stars, body, is_seed) VALUES ('cedar_ia', 'ia_river_runner', 'Jul 2024', 4, 'Palisades-Kepler section near Cedar Rapids at 1,500 cfs — limestone bluffs and wooded islands. Surprisingly scenic for a prairie river.', true);
INSERT INTO public.river_outfitters (river_id, name, description, link, is_seed) VALUES ('cedar_ia', 'Cedar Valley Paddlesports', 'Kayak and canoe rentals for Cedar River water trail', '', true);
INSERT INTO public.rivers (id, state_key, name, county, length, class, optimal_cfs, usgs_gauge, avg_cfs, hist_flow, map_x, map_y, description, designations, sections, filter_flags) VALUES ('des_moines', 'ia', 'Des Moines River', 'Humboldt / Polk Co.', '525 mi', 'I', '1,000–8,000', '05481650', 5400, 4860, 490, 210, 'Iowa''s capital city river flows 525 miles from Minnesota to the Mississippi, passing through Fort Dodge, Des Moines, and Ottumwa. The Ledges State Park section features stunning sandstone canyon walls, while the Des Moines metro reach has been transformed into a world-class urban water trail.', 'Iowa Water Trail · Ledges State Park · Des Moines Water Trails', ARRAY['Upper — Humboldt to Fort Dodge, 70 mi, prairie headwaters','Ledges State Park — Boone area, sandstone canyons','Des Moines metro — urban water trail with dam bypasses','Lower — Ottumwa to Keokuk, wide valley to Mississippi'], '{"scenic":true,"fishing":true,"prairie":true,"bluffs":true}') ON CONFLICT (id) DO NOTHING;
INSERT INTO public.river_history (river_id, era, year, title, body, source, sort_order) VALUES ('des_moines', 'native', 'Pre-contact', 'Ioway People — River of the Mounds', 'The Des Moines River takes its name from the French ''Riviere des Moines,'' likely a corruption of the Peoria-Illinois word for the Moingwena people. The Ioway (Baxoje) Nation claimed much of the watershed as homeland, with villages and burial mounds lining the river corridor for millennia.', 'Iowa Office of the State Archaeologist; Ioway Cultural Institute', 0);
INSERT INTO public.river_history (river_id, era, year, title, body, source, sort_order) VALUES ('des_moines', 'modern', '2016', 'Des Moines Water Trails Vision', 'The city of Des Moines launched a $117 million Water Trails plan to transform the downtown river corridor with whitewater features, portage routes around low-head dams, and riverfront parks — one of the most ambitious urban river restoration projects in America.', 'Des Moines Water Trails; City of Des Moines', 1);
INSERT INTO public.river_reviews (river_id, username, review_date, stars, body, is_seed) VALUES ('des_moines', 'dsm_urban_paddle', 'Aug 2024', 4, 'Downtown Des Moines water trail at 3,000 cfs — the new dam bypasses make the capital city section actually paddleable. Urban river revival at its finest.', true);
INSERT INTO public.river_reviews (river_id, username, review_date, stars, body, is_seed) VALUES ('des_moines', 'ledges_hiker', 'Jun 2024', 5, 'Ledges State Park section at 2,500 cfs — sandstone canyon walls rising 100 feet above the river. Best scenery on the Des Moines by far.', true);
INSERT INTO public.river_outfitters (river_id, name, description, link, is_seed) VALUES ('des_moines', 'Des Moines Water Trails Outfitters', 'Kayak rentals and guided urban paddles on the Des Moines River', '', true);
INSERT INTO public.rivers (id, state_key, name, county, length, class, optimal_cfs, usgs_gauge, avg_cfs, hist_flow, map_x, map_y, description, designations, sections, filter_flags) VALUES ('wapsipinicon', 'ia', 'Wapsipinicon River', 'Jones / Buchanan Co.', '225 mi', 'I–II', '200–1,500', '05421000', 980, 882, 540, 195, 'A 225-mile journey from prairie headwaters to the Driftless edge, the Wapsipinicon passes through some of Iowa''s most varied terrain. Limestone outcrops, wooded bluffs, and gentle riffles characterize this underappreciated Iowa water trail that flows past Wapsipinicon State Park near Anamosa.', 'Iowa Water Trail · Wapsipinicon State Park', ARRAY['Upper — Independence to Quasqueton, 40 mi, prairie riffles','Middle — Quasqueton to Anamosa, 50 mi, bluff country','Lower — Anamosa to Dixon, 60 mi, wide prairie valley'], '{"scenic":true,"fishing":true,"prairie":true,"bluffs":true}') ON CONFLICT (id) DO NOTHING;
INSERT INTO public.river_history (river_id, era, year, title, body, source, sort_order) VALUES ('wapsipinicon', 'native', 'Pre-contact', 'Meskwaki Territory — White Potato River', 'Wapsipinicon derives from the Meskwaki words for ''white potato'' or ''artichoke,'' referencing the Jerusalem artichokes that grew abundantly along its banks. The river corridor was central Meskwaki territory, used for hunting, gathering, and seasonal camps.', 'Meskwaki Nation; Jones County Historical Society', 0);
INSERT INTO public.river_history (river_id, era, year, title, body, source, sort_order) VALUES ('wapsipinicon', 'modern', '2015', 'Wapsipinicon Water Trail Designation', 'Iowa DNR designated the Wapsipinicon as an official state water trail, establishing access points and signage along 225 miles from Independence to the Mississippi River.', 'Iowa DNR Water Trails Program', 1);
INSERT INTO public.river_reviews (river_id, username, review_date, stars, body, is_seed) VALUES ('wapsipinicon', 'wapsi_paddler', 'May 2024', 4, 'Quasqueton to Troy Mills at 600 cfs — limestone bluffs, riffles, great smallmouth water. Underrated Iowa paddle.', true);
INSERT INTO public.river_reviews (river_id, username, review_date, stars, body, is_seed) VALUES ('wapsipinicon', 'jones_co_kayak', 'Jul 2024', 4, 'Wapsipinicon State Park section at 400 cfs — wooded bluffs and easy Class I riffles. Perfect day trip near Anamosa.', true);
INSERT INTO public.river_outfitters (river_id, name, description, link, is_seed) VALUES ('wapsipinicon', 'Wapsipinicon Paddle Rentals', 'Canoe and kayak rentals for Wapsipinicon water trail sections', '', true);
INSERT INTO public.rivers (id, state_key, name, county, length, class, optimal_cfs, usgs_gauge, avg_cfs, hist_flow, map_x, map_y, description, designations, sections, filter_flags) VALUES ('turkey', 'ia', 'Turkey River', 'Winneshiek / Clayton Co.', '160 mi', 'I', '200–1,500', '05412500', 720, 648, 535, 185, 'Flowing 160 miles through the heart of Iowa''s Driftless Area, the Turkey River winds beneath towering limestone bluffs and through deep hardwood valleys that escaped glaciation. The lower reaches near Elkader and Garber feature some of the most dramatic bluff scenery in the Midwest.', 'Iowa Water Trail · Driftless Area', ARRAY['Upper — Cresco to Fort Atkinson, 40 mi, rolling hills','Middle — Fort Atkinson to Elkader, 50 mi, deepening valley','Lower — Elkader to Mississippi, 50 mi, limestone bluffs'], '{"scenic":true,"fishing":true,"prairie":false,"bluffs":true}') ON CONFLICT (id) DO NOTHING;
INSERT INTO public.river_history (river_id, era, year, title, body, source, sort_order) VALUES ('turkey', 'native', 'Pre-contact', 'Ho-Chunk and Dakota Territory — Driftless Heartland', 'The Turkey River watershed was shared territory between the Ho-Chunk (Winnebago) and Dakota peoples. The Driftless Area''s rugged, unglaciated terrain provided shelter, game, and cold-water fisheries unlike the surrounding prairies.', 'Iowa Office of the State Archaeologist; Winneshiek County Historical Society', 0);
INSERT INTO public.river_history (river_id, era, year, title, body, source, sort_order) VALUES ('turkey', 'modern', '2019', 'Turkey River Water Trail Expansion', 'Iowa DNR expanded the Turkey River Water Trail with new access points and camping areas, connecting 160 miles from Cresco to the Mississippi River at the Driftless Area''s edge.', 'Iowa DNR Water Trails Program; Clayton County Conservation', 1);
INSERT INTO public.river_reviews (river_id, username, review_date, stars, body, is_seed) VALUES ('turkey', 'driftless_explorer', 'Jun 2024', 5, 'Elkader to Garber at 500 cfs — 300-foot limestone bluffs, eagles soaring overhead. This stretch rivals the Upper Iowa for scenery.', true);
INSERT INTO public.river_reviews (river_id, username, review_date, stars, body, is_seed) VALUES ('turkey', 'ne_iowa_paddle', 'Jul 2024', 4, 'Motor Mill to Elkport at 400 cfs — historic stone mill ruins, wooded bluffs, great smallmouth fishing. Quiet and scenic.', true);
INSERT INTO public.river_outfitters (river_id, name, description, link, is_seed) VALUES ('turkey', 'Turkey River Canoe Rental', 'Canoe and kayak shuttle service for Turkey River water trail', '', true);
INSERT INTO public.rivers (id, state_key, name, county, length, class, optimal_cfs, usgs_gauge, avg_cfs, hist_flow, map_x, map_y, description, designations, sections, filter_flags) VALUES ('volga', 'ia', 'Volga River', 'Fayette / Clayton Co.', '50 mi', 'I', '100–600', '05412400', 220, 198, 535, 190, 'A small, intimate Driftless stream flowing through the 5,500-acre Volga River State Recreation Area in northeast Iowa. The Volga offers quiet-water paddling through wooded valleys, past limestone outcrops, and alongside some of Iowa''s best public land for hiking and mountain biking.', 'Volga River State Recreation Area', ARRAY['Volga River SRA — 15 mi, state recreation area corridor','Lower Volga — SRA to Turkey River confluence, 20 mi, farm valley'], '{"scenic":true,"fishing":true,"prairie":false,"bluffs":true}') ON CONFLICT (id) DO NOTHING;
INSERT INTO public.river_history (river_id, era, year, title, body, source, sort_order) VALUES ('volga', 'native', 'Pre-contact', 'Ho-Chunk Hunting Grounds', 'The Volga River valley served as Ho-Chunk (Winnebago) hunting territory within the broader Driftless Area landscape. The small, sheltered valley provided reliable game and cold-water springs year-round.', 'Iowa Office of the State Archaeologist; Fayette County Historical Society', 0);
INSERT INTO public.river_history (river_id, era, year, title, body, source, sort_order) VALUES ('volga', 'modern', '1964', 'Volga River State Recreation Area Established', 'Iowa established the 5,500-acre Volga River State Recreation Area, creating one of the largest blocks of public land in northeast Iowa and preserving the Volga River corridor for recreation and conservation.', 'Iowa DNR; Fayette County Conservation Board', 1);
INSERT INTO public.river_reviews (river_id, username, review_date, stars, body, is_seed) VALUES ('volga', 'volga_valley_kayak', 'May 2024', 4, 'Volga River SRA at 200 cfs — small and intimate, wooded bluffs, perfect for a quiet morning paddle. Northeast Iowa gem.', true);
INSERT INTO public.river_reviews (river_id, username, review_date, stars, body, is_seed) VALUES ('volga', 'fayette_co_paddle', 'Jun 2024', 3, 'Lower Volga at 150 cfs — a bit scrappy at low water but peaceful scenery through the farm valley. Good trout stream tributaries.', true);
INSERT INTO public.river_outfitters (river_id, name, description, link, is_seed) VALUES ('volga', 'Volga River SRA Office', 'Camping permits, trail maps, and river access information', '', true);
INSERT INTO public.rivers (id, state_key, name, county, length, class, optimal_cfs, usgs_gauge, avg_cfs, hist_flow, map_x, map_y, description, designations, sections, filter_flags) VALUES ('current', 'mo', 'Current River', 'Shannon / Carter Co.', '134 mi', 'I–II', '400–2,000', '07067000', 1200, 1080, 530, 280, 'The jewel of the Ozarks — a spring-fed river of astonishing clarity flowing through the Ozark National Scenic Riverways, America''s first federally protected riverway (NPS, 1964). Big Spring, the largest single-outlet spring in North America, pours 286 million gallons per day of 58°F water into the Current. The result is a river that runs cold and clear year-round, even in the driest Missouri summers.', 'Ozark National Scenic Riverways (NPS, 1964) · National Natural Landmark', ARRAY['Montauk to Cedar Grove — 30 mi, upper trout water','Cedar Grove to Akers Ferry — 25 mi, classic Ozark float','Akers to Pulltite — 20 mi, springs and bluffs','Big Spring to Van Buren — 15 mi, massive spring entry'], '{"ww":false,"scenic":true,"ozark":true,"spring":true}') ON CONFLICT (id) DO NOTHING;
INSERT INTO public.river_history (river_id, era, year, title, body, source, sort_order) VALUES ('current', 'native', 'Pre-contact', 'Osage Territory — Spring-Fed Ozark Heartland', 'The Current River watershed was Osage Nation territory for centuries. The Osage people utilized the river''s springs, caves, and game-rich forests. The dozens of large springs along the Current were sacred sites — their constant temperature and clarity were understood as connections to the underworld. European displacement of the Osage accelerated after the Louisiana Purchase (1803).', 'Osage Nation Historic Preservation; Ozark National Scenic Riverways NPS', 0);
INSERT INTO public.river_history (river_id, era, year, title, body, source, sort_order) VALUES ('current', 'survey', '1964', 'Ozark National Scenic Riverways — America''s First', 'President Lyndon Johnson signed legislation creating the Ozark National Scenic Riverways — the first national park unit in the U.S. dedicated to protecting a river system. The designation covers 134 miles of the Current and Jacks Fork rivers, including Big Spring, Alley Spring, and Round Spring.', 'National Park Service; Ozark National Scenic Riverways', 1);
INSERT INTO public.river_history (river_id, era, year, title, body, source, sort_order) VALUES ('current', 'modern', '2020', 'Big Spring — Largest in North America', 'Hydrological studies confirmed Big Spring as the largest single-outlet spring in North America, averaging 286 million gallons per day. The spring''s aquifer extends across four counties, making it one of the most significant karst groundwater systems on the continent.', 'USGS Missouri Water Science Center; NPS', 2);
INSERT INTO public.river_documents (river_id, title, source, year, doc_type, pages, url) VALUES ('current', 'Ozark National Scenic Riverways General Management Plan', 'NPS', 2014, 'Federal', 320, 'https://parkplanning.nps.gov/showFile.cfm?sfid=197677&projectID=15793');
INSERT INTO public.river_reviews (river_id, username, review_date, stars, body, is_seed) VALUES ('current', 'ozark_spring_chaser', 'Jun 2024', 5, 'Akers to Pulltite at 800 cfs — swam in three springs, water so clear you can count pebbles at 15 feet. Big Spring is otherworldly. Best float in Missouri.', true);
INSERT INTO public.river_reviews (river_id, username, review_date, stars, body, is_seed) VALUES ('current', 'stl_weekend_paddler', 'Jul 2024', 5, 'Montauk to Cedar Grove at 600 cfs — caught rainbow trout on every riffle. Spring-fed water stays cold even in July. National treasure.', true);
INSERT INTO public.river_outfitters (river_id, name, description, link, is_seed) VALUES ('current', 'Akers Ferry Canoe Rental', 'Current River canoe, kayak, and tube rentals with NPS camping', 'akersferrycanoe.com', true);
INSERT INTO public.river_outfitters (river_id, name, description, link, is_seed) VALUES ('current', 'Jadwin Canoe Rental', 'Multi-day float trip outfitter on the Current and Jacks Fork', 'jadwincanoe.com', true);
INSERT INTO public.rivers (id, state_key, name, county, length, class, optimal_cfs, usgs_gauge, avg_cfs, hist_flow, map_x, map_y, description, designations, sections, filter_flags) VALUES ('eleven_point', 'mo', 'Eleven Point River', 'Oregon Co.', '44 mi', 'I–II', '300–1,500', '07071500', 580, 522, 550, 295, 'The most pristine river in the Ozarks — 44 miles of National Wild & Scenic River flowing through a roadless corridor of old-growth forest, towering bluffs, and spring-fed tributaries. Greer Spring, the second-largest spring in Missouri, adds 220 million gallons per day of crystal-clear water. Far less crowded than the Current, the Eleven Point offers the closest thing to true Ozark wilderness paddling.', 'National Wild & Scenic River (1968) · Mark Twain National Forest', ARRAY['Thomasville to Greer Crossing — 15 mi, upper reach with Greer Spring entry','Greer Crossing to Riverton — 14 mi, best Wild & Scenic corridor','Riverton to Hwy 142 — 15 mi, lower canyon'], '{"ww":false,"scenic":true,"ozark":true,"spring":true}') ON CONFLICT (id) DO NOTHING;
INSERT INTO public.river_history (river_id, era, year, title, body, source, sort_order) VALUES ('eleven_point', 'native', 'Pre-contact', 'Osage Hunting Grounds — Remote Ozark Interior', 'The Eleven Point River valley lay in the remote interior of Osage territory — rugged terrain that saw seasonal hunting expeditions rather than permanent settlement. The river''s isolation preserved its wildness long after surrounding areas were developed.', 'Osage Nation; Mark Twain National Forest Heritage Program', 0);
INSERT INTO public.river_history (river_id, era, year, title, body, source, sort_order) VALUES ('eleven_point', 'modern', '1968', 'Original Wild & Scenic Designation', 'The Eleven Point was one of the original eight rivers designated under the National Wild & Scenic Rivers Act of 1968. Its inclusion alongside the St. Croix, Middle Fork Salmon, and other iconic rivers reflects the extraordinary quality of the Eleven Point corridor — often called the most pristine river east of the Rockies.', 'USFS Mark Twain National Forest; National Wild & Scenic Rivers Council', 1);
INSERT INTO public.river_documents (river_id, title, source, year, doc_type, pages, url) VALUES ('eleven_point', 'Eleven Point Wild & Scenic River Management Plan', 'USFS Mark Twain NF', 2005, 'Federal', 148, 'https://rivers.gov/documents/plans/eleven-point-management-direction.pdf');
INSERT INTO public.river_reviews (river_id, username, review_date, stars, body, is_seed) VALUES ('eleven_point', 'wildscenic_mo', 'May 2024', 5, 'Greer Crossing to Riverton at 450 cfs — the most pristine river I have paddled east of the Rockies. No crowds, no development, just Ozark bluffs and spring-fed water. Greer Spring is jaw-dropping.', true);
INSERT INTO public.river_reviews (river_id, username, review_date, stars, body, is_seed) VALUES ('eleven_point', 'ozark_solitude', 'Jun 2024', 5, 'Three-day float, Thomasville to 142. Saw one other canoe in three days. Old-growth shortleaf pines on the bluffs. This is what the Ozarks looked like 200 years ago.', true);
INSERT INTO public.river_outfitters (river_id, name, description, link, is_seed) VALUES ('eleven_point', 'Eleven Point Canoe Rental', 'Float trips and shuttles on the Eleven Point', 'elevenpointcanoe.com', true);
INSERT INTO public.rivers (id, state_key, name, county, length, class, optimal_cfs, usgs_gauge, avg_cfs, hist_flow, map_x, map_y, description, designations, sections, filter_flags) VALUES ('st_francis', 'mo', 'St. Francis River', 'Madison Co.', '20 mi', 'II–IV', '400–2,500', '07037500', 820, 738, 550, 270, 'Missouri''s best whitewater — the St. Francis carves through Precambrian rhyolite at Millstream Gardens Conservation Area, creating a dramatic series of Class III–IV drops through billion-year-old igneous rock. Cat''s Eye, Double Drop, and Rickety Rack are the marquee rapids on this geologically unique river. The exposed St. Francois Mountains rhyolite is among the oldest exposed rock in North America.', 'Millstream Gardens Conservation Area · Missouri Natural Area', ARRAY['Millstream Gardens — 3 mi, Class III–IV, main whitewater run','Silver Mines to Millstream — 8 mi, Class II lead-in','Below Millstream to Hwy H — 9 mi, Class I–II cooldown'], '{"ww":true,"scenic":true,"ozark":true,"spring":false}') ON CONFLICT (id) DO NOTHING;
INSERT INTO public.river_history (river_id, era, year, title, body, source, sort_order) VALUES ('st_francis', 'native', 'Pre-contact', 'Osage Territory — Ancient Mountains', 'The St. Francois Mountains — the exposed core of a 1.5-billion-year-old volcanic range — were Osage territory. The unique geology created rapids and waterfalls unlike anything else in the Ozarks. The Osage valued the region for its mineral resources, including galena (lead) deposits that would later attract French and American miners.', 'Osage Nation; Missouri Department of Conservation', 0);
INSERT INTO public.river_history (river_id, era, year, title, body, source, sort_order) VALUES ('st_francis', 'logging', '1700s–1860s', 'French Lead Mining on the St. Francis', 'French explorers discovered rich lead deposits in the St. Francois Mountains in the early 1700s. Mine La Motte, established in 1723, was one of the first European mining operations west of the Mississippi. The St. Francis River served as the transport corridor for ore moving to the Mississippi.', 'Missouri Historical Society; Madison County Historical Society', 1);
INSERT INTO public.river_history (river_id, era, year, title, body, source, sort_order) VALUES ('st_francis', 'modern', '1980', 'Millstream Gardens Conservation Area', 'The Missouri Department of Conservation established Millstream Gardens Conservation Area to protect the most dramatic whitewater reach on the St. Francis. The area preserves exposed Precambrian rhyolite — the oldest rock in Missouri — and provides public access to the state''s premier whitewater run.', 'Missouri Department of Conservation', 2);
INSERT INTO public.river_reviews (river_id, username, review_date, stars, body, is_seed) VALUES ('st_francis', 'mo_whitewater', 'Mar 2024', 5, 'Millstream Gardens at 1,200 cfs — Cat''s Eye was pumping, Double Drop was huge. Paddling through billion-year-old rock formations. Best whitewater in Missouri and it''s not close.', true);
INSERT INTO public.river_reviews (river_id, username, review_date, stars, body, is_seed) VALUES ('st_francis', 'stl_kayak_club', 'Apr 2024', 4, 'Silver Mines to Millstream at 700 cfs — fun Class II warm-up before the main event. The rhyolite gorge is visually stunning. Bring a helmet and a roll.', true);
INSERT INTO public.river_outfitters (river_id, name, description, link, is_seed) VALUES ('st_francis', 'Millstream Gardens Access', 'Free public access maintained by Missouri Dept of Conservation', 'mdc.mo.gov/discover-nature/places/millstream-gardens-ca', true);
INSERT INTO public.rivers (id, state_key, name, county, length, class, optimal_cfs, usgs_gauge, avg_cfs, hist_flow, map_x, map_y, description, designations, sections, filter_flags) VALUES ('jacks_fork', 'mo', 'Jacks Fork River', 'Shannon / Texas Co.', '55 mi', 'I–II', '200–1,500', '07065200', 420, 378, 535, 275, 'The Jacks Fork is the wilder, more remote sister of the Current River — both part of the Ozark National Scenic Riverways (NPS). Crystal-clear spring-fed water flows through towering dolomite bluffs and deep forests with minimal development. Multi-day float trips on the Jacks Fork offer some of the most pristine paddling in the Ozarks.', 'Ozark National Scenic Riverways (NPS, 1964)', ARRAY['Buck Hollow to Alley Spring — 16 mi, Class I–II, best bluffs section','Alley Spring to Eminence — 10 mi, Class I, spring-fed clarity','Eminence to Two Rivers — 12 mi, Class I, Current River confluence'], '{"ww":false,"scenic":true,"ozark":true,"spring":true}') ON CONFLICT (id) DO NOTHING;
INSERT INTO public.river_history (river_id, era, year, title, body, source, sort_order) VALUES ('jacks_fork', 'native', 'Pre-contact', 'Osage Territory — Deep Ozark Hollows', 'The Jacks Fork watershed lay deep within Osage territory in the rugged Ozark interior. The steep hollows and dense forest made the area one of the most remote in the region. Archaeological evidence of seasonal hunting camps has been found in bluff shelters along the river.', 'Ozark National Scenic Riverways NPS; Missouri Archaeological Society', 0);
INSERT INTO public.river_history (river_id, era, year, title, body, source, sort_order) VALUES ('jacks_fork', 'survey', '1964', 'Ozark National Scenic Riverways — First National Riverway', 'The Jacks Fork and Current River became the nation''s first federally protected riverway in 1964, establishing the precedent for the National Wild & Scenic Rivers Act four years later. Alley Spring and its iconic red mill became symbols of Ozark heritage preservation.', 'National Park Service; Ozark National Scenic Riverways Archives', 1);
INSERT INTO public.river_reviews (river_id, username, review_date, stars, body, is_seed) VALUES ('jacks_fork', 'ozark_float_trips', 'May 2024', 5, 'Two days on the Jacks Fork from Buck Hollow — bluffs around every bend, springs pouring out of the hillside, and not another soul for miles. This is the real Ozarks.', true);
INSERT INTO public.river_reviews (river_id, username, review_date, stars, body, is_seed) VALUES ('jacks_fork', 'mo_canoe_club', 'Jun 2024', 4, 'Alley Spring to Eminence at 350 cfs — the spring itself is jaw-dropping. Crystal water the whole float. Quieter than the Current and just as beautiful.', true);
INSERT INTO public.river_outfitters (river_id, name, description, link, is_seed) VALUES ('jacks_fork', 'Jacks Fork Canoe Rental', 'NPS-authorized canoe and kayak outfitter, Eminence', 'jacksforkcanoe.com', true);
INSERT INTO public.river_outfitters (river_id, name, description, link, is_seed) VALUES ('jacks_fork', 'Alley Spring Outfitters', 'Float trips and camping near Alley Spring', 'alleyspringoutfitters.com', true);
INSERT INTO public.rivers (id, state_key, name, county, length, class, optimal_cfs, usgs_gauge, avg_cfs, hist_flow, map_x, map_y, description, designations, sections, filter_flags) VALUES ('meramec', 'mo', 'Meramec River', 'Crawford / Franklin Co.', '218 mi', 'I–III', '500–3,000', '07019000', 2200, 1980, 545, 260, 'Missouri''s most popular paddling river — 218 miles from the Ozark highlands to the Mississippi near St. Louis. The Meramec flows past Onondaga Cave, through Meramec State Park, and over Class I–III rapids in the upper reaches. Its proximity to St. Louis makes it the gateway river for Ozark paddling.', 'Meramec State Park · Onondaga Cave State Park · Missouri Scenic River candidate', ARRAY['Meramec Spring to Meramec State Park — 25 mi, Class I–II, spring-fed headwaters','Meramec State Park to Sullivan — 20 mi, Class I–II, cave country','Sullivan to Pacific — 40 mi, Class I, lower valley','Upper Meramec — Steelville to Meramec Spring, 15 mi, Class II–III'], '{"ww":true,"scenic":true,"ozark":true,"spring":false}') ON CONFLICT (id) DO NOTHING;
INSERT INTO public.river_history (river_id, era, year, title, body, source, sort_order) VALUES ('meramec', 'native', 'Pre-contact', 'Osage Territory — Cave Country', 'The Meramec River valley was Osage territory, and the river''s name derives from a Miami-Illinois word meaning ''catfish.'' The extensive cave systems along the Meramec — including Onondaga, Fisher, and Meramec Caverns — were used by indigenous peoples for shelter and ceremony for thousands of years.', 'Missouri Archaeological Society; Meramec State Park', 0);
INSERT INTO public.river_history (river_id, era, year, title, body, source, sort_order) VALUES ('meramec', 'modern', '1978', 'Meramec Dam Defeated — River Preserved', 'In a landmark 1978 referendum, Missouri voters overwhelmingly rejected a proposed Army Corps of Engineers dam on the Meramec at Times Beach. The vote preserved the free-flowing character of the river and became a turning point for river conservation in the Midwest.', 'Missouri Historical Society; Open Space Council of St. Louis', 1);
INSERT INTO public.river_reviews (river_id, username, review_date, stars, body, is_seed) VALUES ('meramec', 'stl_river_runner', 'May 2024', 5, 'Meramec Spring to the state park at 1,500 cfs — spring-fed clarity, fun Class II riffles, and Onondaga Cave at the takeout. Best day trip from St. Louis, hands down.', true);
INSERT INTO public.river_reviews (river_id, username, review_date, stars, body, is_seed) VALUES ('meramec', 'mo_weekend_float', 'Jun 2024', 4, 'Upper Meramec from Steelville at 2,000 cfs — legitimate Class II–III drops in the first few miles. The Meramec has more whitewater than people think.', true);
INSERT INTO public.river_outfitters (river_id, name, description, link, is_seed) VALUES ('meramec', 'Meramec State Park Canoe Rental', 'Canoe and kayak rentals at the state park, Sullivan', 'mostateparks.com/park/meramec-state-park', true);
INSERT INTO public.river_outfitters (river_id, name, description, link, is_seed) VALUES ('meramec', 'Ozark Outdoors Riverfront Resort', 'Meramec River float trips, camping, and cabins near Leasburg', 'ozarkoutdoors.net', true);
INSERT INTO public.rivers (id, state_key, name, county, length, class, optimal_cfs, usgs_gauge, avg_cfs, hist_flow, map_x, map_y, description, designations, sections, filter_flags) VALUES ('big_mo', 'mo', 'Big River', 'Iron / Jefferson Co.', '135 mi', 'I–II', '200–1500', '07018500', 680, 612, 540, 310, 'A 135-mile Ozark river flowing through Missouri''s historic Lead Belt — past abandoned mines, forested hills, and the bluffs of Washington State Park. The Big River offers gentle Class I–II paddling through a landscape shaped by two centuries of lead mining. Despite its industrial past, the river has recovered remarkably, with clear water, gravel bars, and good smallmouth bass fishing throughout the lower reaches.', 'Washington State Park · Missouri State Water Trail', ARRAY['Bonne Terre to Washington SP — 40 mi, Lead Belt corridor, mining heritage','Washington SP to Cedar Hill — 40 mi, scenic bluffs, best paddling','Cedar Hill to Meramec confluence — 55 mi, wider river, easier access'], '{"ww":false,"scenic":true,"ozark":true,"spring":false}') ON CONFLICT (id) DO NOTHING;
INSERT INTO public.river_history (river_id, era, year, title, body, source, sort_order) VALUES ('big_mo', 'native', 'Pre-contact', 'Osage Territory — Lead and Mineral Country', 'The Big River watershed was Osage territory, rich in lead and mineral deposits that indigenous peoples mined for centuries before European contact. French explorers discovered the lead deposits in the early 1700s, triggering Missouri''s first mining boom.', 'Missouri Archaeological Society; Washington State Park', 0);
INSERT INTO public.river_history (river_id, era, year, title, body, source, sort_order) VALUES ('big_mo', 'logging', '1720–1972', 'Missouri Lead Belt — Two Centuries of Mining', 'The Big River corridor was the center of Missouri''s lead mining industry for over 250 years. The St. Joe Lead Company and its successors extracted millions of tons of lead, leaving a legacy of mine tailings and contamination that cleanup efforts continue to address.', 'Missouri DNR; Lead Belt Regional Museum', 1);
INSERT INTO public.river_reviews (river_id, username, review_date, stars, body, is_seed) VALUES ('big_mo', 'mo_ozark_paddler', 'May 2024', 4, 'Washington State Park section at 600 cfs — petroglyphs on the bluffs, clear water, fun Class I–II riffles. The Big River has cleaned up nicely.', true);
INSERT INTO public.river_reviews (river_id, username, review_date, stars, body, is_seed) VALUES ('big_mo', 'stl_day_tripper', 'Jun 2024', 4, 'Cedar Hill to Byrnes Mill at 800 cfs — easy float, great smallmouth fishing, surprisingly scenic for being so close to St. Louis.', true);
INSERT INTO public.river_outfitters (river_id, name, description, link, is_seed) VALUES ('big_mo', 'Big River Canoe Rental', 'Canoe and kayak rentals for Big River float trips, Cedar Hill', '', true);
INSERT INTO public.rivers (id, state_key, name, county, length, class, optimal_cfs, usgs_gauge, avg_cfs, hist_flow, map_x, map_y, description, designations, sections, filter_flags) VALUES ('gasconade', 'mo', 'Gasconade River', 'Pulaski / Gasconade Co.', '280 mi', 'I–II', '300–3000', '06933500', 1800, 1620, 540, 310, 'The longest river entirely within Missouri — 280 miles from the Ozark Plateau to the Missouri River at Gasconade. The Gasconade is a classic Ozark float stream with spring-fed tributaries, gravel bars, limestone bluffs, and excellent smallmouth bass fishing. Less crowded than the Current or Meramec, the Gasconade rewards paddlers with solitude and authentic Ozark scenery.', 'Missouri Scenic River · Missouri State Water Trail', ARRAY['Waynesville to Jerome — 40 mi, upper spring-fed, clear water','Jerome to Gasconade — 80 mi, scenic bluffs, prime floating','Gasconade to Missouri River — 60 mi, wider, lower valley'], '{"ww":false,"scenic":true,"ozark":true,"spring":true}') ON CONFLICT (id) DO NOTHING;
INSERT INTO public.river_history (river_id, era, year, title, body, source, sort_order) VALUES ('gasconade', 'native', 'Pre-contact', 'Osage Territory — Ozark Interior', 'The Gasconade River valley was core Osage territory, and the river''s name may derive from the French word for ''braggart'' — possibly a reference to boastful French trappers or to the Osage themselves. The river provided a critical corridor through the Ozark interior.', 'Osage Nation; Pulaski County Historical Society', 0);
INSERT INTO public.river_history (river_id, era, year, title, body, source, sort_order) VALUES ('gasconade', 'survey', '1808', 'Lewis and Clark Expedition — Gasconade Mouth Noted', 'The Lewis and Clark Expedition noted the Gasconade River''s mouth on the Missouri River during their 1804 westward journey. The Gasconade was already known as a significant interior waterway and was later surveyed for potential navigation improvement.', 'Lewis and Clark Journals; Missouri Historical Society', 1);
INSERT INTO public.river_reviews (river_id, username, review_date, stars, body, is_seed) VALUES ('gasconade', 'gasconade_regular', 'Jun 2024', 5, 'Jerome to Gasconade over three days at 800 cfs — gravel bars, limestone bluffs, smallmouth on every cast. The Gasconade is the most underrated float in Missouri.', true);
INSERT INTO public.river_reviews (river_id, username, review_date, stars, body, is_seed) VALUES ('gasconade', 'mo_canoe_camper', 'Jul 2024', 4, 'Waynesville section at 500 cfs — spring-fed clear water, fun riffles, and nobody else on the river. This is what Missouri floating should be.', true);
INSERT INTO public.river_outfitters (river_id, name, description, link, is_seed) VALUES ('gasconade', 'Gasconade Hills Resort', 'Canoe and kayak rentals, riverside camping on the Gasconade', '', true);
INSERT INTO public.rivers (id, state_key, name, county, length, class, optimal_cfs, usgs_gauge, avg_cfs, hist_flow, map_x, map_y, description, designations, sections, filter_flags) VALUES ('north_fork_white', 'mo', 'North Fork White River', 'Ozark / Howell Co.', '100 mi', 'I–II', '200–1200', '07057500', 520, 468, 540, 310, 'Missouri''s premier Blue-Ribbon trout stream — the North Fork of the White River is fed by massive springs including Blue Spring (one of Missouri''s largest) that maintain cold, crystal-clear water year-round. The river flows through the Mark Twain National Forest in the heart of the Ozarks, offering gentle paddling through a world-class coldwater fishery.', 'Missouri Blue-Ribbon Trout Stream · Mark Twain National Forest', ARRAY['Topaz Spring to Twin Bridges — 20 mi, headwaters, intimate','Twin Bridges to Dawt Mill — 30 mi, Blue Spring run, prime trout water','Dawt Mill to Norfork Lake — 30 mi, wider, classic Ozark float'], '{"ww":false,"scenic":true,"ozark":true,"spring":true}') ON CONFLICT (id) DO NOTHING;
INSERT INTO public.river_history (river_id, era, year, title, body, source, sort_order) VALUES ('north_fork_white', 'native', 'Pre-contact', 'Osage Territory — Spring-Fed Ozarks', 'The North Fork watershed was Osage territory, and the massive springs that feed the river sustained game and fish populations that made the area prime hunting grounds. Blue Spring, discharging over 7 million gallons daily, was a sacred site of exceptional importance.', 'Osage Nation; Ozark County Historical Society', 0);
INSERT INTO public.river_history (river_id, era, year, title, body, source, sort_order) VALUES ('north_fork_white', 'modern', '1995', 'Blue-Ribbon Trout Stream Designation', 'Missouri designated the North Fork a Blue-Ribbon Trout Stream, recognizing its exceptional coldwater fishery sustained by massive spring inputs. The North Fork supports wild rainbow and brown trout populations with some of the highest densities in the Ozarks.', 'Missouri Department of Conservation; Trout Unlimited', 1);
INSERT INTO public.river_reviews (river_id, username, review_date, stars, body, is_seed) VALUES ('north_fork_white', 'ozark_fly_fisher', 'Apr 2024', 5, 'Twin Bridges to Dawt Mill at 400 cfs — Blue Spring pumping crystal water into the main stem. Caught browns on nymphs all day. The North Fork is Missouri''s best trout stream, no contest.', true);
INSERT INTO public.river_reviews (river_id, username, review_date, stars, body, is_seed) VALUES ('north_fork_white', 'mo_spring_paddler', 'May 2024', 4, 'Dawt Mill section at 600 cfs — gorgeous Ozark scenery, cold clear water even in May. Historic Dawt Mill is worth the stop. Bring a fly rod.', true);
INSERT INTO public.river_outfitters (river_id, name, description, link, is_seed) VALUES ('north_fork_white', 'Dawt Mill Resort', 'Historic mill, canoe rentals, and riverside camping on the North Fork', '', true);
INSERT INTO public.rivers (id, state_key, name, county, length, class, optimal_cfs, usgs_gauge, avg_cfs, hist_flow, map_x, map_y, description, designations, sections, filter_flags) VALUES ('buffalo', 'ar', 'Buffalo National River', 'Newton / Searcy Co.', '135 mi', 'I–III', '400–3,000', '07055646', 680, 612, 530, 340, 'America''s first National River — designated by Congress in 1972 to prevent the Army Corps of Engineers from damming this Ozark masterpiece. 135 miles of free-flowing water through towering limestone bluffs, past ancient bluff shelters, and over gravel bars backed by old-growth hardwood forest. The Buffalo is the crown jewel of southern paddling — wild, undammed, and flowing exactly as it has for millennia.', 'Buffalo National River (NPS, 1972) · National Natural Landmark', ARRAY['Boxley Valley to Ponca — 10 mi, elk viewing, Class I','Ponca to Pruitt — 11 mi, Class II–III, best whitewater','Pruitt to Hasty — 15 mi, big bluffs and swimming holes','Tyler Bend to Gilbert — 20 mi, NPS visitor center, multi-day camping'], '{"ww":true,"scenic":true,"ozark":true,"spring":true}') ON CONFLICT (id) DO NOTHING;
INSERT INTO public.river_history (river_id, era, year, title, body, source, sort_order) VALUES ('buffalo', 'native', 'Pre-contact', 'Osage and Caddo Territory — Bluff Shelter Culture', 'The Buffalo River bluffs contain hundreds of rock shelters used by indigenous peoples for at least 10,000 years. The Osage controlled the northern Ozarks while Caddo influence extended from the south. Archaeological excavations at bluff shelters along the Buffalo have yielded some of the most significant pre-Columbian artifacts in the Ozark region.', 'Arkansas Archeological Survey; Buffalo National River NPS', 0);
INSERT INTO public.river_history (river_id, era, year, title, body, source, sort_order) VALUES ('buffalo', 'survey', '1972', 'America''s First National River', 'After a decade-long battle against a proposed Army Corps of Engineers dam at Lone Rock, Congress designated the Buffalo as America''s first National River on March 1, 1972. Dr. Neil Compton and the Ozark Society led the campaign that established the precedent for river preservation nationwide. The Buffalo proved that a free-flowing river had more value than a reservoir.', 'National Park Service; Ozark Society; Dr. Neil Compton Papers', 1);
INSERT INTO public.river_history (river_id, era, year, title, body, source, sort_order) VALUES ('buffalo', 'modern', '2015', 'Elk Restoration Success — Boxley Valley Herd', 'Arkansas Game & Fish Commission''s elk restoration program, which reintroduced Rocky Mountain elk to the Buffalo River headwaters in the 1980s, has produced a thriving herd of over 500 animals in the Boxley Valley. The morning mist over Boxley with elk grazing alongside the Buffalo has become an iconic Arkansas image.', 'Arkansas Game & Fish Commission; Buffalo National River NPS', 2);
INSERT INTO public.river_documents (river_id, title, source, year, doc_type, pages, url) VALUES ('buffalo', 'Buffalo River Management Plan', 'NPS', 1996, 'Federal', 290, 'https://rivers.gov/sites/rivers/files/documents/plans/buffalo-plan.pdf');
INSERT INTO public.river_documents (river_id, title, source, year, doc_type, pages, url) VALUES ('buffalo', 'Buffalo National River Foundation Document', 'NPS', 2018, 'Federal', 88, 'https://npshistory.com/publications/foundation-documents/buff-fd-2018.pdf');
INSERT INTO public.river_reviews (river_id, username, review_date, stars, body, is_seed) VALUES ('buffalo', 'ozark_paddler_ar', 'Apr 2024', 5, 'Ponca to Pruitt at 1,200 cfs — Big Bluff towering 500 feet above, Class II–III rapids, and a bald eagle circling overhead. This is why they saved it from the dam. America deserves this river.', true);
INSERT INTO public.river_reviews (river_id, username, review_date, stars, body, is_seed) VALUES ('buffalo', 'buffalo_multi_day', 'May 2024', 5, 'Five days from Steel Creek to Gilbert at 800 cfs. Gravel bar camping every night, stars like you would not believe. Saw elk at dawn in Boxley. Best river trip in the South.', true);
INSERT INTO public.river_outfitters (river_id, name, description, link, is_seed) VALUES ('buffalo', 'Buffalo Outdoor Center', 'Full-service outfitter with cabins, canoe/kayak rentals, and zip lines at Ponca', 'buffaloriver.com', true);
INSERT INTO public.river_outfitters (river_id, name, description, link, is_seed) VALUES ('buffalo', 'Lost Valley Canoe & Lodging', 'Upper Buffalo float trips and riverside cabins near Ponca', 'lostvalleycanoe.com', true);
INSERT INTO public.rivers (id, state_key, name, county, length, class, optimal_cfs, usgs_gauge, avg_cfs, hist_flow, map_x, map_y, description, designations, sections, filter_flags) VALUES ('cossatot', 'ar', 'Cossatot River', 'Polk Co.', '15 mi', 'III–V', '300–2,000', '07340300', 520, 468, 500, 355, 'Arkansas''s premier whitewater — the Cossatot drops through the Ouachita Mountains in a series of continuous Class IV–V boulder gardens and ledge drops. The name comes from a French corruption of a Caddo phrase meaning ''skull crusher.'' Cossatot Falls, a 15-foot ledge drop into a violent hydraulic, is the most feared rapid in the state. Rain-dependent and remote, the Cossatot rewards those who chase it with some of the best technical whitewater in the South.', 'Cossatot River State Park — Natural Area · Arkansas Natural Heritage Commission', ARRAY['Cossatot Falls section — 4 mi, Class IV–V, expert only','Sandbar to Ed Banks — 5 mi, Class III–IV','Upper Cossatot — above falls, Class II–III warm-up'], '{"ww":true,"scenic":true,"ozark":false,"spring":false}') ON CONFLICT (id) DO NOTHING;
INSERT INTO public.river_history (river_id, era, year, title, body, source, sort_order) VALUES ('cossatot', 'native', 'Pre-contact', 'Caddo Territory — ''Skull Crusher'' River', 'The Cossatot River lies in the heart of ancestral Caddo territory in the Ouachita Mountains. The river''s name derives from a French rendering of a Caddo phrase meaning ''skull crusher'' — a reference to the violent rapids that made the river impassable by canoe. The Caddo Confederacy controlled this region for centuries before forced removal to Oklahoma in the 1830s.', 'Caddo Nation of Oklahoma; Arkansas Archeological Survey', 0);
INSERT INTO public.river_history (river_id, era, year, title, body, source, sort_order) VALUES ('cossatot', 'modern', '1988', 'Cossatot River State Park Established', 'Arkansas established Cossatot River State Park — Natural Area to protect 12 miles of the river corridor, including Cossatot Falls and the surrounding old-growth forest. The park preserves one of the most ecologically diverse river corridors in the Ouachita Mountains.', 'Arkansas State Parks; Arkansas Natural Heritage Commission', 1);
INSERT INTO public.river_reviews (river_id, username, review_date, stars, body, is_seed) VALUES ('cossatot', 'ar_class_v', 'Mar 2024', 5, 'Cossatot at 1,500 cfs after spring rains — Cossatot Falls was terrifying and beautiful. Continuous Class IV below. Best whitewater day in Arkansas, maybe the whole South.', true);
INSERT INTO public.river_reviews (river_id, username, review_date, stars, body, is_seed) VALUES ('cossatot', 'ouachita_kayaker', 'Feb 2024', 4, 'Sandbar section at 600 cfs — technical Class III–IV through the boulder gardens. Remote, challenging, and gorgeous Ouachita Mountain scenery. Check the gauge before you drive.', true);
INSERT INTO public.river_outfitters (river_id, name, description, link, is_seed) VALUES ('cossatot', 'Cossatot River State Park — Natural Area', 'River access, camping, and trail information', 'arkansasstateparks.com/cossatotriver', true);
INSERT INTO public.rivers (id, state_key, name, county, length, class, optimal_cfs, usgs_gauge, avg_cfs, hist_flow, map_x, map_y, description, designations, sections, filter_flags) VALUES ('mulberry', 'ar', 'Mulberry River', 'Franklin / Crawford Co.', '56 mi', 'II–III', '400–3,000', '07252000', 680, 612, 510, 345, 'The Mulberry is Arkansas''s most popular whitewater river — 56 miles of Ozark Highland beauty flowing through the Ozark National Forest. Designated a National Wild & Scenic study river, the Mulberry delivers fun Class II–III rapids through forested mountain valleys with towering hardwoods and spring wildflowers. Rain-dependent but worth the chase, it offers the perfect balance of accessible whitewater and Ozark scenery.', 'National Wild & Scenic candidate · Ozark National Forest', ARRAY['Wolf Pen to Turner Bend — 10 mi, Class II–III, most popular section','Turner Bend to Campbell Cemetery — 12 mi, Class II, scenic float','Redding to Wolf Pen — 15 mi, upper reach, Class I–II','Campbell Cemetery to Mulberry — 19 mi, lower valley'], '{"ww":true,"scenic":true,"ozark":true,"spring":false}') ON CONFLICT (id) DO NOTHING;
INSERT INTO public.river_history (river_id, era, year, title, body, source, sort_order) VALUES ('mulberry', 'native', 'Pre-contact', 'Osage Hunting Territory — Ozark Highlands', 'The Mulberry River valley lay within the Osage Nation''s Ozark hunting grounds. The rich hardwood forests of the Ozark Highlands supported abundant game — deer, elk, bear, and turkey. The Osage utilized the river corridors as seasonal travel routes through the rugged terrain. Their displacement began with the Louisiana Purchase and accelerated through the 1808 and 1818 treaties.', 'Osage Nation; Ozark National Forest Heritage Program', 0);
INSERT INTO public.river_history (river_id, era, year, title, body, source, sort_order) VALUES ('mulberry', 'modern', '1992', 'National Wild & Scenic Study Designation', 'Congress authorized a Wild & Scenic River study for the Mulberry, recognizing its outstanding recreational, scenic, and ecological values. While formal designation has not yet been achieved, the study status has provided a measure of protection against development threats.', 'USFS Ozark-St. Francis National Forest; American Rivers', 1);
INSERT INTO public.river_history (river_id, era, year, title, body, source, sort_order) VALUES ('mulberry', 'survey', '2010', 'Mulberry River Watershed Restoration', 'A multi-agency partnership launched a comprehensive watershed restoration initiative addressing gravel mining, riparian buffer restoration, and water quality improvement. The Mulberry has seen measurable improvements in clarity and aquatic habitat since the program began.', 'Arkansas Game & Fish Commission; USFS; The Nature Conservancy', 2);
INSERT INTO public.river_reviews (river_id, username, review_date, stars, body, is_seed) VALUES ('mulberry', 'ar_whitewater_club', 'Apr 2024', 5, 'Wolf Pen to Turner Bend at 1,500 cfs — perfect Class II–III water. Every rapid is fun, the forest is blooming, and Turner Bend campground is the best river takeout in the Ozarks.', true);
INSERT INTO public.river_reviews (river_id, username, review_date, stars, body, is_seed) VALUES ('mulberry', 'weekend_ozark_paddler', 'Mar 2024', 4, 'Mulberry at 800 cfs after rains — caught it just right. Continuous riffles and Class II drops with spring wildflowers on every hillside. Check the gauge and be ready to go when it rains.', true);
INSERT INTO public.river_outfitters (river_id, name, description, link, is_seed) VALUES ('mulberry', 'Turner Bend Outfitter', 'Mulberry River canoe and kayak rentals, camping, and a riverside general store', 'turnerbend.com', true);
INSERT INTO public.river_outfitters (river_id, name, description, link, is_seed) VALUES ('mulberry', 'Byrd''s Adventure Center', 'Float trips, camping, and cabins on the Mulberry', 'byrdsadventurecenter.com', true);
INSERT INTO public.rivers (id, state_key, name, county, length, class, optimal_cfs, usgs_gauge, avg_cfs, hist_flow, map_x, map_y, description, designations, sections, filter_flags) VALUES ('war_eagle', 'ar', 'War Eagle Creek', 'Madison / Benton Co.', '62 mi', 'I–II', '200–1,500', '07049000', 480, 432, 510, 320, 'A scenic Ozark gem in northwest Arkansas, War Eagle Creek winds past the historic War Eagle Mill and through limestone bluffs in the heart of the rapidly growing Fayetteville-Bentonville corridor. Rain-dependent but beautiful when running, with easy Class I–II rapids and clear spring-fed water.', 'War Eagle Creek Natural Area · Hobbs State Park corridor', ARRAY['Hindsville to War Eagle Mill — 15 mi, Class I–II, best section','War Eagle Mill to Beaver Lake — 10 mi, Class I, scenic flatwater'], '{"ww":true,"scenic":true,"ozark":true,"spring":false}') ON CONFLICT (id) DO NOTHING;
INSERT INTO public.river_history (river_id, era, year, title, body, source, sort_order) VALUES ('war_eagle', 'native', 'Pre-contact', 'Osage Territory — Ozark Headwaters', 'War Eagle Creek flows through what was Osage hunting territory in the Ozark Highlands. The creek''s name derives from a Cherokee leader, War Eagle, who settled in the area after the Trail of Tears. The surrounding hills contain numerous bluff shelters with evidence of thousands of years of indigenous habitation.', 'Arkansas Archeological Survey; Benton County Historical Society', 0);
INSERT INTO public.river_history (river_id, era, year, title, body, source, sort_order) VALUES ('war_eagle', 'modern', '1973', 'War Eagle Mill Restoration', 'The historic War Eagle Mill, originally built in 1832 and destroyed multiple times by war and flood, was reconstructed in 1973 as a working water-powered grist mill. It remains the only operating undershot waterwheel mill in the country and hosts the annual War Eagle Craft Fair, drawing over 100,000 visitors.', 'War Eagle Mill; Madison County Historical Society', 1);
INSERT INTO public.river_reviews (river_id, username, review_date, stars, body, is_seed) VALUES ('war_eagle', 'nwa_paddler', 'Apr 2024', 5, 'Hindsville to War Eagle Mill at 600 cfs after spring rains — crystal water, limestone bluffs, and the old mill at the takeout. Best short float in northwest Arkansas.', true);
INSERT INTO public.river_reviews (river_id, username, review_date, stars, body, is_seed) VALUES ('war_eagle', 'ozark_creek_chaser', 'Mar 2024', 4, 'War Eagle at 400 cfs — scrapy but pretty. You have to catch it right after rain. The bluffs above the mill are gorgeous.', true);
INSERT INTO public.river_outfitters (river_id, name, description, link, is_seed) VALUES ('war_eagle', 'War Eagle Creek Outfitters', 'Canoe and kayak rentals with shuttle service near Hindsville', 'wareaglecreekoutfitters.com', true);
INSERT INTO public.rivers (id, state_key, name, county, length, class, optimal_cfs, usgs_gauge, avg_cfs, hist_flow, map_x, map_y, description, designations, sections, filter_flags) VALUES ('big_piney', 'ar', 'Big Piney Creek', 'Pope / Johnson Co.', '60 mi', 'I–III', '300–2,500', '07257006', 580, 522, 520, 340, 'Big Piney Creek delivers some of the best whitewater in the Ozarks when rain brings it up — continuous Class II–III rapids through a forested canyon in the Ozark Highlands. The Hector to Long Pool section is a classic Arkansas creek run, with sandstone bluffs, clear water, and a wilderness feel just off the interstate.', 'Ozark National Forest · Big Piney Creek Natural Area', ARRAY['Hector to Long Pool — 12 mi, Class II–III, premier whitewater run','Fort Douglas to Hector — 15 mi, Class I–II, upper section','Long Pool to AR-164 — 20 mi, Class I, scenic lower valley'], '{"ww":true,"scenic":true,"ozark":true,"spring":false}') ON CONFLICT (id) DO NOTHING;
INSERT INTO public.river_history (river_id, era, year, title, body, source, sort_order) VALUES ('big_piney', 'native', 'Pre-contact', 'Osage Hunting Grounds — Highland Ozarks', 'Big Piney Creek''s remote canyon was part of the Osage Nation''s extensive Ozark hunting territory. The dense forests and steep terrain made the area difficult to settle, preserving its wilderness character long after surrounding areas were cleared for agriculture.', 'Osage Nation; Ozark National Forest Heritage Program', 0);
INSERT INTO public.river_history (river_id, era, year, title, body, source, sort_order) VALUES ('big_piney', 'modern', '1988', 'Big Piney Creek Natural Area Designation', 'The Arkansas Natural Heritage Commission designated Big Piney Creek as a Natural Area, recognizing the outstanding water quality and biological diversity of the watershed. The creek supports diverse aquatic life including the Ozark hellbender salamander and smallmouth bass fishery.', 'Arkansas Natural Heritage Commission; Ozark National Forest', 1);
INSERT INTO public.river_reviews (river_id, username, review_date, stars, body, is_seed) VALUES ('big_piney', 'ar_creek_boater', 'Mar 2024', 5, 'Hector to Long Pool at 1,200 cfs — nonstop Class II–III through the canyon. Sandstone walls, clear green water, and no one else out there. This is Arkansas whitewater at its best.', true);
INSERT INTO public.river_reviews (river_id, username, review_date, stars, body, is_seed) VALUES ('big_piney', 'ozark_weekend_warrior', 'Apr 2024', 4, 'Big Piney at 800 cfs — caught it on the drop. Fun Class II+ the whole way with a few legit Class III ledges. Check the gauge and go when it rains.', true);
INSERT INTO public.river_outfitters (river_id, name, description, link, is_seed) VALUES ('big_piney', 'Ozark Outdoor Supply', 'Kayak and canoe rentals for Big Piney Creek trips from Hector', 'ozarkoutdoorsupply.com', true);
INSERT INTO public.river_outfitters (river_id, name, description, link, is_seed) VALUES ('big_piney', 'Long Pool Recreation Area', 'USFS campground and river access at the takeout', 'fs.usda.gov/recarea/ozark/recarea/?recid=10983', true);
INSERT INTO public.rivers (id, state_key, name, county, length, class, optimal_cfs, usgs_gauge, avg_cfs, hist_flow, map_x, map_y, description, designations, sections, filter_flags) VALUES ('kings_ar', 'ar', 'Kings River', 'Madison / Carroll Co.', '90 mi', 'I–III', '200–2000', '07050500', 520, 468, 530, 340, 'Arkansas''s only Natural State Scenic River — 90 miles of Ozark Highland beauty from the Boston Mountains to the White River at Table Rock Lake. The Kings delivers fun Class I–III whitewater through forested valleys with towering bluffs, clear pools, and excellent smallmouth bass fishing. Rain-dependent but consistent enough to be Arkansas''s most paddled Ozark stream.', 'Arkansas Natural State Scenic River · Ozark Highlands', ARRAY['Boston to Trigger Gap — 20 mi, Class II–III, best whitewater','Trigger Gap to Marshall Ford — 30 mi, Class I–II, scenic canyon','Marshall Ford to Berryville — 40 mi, Class I, wider valley'], '{"ww":true,"scenic":true,"ozark":true,"spring":false}') ON CONFLICT (id) DO NOTHING;
INSERT INTO public.river_history (river_id, era, year, title, body, source, sort_order) VALUES ('kings_ar', 'native', 'Pre-contact', 'Osage Territory — Ozark Highland Rivers', 'The Kings River watershed was Osage hunting territory in the Ozark Highlands. The river''s clear, spring-fed tributaries and remote valleys sustained game populations that the Osage relied upon for centuries before European contact.', 'Osage Nation; Madison County Historical Society', 0);
INSERT INTO public.river_history (river_id, era, year, title, body, source, sort_order) VALUES ('kings_ar', 'modern', '1987', 'Arkansas Natural State Scenic River Designation', 'Arkansas designated the Kings River a Natural State Scenic River in 1987, recognizing its outstanding water quality, scenic beauty, and ecological significance as one of the last undammed rivers in the Ozark Highlands.', 'Arkansas Natural Heritage Commission; Arkansas Game & Fish Commission', 1);
INSERT INTO public.river_reviews (river_id, username, review_date, stars, body, is_seed) VALUES ('kings_ar', 'ozark_paddler_ar', 'Mar 2024', 5, 'Boston to Trigger Gap at 800 cfs — continuous Class II–III through the canyon. Bluffs, clear water, and not another soul in sight. The Kings is Arkansas''s best-kept whitewater secret.', true);
INSERT INTO public.river_reviews (river_id, username, review_date, stars, body, is_seed) VALUES ('kings_ar', 'nwa_weekend_float', 'Apr 2024', 4, 'Trigger Gap section at 500 cfs — fun Class II riffles, great smallmouth fishing, beautiful Ozark scenery. Perfect spring float.', true);
INSERT INTO public.river_outfitters (river_id, name, description, link, is_seed) VALUES ('kings_ar', 'Kings River Outfitters', 'Canoe and kayak rentals for Kings River float trips', '', true);
INSERT INTO public.rivers (id, state_key, name, county, length, class, optimal_cfs, usgs_gauge, avg_cfs, hist_flow, map_x, map_y, description, designations, sections, filter_flags) VALUES ('illinois_bayou', 'ar', 'Illinois Bayou', 'Pope Co.', '40 mi', 'I–III', '200–1500', '07257500', 380, 342, 520, 340, 'A rain-dependent Ozark creek that delivers excellent whitewater when running. Illinois Bayou drops through the Ozark Highlands in Pope County with continuous Class II–III rapids, sandstone bluffs, and forested canyon scenery. When the gauge is up, this is some of the best creek boating in Arkansas — technical, scenic, and uncrowded.', 'Ozark National Forest · Ozark Highlands Trail', ARRAY['Hector to Scottsville — 15 mi, Class II–III, best whitewater','Scottsville to Russellville — 25 mi, Class I–II, wider valley'], '{"ww":true,"scenic":true,"ozark":true,"spring":false}') ON CONFLICT (id) DO NOTHING;
INSERT INTO public.river_history (river_id, era, year, title, body, source, sort_order) VALUES ('illinois_bayou', 'native', 'Pre-contact', 'Osage Hunting Grounds — Highland Creeks', 'Illinois Bayou''s remote canyon was part of the Osage Nation''s highland hunting territory. The dense hardwood forests and steep terrain preserved the area''s wilderness character long after surrounding lowlands were settled.', 'Osage Nation; Pope County Historical Society', 0);
INSERT INTO public.river_history (river_id, era, year, title, body, source, sort_order) VALUES ('illinois_bayou', 'modern', '1975', 'Ozark Highlands Trail Corridor', 'The Ozark Highlands Trail, completed in sections beginning in 1975, crosses Illinois Bayou multiple times through the Ozark National Forest. The trail and creek together form one of the premier backcountry recreation corridors in Arkansas.', 'Ozark National Forest; Ozark Highlands Trail Association', 1);
INSERT INTO public.river_reviews (river_id, username, review_date, stars, body, is_seed) VALUES ('illinois_bayou', 'ar_creek_runner', 'Feb 2024', 5, 'Illinois Bayou at 1,000 cfs after winter rain — nonstop Class II–III for miles through the canyon. Sandstone bluffs, clear water, total wilderness feel. Check the gauge and go.', true);
INSERT INTO public.river_reviews (river_id, username, review_date, stars, body, is_seed) VALUES ('illinois_bayou', 'pope_co_paddler', 'Mar 2024', 4, 'Hector section at 600 cfs — technical and fun. The bayou drops fast through the Ozark Highlands. Great creek when it''s running.', true);
INSERT INTO public.river_outfitters (river_id, name, description, link, is_seed) VALUES ('illinois_bayou', 'Ozark Outdoor Supply', 'Kayak rentals and shuttle service for Illinois Bayou trips', '', true);
INSERT INTO public.rivers (id, state_key, name, county, length, class, optimal_cfs, usgs_gauge, avg_cfs, hist_flow, map_x, map_y, description, designations, sections, filter_flags) VALUES ('caddo', 'ar', 'Caddo River', 'Montgomery / Clark Co.', '65 mi', 'I–II', '200–1500', '07359610', 420, 378, 510, 355, 'A scenic Ouachita Mountain river flowing 65 miles from the Caddo Gap area to DeGray Lake. The Caddo offers gentle Class I–II paddling through pine-covered hills, hardwood bottoms, and quiet ranch country in one of Arkansas''s most beautiful but least-visited river corridors. The upper Caddo above Caddo Gap is intimate and remote; below Glenwood it widens into a classic Ozark-style float.', 'Ouachita National Forest · DeGray Lake State Park', ARRAY['Caddo Gap to Glenwood — 25 mi, upper mountain corridor, intimate','Glenwood to Amity — 20 mi, scenic valley, best floating','Amity to DeGray Lake — 20 mi, wider, approaching reservoir'], '{"ww":false,"scenic":true,"ozark":false,"spring":false}') ON CONFLICT (id) DO NOTHING;
INSERT INTO public.river_history (river_id, era, year, title, body, source, sort_order) VALUES ('caddo', 'native', 'Pre-contact', 'Caddo Homeland — Ouachita Mountains', 'The Caddo River takes its name from the Caddo people, a confederation of southeastern Native American groups who inhabited the Ouachita Mountains and Red River valley for thousands of years. The river was a vital corridor through the rugged Ouachita terrain.', 'Caddo Nation; Montgomery County Historical Society', 0);
INSERT INTO public.river_history (river_id, era, year, title, body, source, sort_order) VALUES ('caddo', 'survey', '1972', 'DeGray Lake Impoundment — Lower Caddo Transformed', 'The U.S. Army Corps of Engineers completed DeGray Dam in 1972, impounding the lower Caddo River to create DeGray Lake. The upper river above the reservoir remains free-flowing and provides the best paddling on the Caddo.', 'USACE; DeGray Lake State Park', 1);
INSERT INTO public.river_reviews (river_id, username, review_date, stars, body, is_seed) VALUES ('caddo', 'ouachita_float_trip', 'Apr 2024', 4, 'Glenwood to Amity at 500 cfs — gentle current through pine-covered hills. Saw deer, turkeys, and a bald eagle. The Caddo is the most underrated float in Arkansas.', true);
INSERT INTO public.river_reviews (river_id, username, review_date, stars, body, is_seed) VALUES ('caddo', 'caddo_gap_kayaker', 'May 2024', 4, 'Above Caddo Gap at 300 cfs — narrow, intimate, beautiful mountain water. Ouachita Mountain scenery without the crowds of the Buffalo.', true);
INSERT INTO public.river_outfitters (river_id, name, description, link, is_seed) VALUES ('caddo', 'Caddo River Camping and Canoe Rental', 'Float trip outfitting and riverside camping, Glenwood', '', true);
INSERT INTO public.rivers (id, state_key, name, county, length, class, optimal_cfs, usgs_gauge, avg_cfs, hist_flow, map_x, map_y, description, designations, sections, filter_flags) VALUES ('atchafalaya', 'la', 'Atchafalaya Basin', 'St. Martin / Iberia Co.', '140 mi', 'I', '50000–200000', '07381490', 95000, 85500, 540, 430, 'The largest river swamp in North America — 140 miles of labyrinthine bayous, cypress-tupelo forests, and vast floodplain stretching across south-central Louisiana. The Atchafalaya carries roughly 30% of the Mississippi River''s flow through a primordial landscape that feels unchanged since the Pleistocene.', 'Atchafalaya National Heritage Area · National Wildlife Refuge', ARRAY['Upper Basin — Simmesport to Henderson, open swamp channels','Henderson Swamp — lake-like expanse, iconic cypress groves','Lower Basin — Morgan City to Atchafalaya Bay, tidal marshes'], '{"scenic":true,"swamp":true,"bayou":true,"fishing":true}') ON CONFLICT (id) DO NOTHING;
INSERT INTO public.river_history (river_id, era, year, title, body, source, sort_order) VALUES ('atchafalaya', 'native', 'Pre-contact', 'Chitimacha Homeland — ''The Long River''', 'The Atchafalaya Basin was the heartland of the Chitimacha people for thousands of years. The name derives from the Choctaw ''hacha falaia'' meaning ''long river.'' The Chitimacha Tribe of Louisiana maintains a reservation at Charenton on the basin''s edge today.', 'Chitimacha Tribe of Louisiana; Louisiana State Museum', 0);
INSERT INTO public.river_history (river_id, era, year, title, body, source, sort_order) VALUES ('atchafalaya', 'survey', '1963', 'Old River Control Structure — Preventing Mississippi Capture', 'The U.S. Army Corps of Engineers completed the Old River Control Structure in 1963 to prevent the Mississippi River from permanently shifting its entire flow into the Atchafalaya — a geological inevitability that would have destroyed New Orleans''s port. The structure limits flow to 30% of the Mississippi''s volume.', 'USACE New Orleans District; John McPhee, The Control of Nature (1989)', 1);
INSERT INTO public.river_history (river_id, era, year, title, body, source, sort_order) VALUES ('atchafalaya', 'modern', '2006', 'Atchafalaya National Heritage Area Designated', 'Congress designated the Atchafalaya National Heritage Area in 2006, recognizing the basin''s extraordinary cultural and ecological significance — home to Cajun and Creole communities, 300+ bird species, and the largest contiguous bottomland hardwood forest in the United States.', 'NPS; Atchafalaya National Heritage Area Commission', 2);
INSERT INTO public.river_documents (river_id, title, source, year, doc_type, pages, url) VALUES ('atchafalaya', 'Atchafalaya Basin Floodway System Project', 'USACE', 2010, 'Federal', 340, 'https://www.mvn.usace.army.mil/portals/56/docs/pao/brochures/atchafalayabasinproject.pdf');
INSERT INTO public.river_reviews (river_id, username, review_date, stars, body, is_seed) VALUES ('atchafalaya', 'cajun_paddle_co', 'Mar 2025', 5, 'Henderson Swamp at 120,000 cfs basin flow — cypress knees everywhere, alligators on every log. There is nothing else like the Atchafalaya in America.', true);
INSERT INTO public.river_reviews (river_id, username, review_date, stars, body, is_seed) VALUES ('atchafalaya', 'bayou_explorer', 'Nov 2024', 4, 'Two days in the upper basin with a GPS. Got lost three times. Saw ivory-billed woodpecker habitat and a dozen gators. Bring bug spray.', true);
INSERT INTO public.river_outfitters (river_id, name, description, link, is_seed) VALUES ('atchafalaya', 'Atchafalaya Basin Landing', 'Guided swamp tours and kayak rentals, Henderson', 'atchafalayabasinlanding.com', true);
INSERT INTO public.river_outfitters (river_id, name, description, link, is_seed) VALUES ('atchafalaya', 'Pack & Paddle', 'Lafayette-based outfitter, basin trips', 'packpaddle.com', true);
INSERT INTO public.rivers (id, state_key, name, county, length, class, optimal_cfs, usgs_gauge, avg_cfs, hist_flow, map_x, map_y, description, designations, sections, filter_flags) VALUES ('bogue_chitto', 'la', 'Bogue Chitto River', 'Washington Parish', '100 mi', 'I–II', '300–2000', '07375000', 1200, 1080, 540, 430, 'Louisiana''s best canoe and kayak river — 100 miles of sandy-bottomed blackwater flowing through piney woods and hardwood bottoms from Mississippi to Lake Pontchartrain. White sandbars make perfect lunch stops and primitive campsites.', 'Bogue Chitto National Wildlife Refuge (lower reach)', ARRAY['Upper — Tylertown MS to Warnerton, intimate headwaters','Middle — Warnerton to Franklinton, best sandbars and paddling','Lower — Franklinton to NWR, wider and slower'], '{"scenic":true,"swamp":false,"bayou":false,"fishing":true}') ON CONFLICT (id) DO NOTHING;
INSERT INTO public.river_history (river_id, era, year, title, body, source, sort_order) VALUES ('bogue_chitto', 'native', 'Pre-contact', 'Choctaw Homeland — ''Big Creek''', 'The name Bogue Chitto derives from the Choctaw ''bok chitto'' meaning ''big creek.'' The river watershed was Choctaw territory for thousands of years before the Treaty of Dancing Rabbit Creek (1830) forced removal to Oklahoma.', 'Mississippi Band of Choctaw Indians; Louisiana Office of State Parks', 0);
INSERT INTO public.river_history (river_id, era, year, title, body, source, sort_order) VALUES ('bogue_chitto', 'survey', '1980', 'Bogue Chitto NWR Established', 'The U.S. Fish and Wildlife Service established the 36,000-acre Bogue Chitto National Wildlife Refuge along the lower river, protecting bottomland hardwood forests critical to Louisiana black bear recovery.', 'USFWS Bogue Chitto NWR', 1);
INSERT INTO public.river_documents (river_id, title, source, year, doc_type, pages, url) VALUES ('bogue_chitto', 'Bogue Chitto NWR Comprehensive Conservation Plan', 'USFWS', 2008, 'Federal', 145, 'https://www.fws.gov/sites/default/files/documents/Bogue%20Chitto_2011_CCP.pdf');
INSERT INTO public.river_reviews (river_id, username, review_date, stars, body, is_seed) VALUES ('bogue_chitto', 'nola_paddler', 'Apr 2025', 5, 'Best sandbars in Louisiana at 800 cfs. Crystal clear for a blackwater river. Louisiana''s best kept paddling secret.', true);
INSERT INTO public.river_reviews (river_id, username, review_date, stars, body, is_seed) VALUES ('bogue_chitto', 'piney_woods_kayak', 'Mar 2025', 4, 'Franklinton section at 1,400 cfs — mild Class II riffles and gorgeous sand beaches. Perfect weekend float.', true);
INSERT INTO public.river_outfitters (river_id, name, description, link, is_seed) VALUES ('bogue_chitto', 'Bogue Chitto Tubing Center', 'Rentals and shuttles, Franklinton', 'boguechittowater.com', true);
INSERT INTO public.rivers (id, state_key, name, county, length, class, optimal_cfs, usgs_gauge, avg_cfs, hist_flow, map_x, map_y, description, designations, sections, filter_flags) VALUES ('whiskey_chitto', 'la', 'Whiskey Chitto Creek', 'Allen / Beauregard Parish', '60 mi', 'I–II', '200–1200', '08013500', 480, 432, 540, 430, 'Pristine piney woods paddling through the heart of southwest Louisiana. Whiskey Chitto winds through longleaf pine forests and hardwood bottoms with white sand beaches, gentle riffles, and some of the clearest water in the state.', 'Louisiana Natural and Scenic River', ARRAY['Upper — Oakdale to Mittie, narrow and intimate','Lower — Mittie to confluence, wider with sandbars'], '{"scenic":true,"swamp":false,"bayou":false,"fishing":true}') ON CONFLICT (id) DO NOTHING;
INSERT INTO public.river_history (river_id, era, year, title, body, source, sort_order) VALUES ('whiskey_chitto', 'native', 'Pre-contact', 'Atakapa-Ishak Territory — ''Big Creek of the Whiskey''', 'The Whiskey Chitto watershed was part of the Atakapa-Ishak people''s homeland. ''Chitto'' is Choctaw for ''big'' — the creek''s full name blends French frontier culture with Choctaw geography, reflecting Louisiana''s layered heritage.', 'Atakapa-Ishak Nation; Allen Parish Historical Society', 0);
INSERT INTO public.river_history (river_id, era, year, title, body, source, sort_order) VALUES ('whiskey_chitto', 'modern', '2018', 'Louisiana Natural and Scenic River Designation', 'The Louisiana Department of Wildlife and Fisheries designated Whiskey Chitto Creek as a Natural and Scenic River, protecting the corridor from channelization and development that has degraded so many Louisiana waterways.', 'LDWF Natural and Scenic Rivers Program', 1);
INSERT INTO public.river_reviews (river_id, username, review_date, stars, body, is_seed) VALUES ('whiskey_chitto', 'swla_kayaker', 'May 2025', 5, 'Mittie section at 400 cfs — clear water, white sand, longleaf pines overhead. Best hidden gem in Louisiana.', true);
INSERT INTO public.river_reviews (river_id, username, review_date, stars, body, is_seed) VALUES ('whiskey_chitto', 'acadiana_paddle', 'Apr 2025', 4, 'Upper Whiskey Chitto at 600 cfs after rain. Mild riffles and beautiful piney woods the whole way.', true);
INSERT INTO public.river_outfitters (river_id, name, description, link, is_seed) VALUES ('whiskey_chitto', 'Whiskey Chitto Canoe Rental', 'Shuttle service and canoe rentals, Mittie', 'whiskeychittocanoe.com', true);
INSERT INTO public.rivers (id, state_key, name, county, length, class, optimal_cfs, usgs_gauge, avg_cfs, hist_flow, map_x, map_y, description, designations, sections, filter_flags) VALUES ('tchefuncte', 'la', 'Tchefuncte River', 'St. Tammany Parish', '70 mi', 'I', '100–600', '07375330', 280, 252, 555, 440, 'The Northshore''s favorite family paddling river — 70 miles of gentle blackwater winding through piney woods and cypress-tupelo swamps from Franklinton to Lake Pontchartrain. Sandy bottoms, tea-colored water, and easy access make the Tchefuncte one of Louisiana''s most beginner-friendly paddle destinations.', 'Louisiana Natural and Scenic River', ARRAY['Upper — Franklinton to Covington, 40 mi, piney woods','Lower — Covington to Lake Pontchartrain, 30 mi, cypress swamp'], '{"scenic":true,"swamp":false,"bayou":false,"fishing":true}') ON CONFLICT (id) DO NOTHING;
INSERT INTO public.river_history (river_id, era, year, title, body, source, sort_order) VALUES ('tchefuncte', 'native', 'Pre-contact', 'Tchefuncte Culture — Ancient Mound Builders', 'The Tchefuncte River gives its name to the Tchefuncte culture (600 BC–200 AD), one of the earliest pottery-making cultures in North America. Archaeological sites along the river and Lake Pontchartrain shore document thousands of years of continuous habitation.', 'Louisiana Division of Archaeology; Tulane University', 0);
INSERT INTO public.river_history (river_id, era, year, title, body, source, sort_order) VALUES ('tchefuncte', 'modern', '2010', 'Tchefuncte River Blueway Trail', 'St. Tammany Parish established the Tchefuncte River Blueway Trail with marked access points and signage, making it one of the most organized paddling trails on the Northshore.', 'St. Tammany Parish Government; Louisiana Office of State Parks', 1);
INSERT INTO public.river_reviews (river_id, username, review_date, stars, body, is_seed) VALUES ('tchefuncte', 'northshore_paddle', 'Apr 2025', 4, 'Covington section at 200 cfs — gentle blackwater, cypress canopy, perfect family float. The Tchefuncte is Northshore paddling at its best.', true);
INSERT INTO public.river_reviews (river_id, username, review_date, stars, body, is_seed) VALUES ('tchefuncte', 'mandeville_kayak', 'Mar 2025', 4, 'Upper Tchefuncte at 300 cfs after rain — piney woods corridor, tea-colored water, turtles on every log. Easy and beautiful.', true);
INSERT INTO public.river_outfitters (river_id, name, description, link, is_seed) VALUES ('tchefuncte', 'Tchefuncte River Kayak Rentals', 'Kayak and canoe rentals on the Northshore', '', true);
INSERT INTO public.rivers (id, state_key, name, county, length, class, optimal_cfs, usgs_gauge, avg_cfs, hist_flow, map_x, map_y, description, designations, sections, filter_flags) VALUES ('amite', 'la', 'Amite River', 'East Baton Rouge Parish', '105 mi', 'I', '200–2,000', '07378500', 1400, 1260, 545, 435, 'The Baton Rouge area''s primary paddling river — 105 miles from the piney woods of southwest Mississippi to Lake Maurepas. The Amite provides surprisingly wild paddling within reach of Louisiana''s capital city, with sandy bottoms, hardwood bottoms, and good fishing throughout.', 'Louisiana Scenic River (upper sections)', ARRAY['Upper — Mississippi line to Denham Springs, 50 mi, sand and gravel','Middle — Denham Springs to Port Vincent, 30 mi, wider floodplain','Lower — Port Vincent to Lake Maurepas, 25 mi, swamp and marsh'], '{"scenic":true,"swamp":false,"bayou":false,"fishing":true}') ON CONFLICT (id) DO NOTHING;
INSERT INTO public.river_history (river_id, era, year, title, body, source, sort_order) VALUES ('amite', 'native', 'Pre-contact', 'Houma and Tangipahoa Territory', 'The Amite River basin was home to the Houma and Tangipahoa peoples. The name ''Amite'' derives from the French ''amitie'' (friendship), referencing the peaceful relations between French colonists and the native peoples along this river corridor.', 'Louisiana Division of Archaeology; East Baton Rouge Parish Historical Society', 0);
INSERT INTO public.river_history (river_id, era, year, title, body, source, sort_order) VALUES ('amite', 'modern', '2016', 'Great Flood of 2016 — Amite River Devastation', 'The Amite River reached catastrophic flood levels in August 2016, inundating tens of thousands of homes in the Baton Rouge metro area. The disaster reshaped Louisiana''s approach to floodplain management and led to major watershed restoration efforts.', 'USGS; Louisiana Governor''s Office of Homeland Security', 1);
INSERT INTO public.river_reviews (river_id, username, review_date, stars, body, is_seed) VALUES ('amite', 'br_paddle_club', 'Mar 2025', 4, 'Upper Amite at 600 cfs — sandy bottom, forested banks, good smallmouth fishing. Surprisingly wild for being so close to Baton Rouge.', true);
INSERT INTO public.river_reviews (river_id, username, review_date, stars, body, is_seed) VALUES ('amite', 'livingston_kayak', 'Feb 2025', 3, 'Denham Springs section at 1,200 cfs — wide and a bit murky but accessible and easy. Good beginner river.', true);
INSERT INTO public.river_outfitters (river_id, name, description, link, is_seed) VALUES ('amite', 'Amite River Canoe Company', 'Canoe and kayak rentals for Amite River paddling', '', true);
INSERT INTO public.rivers (id, state_key, name, county, length, class, optimal_cfs, usgs_gauge, avg_cfs, hist_flow, map_x, map_y, description, designations, sections, filter_flags) VALUES ('tangipahoa', 'la', 'Tangipahoa River', 'Tangipahoa Parish', '80 mi', 'I', '200–1,200', '07375500', 620, 558, 550, 435, 'Pine country paddling through the Florida Parishes — 80 miles of sand-bottomed blackwater flowing from the Mississippi border to Lake Pontchartrain. White sandbars, longleaf pine corridors, and a relaxed rural character make the Tangipahoa one of southeast Louisiana''s best day-trip rivers.', 'Louisiana Natural and Scenic River', ARRAY['Upper — Osyka to Kentwood, 30 mi, narrow piney woods','Middle — Kentwood to Amite, 25 mi, sandbars and riffles','Lower — Amite to Lake Pontchartrain, 25 mi, cypress swamp'], '{"scenic":true,"swamp":false,"bayou":false,"fishing":true}') ON CONFLICT (id) DO NOTHING;
INSERT INTO public.river_history (river_id, era, year, title, body, source, sort_order) VALUES ('tangipahoa', 'native', 'Pre-contact', 'Tangipahoa People — Corncob Gatherers', 'The Tangipahoa River takes its name from the Tangipahoa people, a small Muskogean-speaking tribe whose name translates roughly to ''corncob gatherers.'' They inhabited the pine flatwoods and river bottoms of this region for centuries before European contact.', 'Louisiana Division of Archaeology; Tangipahoa Parish Historical Society', 0);
INSERT INTO public.river_history (river_id, era, year, title, body, source, sort_order) VALUES ('tangipahoa', 'modern', '2014', 'Louisiana Natural and Scenic River Protection', 'The Louisiana Department of Wildlife and Fisheries extended Natural and Scenic River protections to the upper Tangipahoa, preserving the sand-bottomed corridor from channelization and ensuring continued paddling access.', 'LDWF Natural and Scenic Rivers Program', 1);
INSERT INTO public.river_reviews (river_id, username, review_date, stars, body, is_seed) VALUES ('tangipahoa', 'florida_parish_paddle', 'Apr 2025', 4, 'Kentwood to Amite at 400 cfs — white sandbars, longleaf pines, clear-running blackwater. Great sandbars for lunch stops.', true);
INSERT INTO public.river_reviews (river_id, username, review_date, stars, body, is_seed) VALUES ('tangipahoa', 'tangipahoa_local', 'Mar 2025', 4, 'Upper Tangipahoa at 300 cfs — narrow and intimate through the pine woods. Saw a river otter family. Peaceful paddle.', true);
INSERT INTO public.river_outfitters (river_id, name, description, link, is_seed) VALUES ('tangipahoa', 'Tangipahoa River Adventures', 'Kayak rentals and shuttle service for Tangipahoa River', '', true);
INSERT INTO public.rivers (id, state_key, name, county, length, class, optimal_cfs, usgs_gauge, avg_cfs, hist_flow, map_x, map_y, description, designations, sections, filter_flags) VALUES ('lacombe', 'la', 'Bayou Lacombe', 'St. Tammany Parish', '30 mi', 'I', '50–300', '07375050', 120, 108, 555, 445, 'A narrow, intimate cypress bayou draining into Lake Pontchartrain — Bayou Lacombe offers quintessential Louisiana paddling through ancient bald cypress and water tupelo forests. The short length and easy access make it ideal for half-day paddles on the Northshore.', 'Big Branch Marsh National Wildlife Refuge (lower reach)', ARRAY['Upper — Lacombe to Highway 190, 15 mi, cypress tunnel','Lower — Highway 190 to Lake Pontchartrain, 15 mi, NWR marshes'], '{"scenic":true,"swamp":true,"bayou":true,"fishing":true}') ON CONFLICT (id) DO NOTHING;
INSERT INTO public.river_history (river_id, era, year, title, body, source, sort_order) VALUES ('lacombe', 'native', 'Pre-contact', 'Choctaw Homeland — Lake Pontchartrain Basin', 'Bayou Lacombe and the surrounding Lake Pontchartrain basin were Choctaw territory for millennia. The bayou provided shellfish, fish, and freshwater in a landscape where the boundary between land and water was always fluid.', 'Louisiana Division of Archaeology; Big Branch Marsh NWR', 0);
INSERT INTO public.river_history (river_id, era, year, title, body, source, sort_order) VALUES ('lacombe', 'modern', '1994', 'Big Branch Marsh NWR Established', 'The U.S. Fish and Wildlife Service established the 18,000-acre Big Branch Marsh National Wildlife Refuge along the lower Bayou Lacombe corridor, protecting critical habitat for migratory birds and the Louisiana black bear.', 'USFWS Big Branch Marsh NWR', 1);
INSERT INTO public.river_reviews (river_id, username, review_date, stars, body, is_seed) VALUES ('lacombe', 'northshore_naturalist', 'Mar 2025', 4, 'Bayou Lacombe at 80 cfs — cypress tunnel paddling at its finest. Herons, turtles, and silence. Perfect half-day escape from New Orleans.', true);
INSERT INTO public.river_reviews (river_id, username, review_date, stars, body, is_seed) VALUES ('lacombe', 'nola_kayak_club', 'Feb 2025', 4, 'Lower Lacombe into Big Branch Marsh at 100 cfs — the transition from cypress bayou to open marsh is magical. Bring binoculars for the birds.', true);
INSERT INTO public.river_outfitters (river_id, name, description, link, is_seed) VALUES ('lacombe', 'Bayou Lacombe Paddle Shop', 'Kayak rentals and guided bayou tours on the Northshore', '', true);
INSERT INTO public.rivers (id, state_key, name, county, length, class, optimal_cfs, usgs_gauge, avg_cfs, hist_flow, map_x, map_y, description, designations, sections, filter_flags) VALUES ('comite', 'la', 'Comite River', 'East Baton Rouge Parish', '60 mi', 'I', '100–800', '07378000', 480, 432, 545, 430, 'Baton Rouge''s metro paddling river — the Comite winds 60 miles through the eastern suburbs and rural areas of East Baton Rouge Parish. Sandy bottoms, wooded banks, and surprising wildlife encounters make this an accessible urban escape for capital city paddlers.', 'Comite River Diversion Canal Project Area', ARRAY['Upper — Clinton to Zachary, 25 mi, rural piney woods','Lower — Zachary to Amite confluence, 35 mi, suburban corridor'], '{"scenic":false,"swamp":false,"bayou":false,"fishing":true}') ON CONFLICT (id) DO NOTHING;
INSERT INTO public.river_history (river_id, era, year, title, body, source, sort_order) VALUES ('comite', 'native', 'Pre-contact', 'Houma Territory — Comite Creek', 'The Comite River watershed was part of the broader Houma people''s territory in the Baton Rouge area. The name ''Comite'' may derive from French colonial usage, reflecting the blended cultural landscape of colonial Louisiana.', 'Louisiana Division of Archaeology; East Baton Rouge Parish Library', 0);
INSERT INTO public.river_history (river_id, era, year, title, body, source, sort_order) VALUES ('comite', 'modern', '2019', 'Comite River Diversion Canal Project', 'The Army Corps of Engineers began construction of the Comite River Diversion Canal, a major flood control project designed to reduce flooding in the Baton Rouge metro area following the devastating 2016 floods.', 'USACE New Orleans District; The Advocate', 1);
INSERT INTO public.river_reviews (river_id, username, review_date, stars, body, is_seed) VALUES ('comite', 'br_urban_paddle', 'Feb 2025', 3, 'Upper Comite at 300 cfs — sandy bottom, wooded banks, saw a deer and several turtles. Not bad for a Baton Rouge suburb paddle.', true);
INSERT INTO public.river_reviews (river_id, username, review_date, stars, body, is_seed) VALUES ('comite', 'zachary_kayaker', 'Mar 2025', 3, 'Comite near Zachary at 200 cfs — easy float, accessible put-ins. Nothing spectacular but a solid after-work paddle option.', true);
INSERT INTO public.river_outfitters (river_id, name, description, link, is_seed) VALUES ('comite', 'Comite River Kayak Rentals', 'Kayak and canoe rentals for Comite River paddling near Baton Rouge', '', true);
INSERT INTO public.rivers (id, state_key, name, county, length, class, optimal_cfs, usgs_gauge, avg_cfs, hist_flow, map_x, map_y, description, designations, sections, filter_flags) VALUES ('black_creek_ms', 'ms', 'Black Creek', 'Forrest / Lamar Co.', '40 mi', 'I–II', '200–1200', '02479300', 580, 522, 555, 395, 'Mississippi''s only National Wild and Scenic River — 40 miles of tea-colored blackwater winding through De Soto National Forest. Towering longleaf pines, white sand beaches, and a wilderness corridor that feels a century removed from modern Mississippi.', 'National Wild & Scenic River (1986) · De Soto National Forest', ARRAY['Fairley Bridge to Moody Landing — 21 mi, designated Wild section','Moody Landing to Big Creek confluence — 12 mi, Scenic section','Lower reach to Pascagoula — wider flatwater'], '{"scenic":true,"bluff":false,"delta":false,"fishing":true}') ON CONFLICT (id) DO NOTHING;
INSERT INTO public.river_history (river_id, era, year, title, body, source, sort_order) VALUES ('black_creek_ms', 'native', 'Pre-contact', 'Choctaw Homeland — The Piney Woods', 'Black Creek flows through the heart of historical Choctaw territory. The surrounding piney woods were essential hunting grounds. The Treaty of Dancing Rabbit Creek (1830) forced Choctaw removal, though the Mississippi Band of Choctaw Indians remains in the state today.', 'Mississippi Band of Choctaw Indians; Mississippi Department of Archives and History', 0);
INSERT INTO public.river_history (river_id, era, year, title, body, source, sort_order) VALUES ('black_creek_ms', 'survey', '1986', 'Mississippi''s First and Only Wild & Scenic River', 'Congress designated 21 miles of Black Creek as Mississippi''s first — and still only — National Wild and Scenic River, recognizing the creek''s exceptional wilderness character within De Soto National Forest.', 'USFS De Soto National Forest; NPS', 1);
INSERT INTO public.river_history (river_id, era, year, title, body, source, sort_order) VALUES ('black_creek_ms', 'modern', '2020', 'Black Creek Wilderness Expansion', 'Conservation groups secured additional protections for the Black Creek corridor, expanding the wilderness buffer around Mississippi''s most ecologically significant stream.', 'Mississippi Sierra Club; USFS', 2);
INSERT INTO public.river_documents (river_id, title, source, year, doc_type, pages, url) VALUES ('black_creek_ms', 'Black Creek Wild & Scenic River Management Plan', 'USFS De Soto NF', 2005, 'Federal', 120, 'https://rivers.gov/sites/rivers/files/2023-01/black-creek-study-deis.pdf');
INSERT INTO public.river_reviews (river_id, username, review_date, stars, body, is_seed) VALUES ('black_creek_ms', 'magnolia_paddler', 'Mar 2025', 5, 'Fairley Bridge to Moody Landing in two days at 500 cfs. Camped on a white sandbar under longleaf pines. Mississippi''s best river, no contest.', true);
INSERT INTO public.river_reviews (river_id, username, review_date, stars, body, is_seed) VALUES ('black_creek_ms', 'hattiesburg_kayak', 'Feb 2025', 4, 'Day trip from Fairley Bridge at 700 cfs. Tea-colored water, white sand, zero people. Felt like paddling through time.', true);
INSERT INTO public.river_outfitters (river_id, name, description, link, is_seed) VALUES ('black_creek_ms', 'Black Creek Canoe Rental', 'Shuttles and rentals, Brooklyn MS', 'blackcreekcanoe.com', true);
INSERT INTO public.rivers (id, state_key, name, county, length, class, optimal_cfs, usgs_gauge, avg_cfs, hist_flow, map_x, map_y, description, designations, sections, filter_flags) VALUES ('okatoma', 'ms', 'Okatoma Creek', 'Covington / Jones Co.', '20 mi', 'I–II', '200–1000', '02472500', 440, 396, 555, 395, 'Mississippi''s most popular canoe stream — 20 miles of gentle Class I–II rapids, white sandbars, and piney woods through the heart of south Mississippi. Okatoma means ''red water people'' in Choctaw.', 'Mississippi Scenic Stream', ARRAY['Seminary to Sanford — 10 mi, upper run with best rapids','Sanford to Highway 29 — 10 mi, wider and mellower'], '{"scenic":true,"bluff":false,"delta":false,"fishing":true}') ON CONFLICT (id) DO NOTHING;
INSERT INTO public.river_history (river_id, era, year, title, body, source, sort_order) VALUES ('okatoma', 'native', 'Pre-contact', 'Choctaw Territory — ''Red Water People''', 'Okatoma derives from the Choctaw words for ''red water people,'' referencing the communities along this creek. The Okatoma watershed was central Choctaw territory, part of the vast piney woods homeland that sustained the Choctaw Nation for millennia.', 'Mississippi Band of Choctaw Indians; Covington County Historical Society', 0);
INSERT INTO public.river_history (river_id, era, year, title, body, source, sort_order) VALUES ('okatoma', 'modern', '2015', 'Mississippi''s Premier Paddling Destination', 'Okatoma Creek has become Mississippi''s most-paddled waterway, drawing thousands of visitors annually to Seminary and Sanford. Local outfitters have operated continuously since the 1970s, making the Okatoma corridor one of rural Mississippi''s most reliable tourism economies.', 'Mississippi Department of Wildlife, Fisheries and Parks', 1);
INSERT INTO public.river_reviews (river_id, username, review_date, stars, body, is_seed) VALUES ('okatoma', 'seminary_local', 'Apr 2025', 5, 'Seminary to Sanford at 500 cfs — perfect level. Mild rapids, gorgeous sandbars, best day trip in Mississippi.', true);
INSERT INTO public.river_reviews (river_id, username, review_date, stars, body, is_seed) VALUES ('okatoma', 'jackson_kayaker', 'Mar 2025', 4, 'Okatoma at 350 cfs — a bit scrappy but still Mississippi''s most fun canoe stream. Great for families.', true);
INSERT INTO public.river_outfitters (river_id, name, description, link, is_seed) VALUES ('okatoma', 'Okatoma Outdoor Post', 'Full-service canoe and kayak outfitter, Seminary', 'okatomacanoe.com', true);
INSERT INTO public.rivers (id, state_key, name, county, length, class, optimal_cfs, usgs_gauge, avg_cfs, hist_flow, map_x, map_y, description, designations, sections, filter_flags) VALUES ('wolf_ms', 'ms', 'Wolf River', 'Stone / Harrison Co.', '35 mi', 'I', '100–800', '02481000', 380, 342, 555, 395, 'A pristine Gulf Coast blackwater stream flowing through some of the most undisturbed longleaf pine savanna remaining in the Southeast. The Wolf River''s tannic waters, white sand bottom, and cathedral-like canopy make it one of Mississippi''s most beautiful paddling experiences.', 'Mississippi Scenic Stream · Wolf River Conservation District', ARRAY['Upper — McHenry to Landon, narrow and wild','Lower — Landon to Lyman, wider coastal plain'], '{"scenic":true,"bluff":false,"delta":false,"fishing":false}') ON CONFLICT (id) DO NOTHING;
INSERT INTO public.river_history (river_id, era, year, title, body, source, sort_order) VALUES ('wolf_ms', 'native', 'Pre-contact', 'Biloxi and Pascagoula Territory', 'The Wolf River watershed was home to the Biloxi and Pascagoula peoples, Siouan-speaking groups who inhabited the Mississippi Gulf Coast for thousands of years before European contact. French explorers documented thriving communities along the coastal rivers in the early 1700s.', 'Mississippi Department of Archives and History; Gulf Islands National Seashore', 0);
INSERT INTO public.river_history (river_id, era, year, title, body, source, sort_order) VALUES ('wolf_ms', 'modern', '2012', 'Wolf River Conservation District Established', 'Stone and Harrison counties established the Wolf River Conservation District to protect the river''s exceptional water quality and longleaf pine corridor from development pressure along the rapidly growing Mississippi Gulf Coast.', 'Wolf River Conservation District; Mississippi Forestry Commission', 1);
INSERT INTO public.river_documents (river_id, title, source, year, doc_type, pages, url) VALUES ('wolf_ms', 'Wolf River Watershed Management Plan', 'MDEQ', 2014, 'Ecology', 88, 'https://www.mdeq.ms.gov/wp-content/uploads/2025/07/Wolf_River_Watershed_Plan_2009.pdf');
INSERT INTO public.river_reviews (river_id, username, review_date, stars, body, is_seed) VALUES ('wolf_ms', 'gulfcoast_paddle', 'Feb 2025', 5, 'McHenry to Landon at 300 cfs — blackwater magic. White sand, cypress knees, turtles everywhere. Pristine.', true);
INSERT INTO public.river_reviews (river_id, username, review_date, stars, body, is_seed) VALUES ('wolf_ms', 'biloxi_kayak', 'Jan 2025', 4, 'Wolf River at 200 cfs — low but still beautiful. Mississippi''s quietest, prettiest paddle.', true);
INSERT INTO public.river_outfitters (river_id, name, description, link, is_seed) VALUES ('wolf_ms', 'Wolf River Canoes', 'Kayak and canoe rentals, Perkinston', 'wolfrivercanoes.com', true);
INSERT INTO public.rivers (id, state_key, name, county, length, class, optimal_cfs, usgs_gauge, avg_cfs, hist_flow, map_x, map_y, description, designations, sections, filter_flags) VALUES ('bowie', 'ms', 'Bowie Creek', 'Forrest Co.', '30 mi', 'I–II', '100–600', '02473500', 320, 288, 555, 395, 'A small but stunning Pine Belt blackwater creek — Bowie Creek winds 30 miles through De Soto National Forest with white sand beaches, tea-colored water, and longleaf pine uplands. One of Mississippi''s most scenic short paddles and a hidden gem of the southern piney woods.', 'De Soto National Forest', ARRAY['Upper — Seminary area to Hattiesburg, 15 mi, narrow and wild','Lower — Hattiesburg to Leaf River confluence, 15 mi, wider'], '{"scenic":true,"bluff":false,"delta":false,"fishing":true}') ON CONFLICT (id) DO NOTHING;
INSERT INTO public.river_history (river_id, era, year, title, body, source, sort_order) VALUES ('bowie', 'native', 'Pre-contact', 'Choctaw Piney Woods Territory', 'Bowie Creek flows through the heart of historical Choctaw piney woods territory. The surrounding longleaf pine forests provided game, medicinal plants, and building materials for Choctaw communities for millennia before European contact.', 'Mississippi Band of Choctaw Indians; Forrest County Historical Society', 0);
INSERT INTO public.river_history (river_id, era, year, title, body, source, sort_order) VALUES ('bowie', 'modern', '2015', 'De Soto National Forest Longleaf Restoration', 'The U.S. Forest Service expanded longleaf pine restoration efforts in De Soto National Forest along the Bowie Creek corridor, working to restore the fire-dependent ecosystem that once dominated the southeastern coastal plain.', 'USFS De Soto National Forest; Longleaf Alliance', 1);
INSERT INTO public.river_reviews (river_id, username, review_date, stars, body, is_seed) VALUES ('bowie', 'pinebelt_paddler', 'Mar 2025', 4, 'Bowie Creek at 250 cfs — narrow, wild, white sandbars on every bend. Small stream magic in the piney woods.', true);
INSERT INTO public.river_reviews (river_id, username, review_date, stars, body, is_seed) VALUES ('bowie', 'hattiesburg_kayak2', 'Feb 2025', 4, 'Upper Bowie at 300 cfs after rain — tea-colored water, longleaf pines overhead, Class I–II riffles. Short but sweet.', true);
INSERT INTO public.river_outfitters (river_id, name, description, link, is_seed) VALUES ('bowie', 'Bowie Creek Outfitters', 'Kayak rentals and shuttle service for Bowie Creek paddling', '', true);
INSERT INTO public.rivers (id, state_key, name, county, length, class, optimal_cfs, usgs_gauge, avg_cfs, hist_flow, map_x, map_y, description, designations, sections, filter_flags) VALUES ('leaf', 'ms', 'Leaf River', 'Smith / Jones Co.', '180 mi', 'I', '300–3,000', '02473000', 2400, 2160, 555, 390, 'The largest river wholly within Mississippi — 180 miles of sand-bottomed flow through the Pine Belt from Smith County to its confluence with the Chickasawhay at Merrill, forming the Pascagoula. White sandbars, cypress-lined banks, and excellent fishing make the Leaf a premier multi-day canoe trail.', 'Mississippi Scenic Stream · Pascagoula River System', ARRAY['Upper — Taylorsville to Ellisville, 60 mi, narrow piney woods','Middle — Ellisville to Hattiesburg, 60 mi, sandbars and riffles','Lower — Hattiesburg to Merrill, 60 mi, wide and slow'], '{"scenic":true,"bluff":false,"delta":false,"fishing":true}') ON CONFLICT (id) DO NOTHING;
INSERT INTO public.river_history (river_id, era, year, title, body, source, sort_order) VALUES ('leaf', 'native', 'Pre-contact', 'Choctaw Homeland — Pine Belt Heartland', 'The Leaf River watershed was central Choctaw territory, providing the piney woods resources that sustained communities for millennia. The Treaty of Dancing Rabbit Creek (1830) forced Choctaw removal from this homeland, though the Mississippi Band maintains a presence in the state.', 'Mississippi Band of Choctaw Indians; Smith County Historical Society', 0);
INSERT INTO public.river_history (river_id, era, year, title, body, source, sort_order) VALUES ('leaf', 'modern', '2010', 'Pascagoula River Basin Conservation', 'Conservation organizations identified the Leaf River as critical to the health of the Pascagoula — the largest unimpounded river system in the lower 48 states. Watershed protection efforts expanded along the Leaf''s corridor.', 'The Nature Conservancy; Mississippi Wildlife Federation', 1);
INSERT INTO public.river_reviews (river_id, username, review_date, stars, body, is_seed) VALUES ('leaf', 'ms_canoe_trail', 'Apr 2025', 4, 'Ellisville to Hattiesburg at 800 cfs — wide sandbars, great camping, excellent catfish and bass. Two-day float in the Pine Belt.', true);
INSERT INTO public.river_reviews (river_id, username, review_date, stars, body, is_seed) VALUES ('leaf', 'leaf_river_local', 'Mar 2025', 4, 'Upper Leaf at 500 cfs — narrower and more intimate than expected. Beautiful piney woods corridor.', true);
INSERT INTO public.river_outfitters (river_id, name, description, link, is_seed) VALUES ('leaf', 'Leaf River Paddle Company', 'Canoe and kayak rentals for Leaf River paddling', '', true);
INSERT INTO public.rivers (id, state_key, name, county, length, class, optimal_cfs, usgs_gauge, avg_cfs, hist_flow, map_x, map_y, description, designations, sections, filter_flags) VALUES ('pearl', 'ms', 'Pearl River', 'Neshoba / Leake Co.', '444 mi', 'I', '500–5,000', '02482000', 4800, 4320, 550, 385, 'Mississippi''s longest river — 444 miles from Neshoba County to the Gulf of Mexico, forming the Mississippi-Louisiana border in its lower reaches. The Pearl flows through Jackson, past the Ross Barnett Reservoir, and into vast bottomland swamps that harbor some of the most diverse aquatic ecosystems in the Southeast.', 'Pearl River Wildlife Management Area · Mississippi-Louisiana Border River', ARRAY['Upper — Philadelphia to Carthage, 60 mi, Choctaw country','Middle — Jackson metro to Georgetown, 80 mi, urban to rural','Lower — Bogalusa to Gulf, 100 mi, MS-LA border swamps'], '{"scenic":true,"bluff":false,"delta":false,"fishing":true}') ON CONFLICT (id) DO NOTHING;
INSERT INTO public.river_history (river_id, era, year, title, body, source, sort_order) VALUES ('pearl', 'native', 'Pre-contact', 'Choctaw Homeland — Heart of Mississippi', 'The Pearl River basin was the geographic and cultural heart of the Choctaw Nation. The Mississippi Band of Choctaw Indians maintains its tribal headquarters at Pearl River in Neshoba County — one of the most significant sites in Choctaw history and the location of the annual Choctaw Indian Fair.', 'Mississippi Band of Choctaw Indians; Neshoba County Historical Society', 0);
INSERT INTO public.river_history (river_id, era, year, title, body, source, sort_order) VALUES ('pearl', 'modern', '1960', 'Ross Barnett Reservoir — Jackson''s Water Supply', 'The Ross Barnett Reservoir was completed in 1960 on the Pearl River north of Jackson, creating a 33,000-acre lake that serves as the capital city''s primary water supply and a major recreation destination.', 'Pearl River Valley Water Supply District; Jackson Clarion-Ledger', 1);
INSERT INTO public.river_reviews (river_id, username, review_date, stars, body, is_seed) VALUES ('pearl', 'jackson_paddle_club', 'Apr 2025', 4, '''Pearl River below the reservoir at 2,000 cfs — wide, sandy, great fishing access. Mississippi''s biggest river delivers.', true);
INSERT INTO public.river_reviews (river_id, username, review_date, stars, body, is_seed) VALUES ('pearl', 'neshoba_kayaker', 'Mar 2025', 4, 'Upper Pearl near Philadelphia at 800 cfs — intimate, wooded, in the heart of Choctaw country. Meaningful paddle.', true);
INSERT INTO public.river_outfitters (river_id, name, description, link, is_seed) VALUES ('pearl', 'Pearl River Paddle Trails', 'Canoe and kayak access and shuttle service on the Pearl River', '', true);
INSERT INTO public.rivers (id, state_key, name, county, length, class, optimal_cfs, usgs_gauge, avg_cfs, hist_flow, map_x, map_y, description, designations, sections, filter_flags) VALUES ('chunky', 'ms', 'Chunky River', 'Newton Co.', '40 mi', 'I–II', '100–800', '02475000', 380, 342, 560, 385, 'Home to Dunn''s Falls — one of the only true waterfalls in Mississippi — the Chunky River is a 40-mile gem winding through Newton County''s piney woods. Class I-II riffles, rocky shoals, and the historic waterfall make the Chunky one of the most unique paddling experiences in the state.', 'Dunn''s Falls Water Park · Newton County', ARRAY['Upper — Chunky to Dunn''s Falls, 15 mi, Class I–II riffles','Lower — Dunn''s Falls to Chickasawhay confluence, 25 mi, gentler'], '{"scenic":true,"bluff":false,"delta":false,"fishing":true}') ON CONFLICT (id) DO NOTHING;
INSERT INTO public.river_history (river_id, era, year, title, body, source, sort_order) VALUES ('chunky', 'native', 'Pre-contact', 'Choctaw Territory — Newton County Heartland', 'The Chunky River valley was Choctaw territory, with the falls and shoals serving as fishing sites for generations. The name ''Chunky'' likely derives from the Choctaw game of chunkey, a stone-disc rolling game played across the Southeast.', 'Mississippi Band of Choctaw Indians; Newton County Historical Society', 0);
INSERT INTO public.river_history (river_id, era, year, title, body, source, sort_order) VALUES ('chunky', 'modern', '1850s', 'Dunn''s Falls — Mississippi''s Historic Waterfall', 'Dunn''s Falls, a 65-foot cascade on a Chunky River tributary, powered a grist mill built by John Dunn in the 1850s. The restored mill site and waterfall are now a county park and one of the only true waterfalls in Mississippi.', 'Newton County Historical Society; Mississippi Department of Archives and History', 1);
INSERT INTO public.river_reviews (river_id, username, review_date, stars, body, is_seed) VALUES ('chunky', 'ms_hidden_gems', 'Mar 2025', 4, 'Chunky River at 300 cfs — rocky riffles, piney woods, and a side trip to Dunn''s Falls. Mississippi has a waterfall and a fun river to go with it.', true);
INSERT INTO public.river_reviews (river_id, username, review_date, stars, body, is_seed) VALUES ('chunky', 'newton_co_paddle', 'Feb 2025', 4, 'Upper Chunky at 200 cfs — Class I–II shoals, clear water over rock. Different from the typical Mississippi blackwater experience.', true);
INSERT INTO public.river_outfitters (river_id, name, description, link, is_seed) VALUES ('chunky', 'Chunky River Outfitters', 'Kayak rentals and shuttle service for Chunky River paddling', '', true);
INSERT INTO public.rivers (id, state_key, name, county, length, class, optimal_cfs, usgs_gauge, avg_cfs, hist_flow, map_x, map_y, description, designations, sections, filter_flags) VALUES ('tallahala', 'ms', 'Tallahala Creek', 'Jasper / Smith Co.', '80 mi', 'I', '100–800', '02474500', 420, 378, 555, 388, 'A remote piney hills stream winding 80 miles through the Bienville and De Soto National Forests. Tallahala Creek offers true solitude — white sandbars, longleaf pine uplands, and virtually no development along its forested corridor. One of Mississippi''s most peaceful multi-day paddle routes.', 'Bienville National Forest · De Soto National Forest', ARRAY['Upper — Bienville NF to Laurel, 40 mi, remote forest corridor','Lower — Laurel to Leaf River confluence, 40 mi, wider bottomlands'], '{"scenic":true,"bluff":false,"delta":false,"fishing":true}') ON CONFLICT (id) DO NOTHING;
INSERT INTO public.river_history (river_id, era, year, title, body, source, sort_order) VALUES ('tallahala', 'native', 'Pre-contact', 'Choctaw Pine Hills Territory', 'Tallahala Creek''s remote piney hills were part of the broader Choctaw homeland. The name likely derives from Choctaw words meaning ''standing rock'' or ''palmetto creek,'' reflecting the landscape features of this forested corridor.', 'Mississippi Band of Choctaw Indians; Jasper County Historical Society', 0);
INSERT INTO public.river_history (river_id, era, year, title, body, source, sort_order) VALUES ('tallahala', 'modern', '2012', 'National Forest Watershed Protection', 'The U.S. Forest Service identified Tallahala Creek as a priority watershed within Bienville National Forest, implementing riparian buffer zones and longleaf pine restoration along the creek corridor.', 'USFS Bienville National Forest; Mississippi Forestry Commission', 1);
INSERT INTO public.river_reviews (river_id, username, review_date, stars, body, is_seed) VALUES ('tallahala', 'ms_backcountry', 'Mar 2025', 4, 'Tallahala Creek at 250 cfs — two days of total solitude through the national forest. White sandbars, pine ridges, no one in sight.', true);
INSERT INTO public.river_reviews (river_id, username, review_date, stars, body, is_seed) VALUES ('tallahala', 'laurel_paddler', 'Feb 2025', 3, 'Lower Tallahala at 200 cfs — wider and slower but still peaceful. Good sandbar camping near Laurel.', true);
INSERT INTO public.river_outfitters (river_id, name, description, link, is_seed) VALUES ('tallahala', 'Tallahala Creek Paddle Service', 'Shuttle service and access information for Tallahala Creek paddling', '', true);
INSERT INTO public.rivers (id, state_key, name, county, length, class, optimal_cfs, usgs_gauge, avg_cfs, hist_flow, map_x, map_y, description, designations, sections, filter_flags) VALUES ('little_river_al', 'al', 'Little River Canyon', 'DeKalb Co.', '22 mi', 'II–IV', '300–2000', '03572110', 580, 522, 645, 380, 'The deepest canyon east of the Rockies — Little River flows atop Lookout Mountain before plunging into a 600-foot gorge managed by the National Park Service. One of the only rivers in North America that flows its entire length atop a mountain.', 'Little River Canyon National Preserve (NPS)', ARRAY['Upper Canyon — above the falls, Class II scenic float','Canyon Mouth to Eberhart Point — Class III–IV, gorge run','Lower Canyon — Chair Factory Shoals to Highway 35, Class II–III'], '{"ww":true,"scenic":true,"appalachian":true,"coastal":false}') ON CONFLICT (id) DO NOTHING;
INSERT INTO public.river_history (river_id, era, year, title, body, source, sort_order) VALUES ('little_river_al', 'native', 'Pre-contact', 'Cherokee Homeland — Lookout Mountain', 'Little River Canyon lies atop Lookout Mountain, which was central Cherokee territory. The canyon''s remoteness preserved it from early settlement. The Trail of Tears (1838) forcibly removed the Cherokee, though some families hid in the canyon''s depths and remained.', 'NPS Little River Canyon National Preserve; Cherokee Nation', 0);
INSERT INTO public.river_history (river_id, era, year, title, body, source, sort_order) VALUES ('little_river_al', 'survey', '1992', 'Little River Canyon National Preserve Established', 'Congress established the 15,288-acre Little River Canyon National Preserve, protecting the deepest gorge east of the Rockies and one of the most biodiverse landscapes in the Southeast.', 'NPS; Alabama Historical Commission', 1);
INSERT INTO public.river_history (river_id, era, year, title, body, source, sort_order) VALUES ('little_river_al', 'modern', '2022', 'Canyon Rim Trail Expansion', 'The NPS completed a major expansion of the Canyon Rim trail system, opening new overlooks and connecting trailheads along the preserve''s 22-mile scenic drive.', 'NPS Little River Canyon National Preserve', 2);
INSERT INTO public.river_documents (river_id, title, source, year, doc_type, pages, url) VALUES ('little_river_al', 'Little River Canyon National Preserve General Management Plan', 'NPS', 2009, 'Federal', 220, 'https://www.nps.gov/liri/learn/management/index.htm');
INSERT INTO public.river_reviews (river_id, username, review_date, stars, body, is_seed) VALUES ('little_river_al', 'bama_ww_kayak', 'Mar 2025', 5, 'Canyon run at 800 cfs — Chair Factory Shoals was pumping. Deepest canyon east of the Rockies and it''s in Alabama. Mind blown.', true);
INSERT INTO public.river_reviews (river_id, username, review_date, stars, body, is_seed) VALUES ('little_river_al', 'lookout_mtn_paddle', 'Feb 2025', 4, 'Little River at 500 cfs — technical and beautiful. The NPS preserve keeps the canyon pristine.', true);
INSERT INTO public.river_outfitters (river_id, name, description, link, is_seed) VALUES ('little_river_al', 'Little River Outfitters', 'Kayak rentals and canyon shuttles, Fort Payne', 'littleriveroutfitters.com', true);
INSERT INTO public.rivers (id, state_key, name, county, length, class, optimal_cfs, usgs_gauge, avg_cfs, hist_flow, map_x, map_y, description, designations, sections, filter_flags) VALUES ('cahaba', 'al', 'Cahaba River', 'Shelby / Bibb Co.', '194 mi', 'I–III', '500–3000', '02423500', 1800, 1620, 645, 380, 'The most biodiverse river per mile in North America — 194 miles from the Appalachian foothills near Birmingham to the Alabama River. Home to 131 fish species, 69 rare and imperiled species, and the largest known stand of Cahaba lilies, which bloom spectacularly each May.', 'Cahaba River National Wildlife Refuge · Alabama Scenic River', ARRAY['Upper Cahaba — Trussville to Grants Mill, Birmingham suburban','Middle Cahaba — Shelby County, Cahaba lily shoals','Lower Cahaba — Bibb County to Alabama River, remote'], '{"ww":true,"scenic":true,"appalachian":true,"coastal":true}') ON CONFLICT (id) DO NOTHING;
INSERT INTO public.river_history (river_id, era, year, title, body, source, sort_order) VALUES ('cahaba', 'native', 'Pre-contact', 'Creek (Muscogee) Homeland — ''Water Above''', 'The Cahaba watershed was Creek (Muscogee) territory. ''Cahaba'' likely derives from a Choctaw word meaning ''water above.'' The Creek Confederacy''s towns along the Cahaba were forcibly removed during the Trail of Tears era in the 1830s.', 'Muscogee (Creek) Nation; Alabama Department of Archives and History', 0);
INSERT INTO public.river_history (river_id, era, year, title, body, source, sort_order) VALUES ('cahaba', 'survey', '2002', 'Cahaba River NWR Established', 'The U.S. Fish and Wildlife Service established the Cahaba River National Wildlife Refuge to protect critical habitat for the river''s 69 rare and imperiled species — more than any other river of comparable size in North America.', 'USFWS Cahaba River NWR', 1);
INSERT INTO public.river_history (river_id, era, year, title, body, source, sort_order) VALUES ('cahaba', 'modern', '2023', 'Cahaba Lily Festival — Alabama''s Botanical Wonder', 'The annual Cahaba Lily Festival celebrates the spectacular May bloom of Hymenocallis coronaria on the Cahaba shoals — the largest remaining population of this rare lily species, drawing thousands of visitors to the river.', 'Cahaba River Society; USFWS', 2);
INSERT INTO public.river_documents (river_id, title, source, year, doc_type, pages, url) VALUES ('cahaba', 'Cahaba River Watershed Restoration Plan', 'USFWS/ADEM', 2015, 'Ecology', 195, 'https://www.adem.alabama.gov/programs/water/nps/files/CahabaBMP.pdf');
INSERT INTO public.river_reviews (river_id, username, review_date, stars, body, is_seed) VALUES ('cahaba', 'bham_river_rat', 'May 2025', 5, 'Cahaba lily shoals at 1,200 cfs in peak bloom — thousands of white lilies erupting from the shoals. Most biodiverse river per mile in North America and it''s 20 minutes from Birmingham.', true);
INSERT INTO public.river_reviews (river_id, username, review_date, stars, body, is_seed) VALUES ('cahaba', 'cahaba_conservancy', 'Apr 2025', 4, 'Middle Cahaba float at 800 cfs — spotted a flattened musk turtle and three species of darter in one riffle. This river is a living museum.', true);
INSERT INTO public.river_outfitters (river_id, name, description, link, is_seed) VALUES ('cahaba', 'Cahaba Canoe Launch', 'Shelby County access and rentals', 'cahabacanoe.com', true);
INSERT INTO public.rivers (id, state_key, name, county, length, class, optimal_cfs, usgs_gauge, avg_cfs, hist_flow, map_x, map_y, description, designations, sections, filter_flags) VALUES ('locust_fork', 'al', 'Locust Fork of the Black Warrior', 'Blount Co.', '30 mi', 'II–IV', '500–3000', '02450000', 1400, 1260, 645, 380, 'Birmingham''s backyard whitewater — 30 miles of Class II–IV rapids through sandstone gorges in Blount County. The Locust Fork delivers genuine Appalachian whitewater just 45 minutes from downtown Birmingham, with continuous rapids and dramatic bluff scenery.', 'Alabama Scenic River · Black Warrior Clean Water Partnership', ARRAY['Upper — Powell Falls to Swann Bridge, Class II–III','Middle — Swann Bridge to Nectar, Class III–IV gorge','Lower — Nectar to Cleveland, Class II, mellowing out'], '{"ww":true,"scenic":true,"appalachian":true,"coastal":false}') ON CONFLICT (id) DO NOTHING;
INSERT INTO public.river_history (river_id, era, year, title, body, source, sort_order) VALUES ('locust_fork', 'native', 'Pre-contact', 'Muscogee Territory — ''Black Warrior'' River System', 'The Locust Fork is a major tributary of the Black Warrior River, named for the Muscogee (Creek) warrior Tuskaloosa who confronted Hernando de Soto in 1540. The name ''Black Warrior'' derives from a Choctaw translation of the Muscogee chief''s name.', 'Alabama Department of Archives and History; Muscogee (Creek) Nation', 0);
INSERT INTO public.river_history (river_id, era, year, title, body, source, sort_order) VALUES ('locust_fork', 'survey', '2010', 'Alabama Scenic River Designation', 'The Alabama legislature designated the Locust Fork as a state Scenic River, recognizing its outstanding recreational and ecological values and protecting it from impoundment.', 'Alabama Department of Conservation and Natural Resources', 1);
INSERT INTO public.river_history (river_id, era, year, title, body, source, sort_order) VALUES ('locust_fork', 'modern', '2024', 'Birmingham''s Whitewater Renaissance', 'The Locust Fork has become the centerpiece of Birmingham''s growing outdoor recreation identity, with local paddling clubs reporting record participation and Blount County benefiting from paddlesport tourism.', 'Alabama Rivers Alliance; Birmingham Canoe Club', 2);
INSERT INTO public.river_reviews (river_id, username, review_date, stars, body, is_seed) VALUES ('locust_fork', 'bham_whitewater', 'Mar 2025', 5, 'Swann Bridge to Nectar at 1,800 cfs — real whitewater 45 minutes from Birmingham. Powell Falls was a solid Class IV drop. Alabama''s best kept whitewater secret.', true);
INSERT INTO public.river_reviews (river_id, username, review_date, stars, body, is_seed) VALUES ('locust_fork', 'locust_fork_local', 'Feb 2025', 4, 'Upper run at 1,000 cfs — technical Class III with beautiful bluffs. Blount County delivers.', true);
INSERT INTO public.river_outfitters (river_id, name, description, link, is_seed) VALUES ('locust_fork', 'Swann Bridge Canoe Launch', 'Put-in access and informal shuttles, Cleveland AL', 'blountcountyparks.com', true);
INSERT INTO public.rivers (id, state_key, name, county, length, class, optimal_cfs, usgs_gauge, avg_cfs, hist_flow, map_x, map_y, description, designations, sections, filter_flags) VALUES ('sipsey_fork', 'al', 'Sipsey Fork', 'Lawrence / Winston Co.', '35 mi', 'I–II', '200–1,500', '02450250', 680, 612, 640, 375, 'Flowing through the heart of Bankhead National Forest and past the Sipsey Wilderness — Alabama''s only federally designated wilderness — the Sipsey Fork offers some of the most remote and pristine paddling in the state. Canyon walls, waterfalls on tributaries, and old-growth forest create a true backcountry experience.', 'Sipsey Wilderness · Bankhead National Forest', ARRAY['Upper — Sipsey Wilderness, hiking-access only, Class I','Lower — Below Lewis Smith Dam, 20 mi, Class I–II tailwater'], '{"ww":true,"scenic":true,"appalachian":true,"coastal":false}') ON CONFLICT (id) DO NOTHING;
INSERT INTO public.river_history (river_id, era, year, title, body, source, sort_order) VALUES ('sipsey_fork', 'native', 'Pre-contact', 'Cherokee and Chickasaw Borderland', 'The Sipsey Fork canyon country lay in the contested borderlands between Cherokee and Chickasaw nations. The deep sandstone gorges provided shelter and hunting grounds for both peoples, and the area''s remoteness preserved it from early settlement.', 'Alabama Department of Archives and History; Winston County Historical Society', 0);
INSERT INTO public.river_history (river_id, era, year, title, body, source, sort_order) VALUES ('sipsey_fork', 'modern', '1975', 'Sipsey Wilderness Designated', 'Congress designated the 25,000-acre Sipsey Wilderness in 1975 — Alabama''s first and only federally designated wilderness. The designation protected the Sipsey Fork canyon system and its old-growth forest from logging and development.', 'USFS Bankhead National Forest; Alabama Wilderness Alliance', 1);
INSERT INTO public.river_reviews (river_id, username, review_date, stars, body, is_seed) VALUES ('sipsey_fork', 'bama_wilderness_paddle', 'Mar 2025', 5, '''Sipsey Fork below Lewis Smith Dam at 600 cfs — cold tailwater, canyon walls, waterfall tributaries. Alabama''s most wild and scenic paddle.', true);
INSERT INTO public.river_reviews (river_id, username, review_date, stars, body, is_seed) VALUES ('sipsey_fork', 'bankhead_hiker', 'Feb 2025', 4, 'Sipsey Fork at 400 cfs — Class I–II riffles through the national forest. Spotted a red-cockaded woodpecker. Pristine.', true);
INSERT INTO public.river_outfitters (river_id, name, description, link, is_seed) VALUES ('sipsey_fork', 'Sipsey Fork Outfitters', 'Kayak rentals and shuttle service for Sipsey Fork paddling', '', true);
INSERT INTO public.rivers (id, state_key, name, county, length, class, optimal_cfs, usgs_gauge, avg_cfs, hist_flow, map_x, map_y, description, designations, sections, filter_flags) VALUES ('mulberry_al', 'al', 'Mulberry Fork', 'Blount / Cullman Co.', '50 mi', 'I–III', '300–2,000', '02449500', 1100, 990, 640, 378, 'Alabama''s rain-dependent whitewater surprise — when the Mulberry Fork is running, it delivers genuine Class II–III rapids through a scenic Appalachian foothill gorge in Blount and Cullman counties. Sandstone bluffs, hardwood forests, and a remote corridor make this a favorite among Birmingham-area whitewater paddlers.', 'Alabama Scenic River', ARRAY['Upper — Cullman County to Garden City, 25 mi, Class II–III','Lower — Garden City to Locust Fork confluence, 25 mi, Class I–II'], '{"ww":true,"scenic":true,"appalachian":true,"coastal":false}') ON CONFLICT (id) DO NOTHING;
INSERT INTO public.river_history (river_id, era, year, title, body, source, sort_order) VALUES ('mulberry_al', 'native', 'Pre-contact', 'Cherokee Territory — Black Warrior Headwaters', 'The Mulberry Fork is a major headwater tributary of the Black Warrior River system. This Appalachian foothill country was Cherokee territory, with the rugged terrain providing hunting grounds and defensive positions along the northern Alabama frontier.', 'Alabama Department of Archives and History; Cullman County Historical Society', 0);
INSERT INTO public.river_history (river_id, era, year, title, body, source, sort_order) VALUES ('mulberry_al', 'modern', '2018', 'Alabama Scenic River Designation', 'The Alabama legislature designated the Mulberry Fork as a state Scenic River, protecting its free-flowing character and outstanding recreational values from impoundment.', 'Alabama Department of Conservation and Natural Resources; Alabama Rivers Alliance', 1);
INSERT INTO public.river_reviews (river_id, username, review_date, stars, body, is_seed) VALUES ('mulberry_al', 'bham_creek_boater', 'Mar 2025', 4, '''Mulberry Fork at 1,500 cfs after rain — Class II–III rapids through a gorgeous sandstone gorge. Birmingham''s other whitewater river.', true);
INSERT INTO public.river_reviews (river_id, username, review_date, stars, body, is_seed) VALUES ('mulberry_al', 'cullman_kayaker', 'Feb 2025', 4, 'Mulberry at 800 cfs — fun Class II the whole way. Wooded corridor, no development, great winter paddle.', true);
INSERT INTO public.river_outfitters (river_id, name, description, link, is_seed) VALUES ('mulberry_al', 'Mulberry Fork Paddle Company', 'Kayak rentals and guided whitewater trips on the Mulberry Fork', '', true);
INSERT INTO public.rivers (id, state_key, name, county, length, class, optimal_cfs, usgs_gauge, avg_cfs, hist_flow, map_x, map_y, description, designations, sections, filter_flags) VALUES ('coosa', 'al', 'Coosa River', 'St. Clair / Talladega Co.', '280 mi', 'I–II', '1,000–8,000', '02407000', 6200, 5580, 650, 385, 'Central Alabama''s major river — 280 miles from the confluence of the Etowah and Oostanaula in Rome, Georgia, through the Appalachian foothills to the Alabama River at Wetumpka, site of a 80-million-year-old meteor impact crater. One of the most biodiverse river systems in North America.', 'Coosa River Basin Initiative · Wetumpka Impact Crater', ARRAY['Upper — Gadsden to Logan Martin Dam, 60 mi, reservoir sections','Middle — Talladega County reaches, Class I–II shoals','Lower — Wetumpka to Alabama River, Class I–II at the crater'], '{"ww":false,"scenic":true,"appalachian":true,"coastal":true}') ON CONFLICT (id) DO NOTHING;
INSERT INTO public.river_history (river_id, era, year, title, body, source, sort_order) VALUES ('coosa', 'native', 'Pre-contact', 'Creek (Muscogee) Homeland — ''Cane River''', 'The Coosa River was the backbone of the Creek (Muscogee) Confederacy. The name derives from the Muscogee word for cane, referencing the river cane that lined the banks. Coosa chiefdom was one of the most powerful polities in the pre-contact Southeast, documented by de Soto''s expedition in 1540.', 'Muscogee (Creek) Nation; Alabama Department of Archives and History', 0);
INSERT INTO public.river_history (river_id, era, year, title, body, source, sort_order) VALUES ('coosa', 'modern', '2002', 'Coosa River Basin Initiative — Conservation Partnership', 'A coalition of conservation groups launched the Coosa River Basin Initiative to address water quality, endangered species protection, and public access on one of North America''s most biodiverse — and most imperiled — river systems.', 'Coosa River Basin Initiative; Alabama Rivers Alliance', 1);
INSERT INTO public.river_reviews (river_id, username, review_date, stars, body, is_seed) VALUES ('coosa', 'central_al_paddle', 'Apr 2025', 4, 'Wetumpka shoals at 3,000 cfs — Class I–II rapids through the meteor impact crater. Paddling through a cosmic collision site is surreal.', true);
INSERT INTO public.river_reviews (river_id, username, review_date, stars, body, is_seed) VALUES ('coosa', 'gadsden_kayaker', 'Mar 2025', 4, '''Coosa near Gadsden at 5,000 cfs — wide, powerful, good fishing. Central Alabama''s big river delivers.', true);
INSERT INTO public.river_outfitters (river_id, name, description, link, is_seed) VALUES ('coosa', 'Coosa River Adventures', 'Kayak and canoe rentals for Coosa River paddling', '', true);
INSERT INTO public.rivers (id, state_key, name, county, length, class, optimal_cfs, usgs_gauge, avg_cfs, hist_flow, map_x, map_y, description, designations, sections, filter_flags) VALUES ('tallapoosa', 'al', 'Tallapoosa River', 'Cleburne / Tallapoosa Co.', '265 mi', 'I–II', '500–4,000', '02414500', 3400, 3060, 655, 385, 'A river steeped in American history — the Tallapoosa flows 265 miles from the Georgia Piedmont through Horseshoe Bend National Military Park, site of Andrew Jackson''s decisive 1814 battle against the Red Stick Creek. Rocky shoals, scenic bluffs, and rich biodiversity define this underappreciated Alabama river.', 'Horseshoe Bend National Military Park · Alabama Scenic Corridor', ARRAY['Upper — Heflin to Dadeville, 80 mi, Piedmont shoals','Horseshoe Bend — NMP reach, historic battlefield','Lower — Below Thurlow Dam to Tallassee, 40 mi, shoals and riffles'], '{"ww":false,"scenic":true,"appalachian":true,"coastal":false}') ON CONFLICT (id) DO NOTHING;
INSERT INTO public.river_history (river_id, era, year, title, body, source, sort_order) VALUES ('tallapoosa', 'native', 'Pre-contact', 'Creek (Muscogee) Heartland — Tallapoosa Towns', 'The Tallapoosa River was lined with major Creek (Muscogee) towns — Tallassee, Tuckabatchee, and others formed the political heart of the Upper Creek Nation. The Battle of Horseshoe Bend (1814) on the Tallapoosa was one of the most consequential conflicts in southeastern Native American history.', 'Muscogee (Creek) Nation; NPS Horseshoe Bend NMP', 0);
INSERT INTO public.river_history (river_id, era, year, title, body, source, sort_order) VALUES ('tallapoosa', 'modern', '1956', 'Horseshoe Bend National Military Park', 'The National Park Service established Horseshoe Bend National Military Park on the Tallapoosa River, preserving the site of Andrew Jackson''s decisive 1814 victory over the Red Stick Creek — a battle that reshaped the American Southeast.', 'NPS Horseshoe Bend NMP; Alabama Historical Commission', 1);
INSERT INTO public.river_reviews (river_id, username, review_date, stars, body, is_seed) VALUES ('tallapoosa', 'tallapoosa_paddler', 'Apr 2025', 4, 'Horseshoe Bend section at 1,500 cfs — paddling through the national military park is a powerful experience. Rocky shoals and history everywhere.', true);
INSERT INTO public.river_reviews (river_id, username, review_date, stars, body, is_seed) VALUES ('tallapoosa', 'al_piedmont_kayak', 'Mar 2025', 4, 'Upper Tallapoosa at 800 cfs — fun Class I–II shoals through the Piedmont. Underrated Alabama river.', true);
INSERT INTO public.river_outfitters (river_id, name, description, link, is_seed) VALUES ('tallapoosa', 'Tallapoosa River Outfitters', 'Canoe and kayak rentals for Tallapoosa River paddling', '', true);
INSERT INTO public.rivers (id, state_key, name, county, length, class, optimal_cfs, usgs_gauge, avg_cfs, hist_flow, map_x, map_y, description, designations, sections, filter_flags) VALUES ('flint_al', 'al', 'Flint Creek', 'Morgan Co.', '25 mi', 'I', '50–300', '03443000', 160, 144, 638, 370, 'A short, gentle family float through the Wheeler National Wildlife Refuge corridor in Morgan County. Flint Creek offers easy Class I paddling, excellent birdwatching, and access to one of the most important migratory waterfowl refuges in the Tennessee Valley.', 'Wheeler National Wildlife Refuge', ARRAY['Flint Creek — Hartselle to Wheeler NWR, 15 mi, gentle float','Lower — Wheeler NWR to Tennessee River, 10 mi, refuge corridor'], '{"ww":false,"scenic":true,"appalachian":false,"coastal":false}') ON CONFLICT (id) DO NOTHING;
INSERT INTO public.river_history (river_id, era, year, title, body, source, sort_order) VALUES ('flint_al', 'native', 'Pre-contact', 'Cherokee and Chickasaw Borderland — Tennessee Valley', 'Flint Creek flows through the Tennessee Valley borderland between Cherokee and Chickasaw territories. The valley''s rich bottomlands and abundant game made it contested territory for centuries before European settlement.', 'Alabama Department of Archives and History; Morgan County Historical Society', 0);
INSERT INTO public.river_history (river_id, era, year, title, body, source, sort_order) VALUES ('flint_al', 'modern', '1938', 'Wheeler National Wildlife Refuge Established', 'The U.S. Fish and Wildlife Service established Wheeler National Wildlife Refuge in 1938 along the Tennessee River and its tributaries, including Flint Creek. The refuge hosts the largest wintering population of sandhill cranes in the Southeast.', 'USFWS Wheeler NWR; Alabama Ornithological Society', 1);
INSERT INTO public.river_reviews (river_id, username, review_date, stars, body, is_seed) VALUES ('flint_al', 'wheeler_birder', 'Mar 2025', 4, 'Flint Creek through Wheeler NWR at 100 cfs — saw sandhill cranes, herons, and eagles. Short paddle but incredible birding.', true);
INSERT INTO public.river_reviews (river_id, username, review_date, stars, body, is_seed) VALUES ('flint_al', 'decatur_family_paddle', 'Feb 2025', 4, 'Flint Creek at 80 cfs — gentle, easy, perfect for kids. The wildlife refuge adds a special dimension to a family float.', true);
INSERT INTO public.river_outfitters (river_id, name, description, link, is_seed) VALUES ('flint_al', 'Flint Creek Paddle Rentals', 'Kayak and canoe rentals near Wheeler National Wildlife Refuge', '', true);
INSERT INTO public.rivers (id, state_key, name, county, length, class, optimal_cfs, usgs_gauge, avg_cfs, hist_flow, map_x, map_y, description, designations, sections, filter_flags) VALUES ('ichetucknee', 'fl', 'Ichetucknee River', 'Columbia / Suwannee Co.', '6 mi', 'I', '200–400', '02322800', 310, 279, 660, 440, 'A crystal spring-fed jewel flowing six miles through Ichetucknee Springs State Park — nine major springs produce 233 million gallons of water daily at a constant 72 degrees. The river''s gin-clear turquoise water and lush aquatic vegetation make it one of the most visually stunning paddling experiences in North America.', 'Ichetucknee Springs State Park · National Natural Landmark', ARRAY['Headspring to Midpoint — 3 mi, springs and clear pools','Midpoint to Dampier Landing — 3 mi, wider and shaded'], '{"spring":true,"scenic":true,"coastal":false,"wildlife":true}') ON CONFLICT (id) DO NOTHING;
INSERT INTO public.river_history (river_id, era, year, title, body, source, sort_order) VALUES ('ichetucknee', 'native', 'Pre-contact', 'Timucua Homeland — Sacred Springs', 'The Ichetucknee springs were sacred to the Timucua people, who inhabited north-central Florida for over 10,000 years. Archaeological sites along the river document continuous habitation. Spanish missions were established nearby in the 1600s, devastating the Timucua through disease.', 'Florida Division of Historical Resources; Ichetucknee Springs State Park', 0);
INSERT INTO public.river_history (river_id, era, year, title, body, source, sort_order) VALUES ('ichetucknee', 'survey', '1970', 'Ichetucknee Springs State Park Established', 'Florida acquired the Ichetucknee corridor and established the state park in 1970, rescuing the springs from commercial development. The park now manages over 200,000 visitors annually while maintaining the river''s pristine water quality.', 'Florida State Parks; DEP', 1);
INSERT INTO public.river_reviews (river_id, username, review_date, stars, body, is_seed) VALUES ('ichetucknee', 'springs_paddler', 'Jul 2024', 5, 'Ichetucknee at 310 cfs — crystal clear, 72 degrees, turtles and fish everywhere. Six miles of the most beautiful spring water in Florida.', true);
INSERT INTO public.river_reviews (river_id, username, review_date, stars, body, is_seed) VALUES ('ichetucknee', 'fl_nature_lover', 'Jun 2024', 5, 'Headspring to Dampier Landing in 2 hours. The water clarity is unreal — you can see every blade of eelgrass on the bottom.', true);
INSERT INTO public.river_outfitters (river_id, name, description, link, is_seed) VALUES ('ichetucknee', 'Ichetucknee Springs State Park', 'Tube and kayak rentals, shuttle service', 'floridastateparks.org', true);
INSERT INTO public.rivers (id, state_key, name, county, length, class, optimal_cfs, usgs_gauge, avg_cfs, hist_flow, map_x, map_y, description, designations, sections, filter_flags) VALUES ('peace', 'fl', 'Peace River', 'Polk / DeSoto Co.', '106 mi', 'I', '200–2000', '02295637', 680, 612, 660, 440, 'Central Florida wilderness and one of the best fossil-hunting rivers in the world — prehistoric shark teeth, mammoth bones, and dugong fossils wash out of the Peace River''s banks after every rain. A mellow Class I paddle through ranch country and cypress swamps.', 'Peace River Canoe Trail · Florida Designated Paddling Trail', ARRAY['Bartow to Bowling Green — 30 mi, upper Peace, narrow and intimate','Bowling Green to Arcadia — 40 mi, prime fossil-hunting stretch'], '{"spring":false,"scenic":true,"coastal":false,"wildlife":true}') ON CONFLICT (id) DO NOTHING;
INSERT INTO public.river_history (river_id, era, year, title, body, source, sort_order) VALUES ('peace', 'native', 'Pre-contact', 'Calusa and Seminole — ''River of Peace''', 'The Peace River corridor was home to the Calusa people for thousands of years, with shell mounds and middens lining the lower river. The Seminole Wars of the 1830s saw fierce conflict along the Peace River, and the name commemorates the eventual treaties.', 'Florida Division of Historical Resources; DeSoto County Historical Society', 0);
INSERT INTO public.river_history (river_id, era, year, title, body, source, sort_order) VALUES ('peace', 'modern', '2020', 'Fossil Capital of Florida', 'The Peace River has become internationally known for fossil hunting. Pleistocene-era shark teeth, mammoth molars, and other prehistoric remains erode from the riverbanks, drawing amateur paleontologists from around the world.', 'Florida Museum of Natural History; Peace River Fossil Hunters', 1);
INSERT INTO public.river_documents (river_id, title, source, year, doc_type, pages, url) VALUES ('peace', 'Peace River Comprehensive Watershed Management Plan', 'SWFWMD', 2017, 'Ecology', 195, 'http://polk.wateratlas.usf.edu/upload/documents/PEACE%20RIVER%20CWM%20PART1.pdf');
INSERT INTO public.river_reviews (river_id, username, review_date, stars, body, is_seed) VALUES ('peace', 'fossil_paddler_fl', 'Feb 2025', 5, 'Bowling Green to Arcadia at 500 cfs — found two megalodon teeth and a mammoth bone fragment in one trip. The Peace River is a time machine.', true);
INSERT INTO public.river_reviews (river_id, username, review_date, stars, body, is_seed) VALUES ('peace', 'centralfl_canoe', 'Jan 2025', 4, 'Upper Peace at 300 cfs — narrow, shady, alligators everywhere. Great winter paddle when the north is frozen.', true);
INSERT INTO public.river_outfitters (river_id, name, description, link, is_seed) VALUES ('peace', 'Canoe Outpost — Peace River', 'Full-service canoe and kayak rentals, Arcadia', 'canoeoutpost.com', true);
INSERT INTO public.rivers (id, state_key, name, county, length, class, optimal_cfs, usgs_gauge, avg_cfs, hist_flow, map_x, map_y, description, designations, sections, filter_flags) VALUES ('loxahatchee', 'fl', 'Loxahatchee River', 'Palm Beach / Martin Co.', '7.6 mi', 'I', '50–300', '02277600', 120, 108, 660, 440, 'Florida''s first National Wild and Scenic River — a short but spectacular paddle through a pristine cypress swamp in Jonathan Dickinson State Park. The Loxahatchee is a window into what southeast Florida looked like before development.', 'National Wild & Scenic River (1985) · Jonathan Dickinson State Park', ARRAY['Riverbend Park to Jonathan Dickinson SP — 7.6 mi, the full Wild & Scenic run','Loxahatchee River Battlefield Park — 2 mi, short family paddle'], '{"spring":false,"scenic":true,"coastal":true,"wildlife":true}') ON CONFLICT (id) DO NOTHING;
INSERT INTO public.river_history (river_id, era, year, title, body, source, sort_order) VALUES ('loxahatchee', 'native', 'Pre-contact', 'Jaega and Ais People — Coastal River Dwellers', 'The Loxahatchee River watershed was home to the Jaega and Ais peoples for thousands of years. The river provided freshwater access near the coast and supported rich fisheries. European contact in the 1500s and subsequent colonization devastated these populations.', 'Florida Division of Historical Resources; Jonathan Dickinson State Park', 0);
INSERT INTO public.river_history (river_id, era, year, title, body, source, sort_order) VALUES ('loxahatchee', 'survey', '1985', 'Florida''s First National Wild & Scenic River', 'Congress designated the Northwest Fork of the Loxahatchee as a National Wild and Scenic River in 1985 — the first river in Florida to receive that protection. The designation recognized the extraordinary ecological value of an undeveloped river corridor in one of America''s fastest-growing regions.', 'NPS; Loxahatchee River District', 1);
INSERT INTO public.river_documents (river_id, title, source, year, doc_type, pages, url) VALUES ('loxahatchee', 'Loxahatchee River Preservation Initiative', 'Loxahatchee River District', 2019, 'Ecology', 110, 'https://lrpi.us/');
INSERT INTO public.river_reviews (river_id, username, review_date, stars, body, is_seed) VALUES ('loxahatchee', 'se_florida_paddle', 'Mar 2025', 5, 'Riverbend Park to Jonathan Dickinson at 100 cfs — ancient cypress, manatees, and total wilderness 20 minutes from Jupiter. Unbelievable.', true);
INSERT INTO public.river_reviews (river_id, username, review_date, stars, body, is_seed) VALUES ('loxahatchee', 'jupiter_kayaker', 'Feb 2025', 4, 'Loxahatchee at 80 cfs — narrow, shaded, prehistoric-feeling. Florida''s best-kept paddling secret in Palm Beach County.', true);
INSERT INTO public.river_outfitters (river_id, name, description, link, is_seed) VALUES ('loxahatchee', 'Canoe Outfitters of Florida', 'Loxahatchee River kayak and canoe rentals', 'canoeoutfittersofflorida.com', true);
INSERT INTO public.rivers (id, state_key, name, county, length, class, optimal_cfs, usgs_gauge, avg_cfs, hist_flow, map_x, map_y, description, designations, sections, filter_flags) VALUES ('suwannee', 'fl', 'Suwannee River', 'Hamilton / Suwannee Co.', '246 mi', 'I', '2000–15000', '02320500', 6800, 6120, 660, 440, 'Stephen Foster''s famous river — 246 miles from Georgia''s Okefenokee Swamp to the Gulf of Mexico. The Suwannee is fed by dozens of first-magnitude springs creating windows of turquoise clarity in the dark tannic water. One of the great multi-day expedition paddles in the eastern United States.', 'Suwannee River Wilderness Trail · Florida Outstanding Waterway', ARRAY['Upper — Fargo GA to White Springs, Okefenokee blackwater','Middle — White Springs to Branford, major spring tributaries','Lower — Branford to Gulf, tidal and wide'], '{"spring":true,"scenic":true,"coastal":true,"wildlife":true}') ON CONFLICT (id) DO NOTHING;
INSERT INTO public.river_history (river_id, era, year, title, body, source, sort_order) VALUES ('suwannee', 'native', 'Pre-contact', 'Timucua and Apalachee Territory', 'The Suwannee River basin was shared territory between the Timucua and Apalachee peoples. The river''s name may derive from the Spanish ''San Juan'' or from an indigenous word. Spanish missions lined the Suwannee corridor in the 1600s.', 'Florida Museum of Natural History; Suwannee River Water Management District', 0);
INSERT INTO public.river_history (river_id, era, year, title, body, source, sort_order) VALUES ('suwannee', 'survey', '1851', 'Stephen Foster''s ''Old Folks at Home''', 'Stephen Foster composed ''Old Folks at Home'' (Way Down Upon the Swanee River) in 1851, making the Suwannee one of the most famous rivers in American popular culture — despite Foster never having visited it. He chose the name from an atlas for its musical quality.', 'Stephen Foster Memorial; Library of Congress', 1);
INSERT INTO public.river_history (river_id, era, year, title, body, source, sort_order) VALUES ('suwannee', 'modern', '2000', 'Suwannee River Wilderness Trail Established', 'Florida''s Office of Greenways and Trails established the 207-mile Suwannee River Wilderness Trail with river camps spaced every 8–12 miles, creating one of the finest long-distance paddling trails in the Southeast.', 'Florida DEP Office of Greenways and Trails', 2);
INSERT INTO public.river_documents (river_id, title, source, year, doc_type, pages, url) VALUES ('suwannee', 'Suwannee River Basin Surface Water Improvement Plan', 'SRWMD', 2017, 'Hydrology', 280, 'https://www.mysuwanneeriver.com/DocumentCenter/View/12027/Suwannee-River-Basin-SWIM-Plan');
INSERT INTO public.river_reviews (river_id, username, review_date, stars, body, is_seed) VALUES ('suwannee', 'expedition_paddler', 'Mar 2025', 5, 'Five days from White Springs to the Gulf at 5,200 cfs. Spring runs pouring turquoise water into dark tannic main stem. Stephen Foster''s river delivers.', true);
INSERT INTO public.river_reviews (river_id, username, review_date, stars, body, is_seed) VALUES ('suwannee', 'suwannee_springs', 'Feb 2025', 4, 'Branford section at 8,000 cfs — wide and powerful. Springs visible as blue windows in the dark water. Manatees at Manatee Springs.', true);
INSERT INTO public.river_outfitters (river_id, name, description, link, is_seed) VALUES ('suwannee', 'Suwannee River Wilderness Trail', 'State-managed river camps and access', 'floridastateparks.org/suwannee', true);
INSERT INTO public.river_outfitters (river_id, name, description, link, is_seed) VALUES ('suwannee', 'American Canoe Adventures', 'Multi-day Suwannee trips, White Springs', 'aca1.com', true);
INSERT INTO public.rivers (id, state_key, name, county, length, class, optimal_cfs, usgs_gauge, avg_cfs, hist_flow, map_x, map_y, description, designations, sections, filter_flags) VALUES ('wekiva', 'fl', 'Wekiva River', 'Seminole / Orange Co.', '15 mi', 'I', '100–400', '02235000', 210, 189, 660, 440, 'A spring-fed Wild and Scenic candidate flowing through Orlando''s suburban edge — 15 miles of crystal-clear water, towering cypress, and surprising wilderness just minutes from theme parks. Home to manatees, otters, and one of central Florida''s last undeveloped river corridors.', 'Wekiwa Springs State Park · Florida Outstanding Waterway · Wild & Scenic Study River', ARRAY['Wekiwa Springs to Katie Landing — 8 mi, state park corridor','Katie Landing to St. Johns confluence — 7 mi, wider and wilder'], '{"spring":true,"scenic":true,"coastal":false,"wildlife":true}') ON CONFLICT (id) DO NOTHING;
INSERT INTO public.river_history (river_id, era, year, title, body, source, sort_order) VALUES ('wekiva', 'native', 'Pre-contact', 'Timucua Homeland — ''Spring of Water''', 'Wekiva derives from the Creek word for ''spring of water.'' The Wekiva basin was Timucua territory, with archaeological evidence of habitation exceeding 10,000 years. The springs were gathering places of spiritual significance.', 'Wekiwa Springs State Park; Florida Division of Historical Resources', 0);
INSERT INTO public.river_history (river_id, era, year, title, body, source, sort_order) VALUES ('wekiva', 'survey', '1969', 'Wekiwa Springs State Park Established', 'Florida acquired the headspring and surrounding 7,800 acres, establishing Wekiwa Springs State Park and protecting the river''s source from the explosive growth of Orlando''s northern suburbs.', 'Florida State Parks', 1);
INSERT INTO public.river_history (river_id, era, year, title, body, source, sort_order) VALUES ('wekiva', 'modern', '2023', 'Wild & Scenic River Study Initiated', 'Congress authorized a study evaluating the Wekiva River for National Wild and Scenic River designation, recognizing its extraordinary ecological values and the urgency of protecting a spring-fed river surrounded by one of America''s fastest-growing metro areas.', 'NPS; Wekiva River Basin Commission', 2);
INSERT INTO public.river_reviews (river_id, username, review_date, stars, body, is_seed) VALUES ('wekiva', 'orlando_nature_paddle', 'Apr 2025', 5, 'Wekiwa Springs to Katie Landing at 200 cfs — crystal water, cypress canopy, saw two manatees and an otter. This is 15 minutes from Disney World.', true);
INSERT INTO public.river_reviews (river_id, username, review_date, stars, body, is_seed) VALUES ('wekiva', 'centralfl_kayak', 'Mar 2025', 4, 'Wekiva at 180 cfs — narrow, shaded, pristine. Hard to believe you''re in metro Orlando. Bring polarized glasses to see the springs.', true);
INSERT INTO public.river_outfitters (river_id, name, description, link, is_seed) VALUES ('wekiva', 'Wekiva Island', 'Kayak and paddleboard rentals, Longwood', 'wekivaisland.com', true);
INSERT INTO public.rivers (id, state_key, name, county, length, class, optimal_cfs, usgs_gauge, avg_cfs, hist_flow, map_x, map_y, description, designations, sections, filter_flags) VALUES ('rainbow', 'fl', 'Rainbow River', 'Marion Co.', '6 mi', 'I', '200–400', '02313100', 310, 279, 660, 440, 'A first-magnitude spring run flowing six miles of crystal-clear water through Rainbow Springs State Park. The Rainbow River produces over 400 million gallons daily at a constant 72 degrees, creating one of the most visually stunning short paddles in Florida. Designated an Outstanding Florida Water and Aquatic Preserve, the river''s turquoise clarity reveals every detail of the lush underwater garden below.', 'Rainbow Springs State Park · Florida Aquatic Preserve · Outstanding Florida Water', ARRAY['Rainbow Springs headspring to KP Hole — 3 mi, crystal spring run, state park','KP Hole to Withlacoochee confluence — 3 mi, wider, residential edges'], '{"spring":true,"scenic":true,"coastal":false,"wildlife":true}') ON CONFLICT (id) DO NOTHING;
INSERT INTO public.river_history (river_id, era, year, title, body, source, sort_order) VALUES ('rainbow', 'native', 'Pre-contact', 'Timucua Homeland — Sacred Springs', 'The Rainbow Springs were sacred to the Timucua people, who inhabited the region for over 10,000 years. Archaeological sites around the headspring document continuous habitation. The springs'' constant flow and abundant fish supported large seasonal gatherings.', 'Florida Division of Historical Resources; Rainbow Springs State Park', 0);
INSERT INTO public.river_history (river_id, era, year, title, body, source, sort_order) VALUES ('rainbow', 'survey', '1990', 'Rainbow Springs State Park Established', 'Florida acquired the former Rainbow Springs tourist attraction and established Rainbow Springs State Park, protecting the headspring and upper river corridor from residential development that had begun to encroach on the spring basin.', 'Florida State Parks; SWFWMD', 1);
INSERT INTO public.river_reviews (river_id, username, review_date, stars, body, is_seed) VALUES ('rainbow', 'ocala_paddle_daily', 'Mar 2025', 5, 'Rainbow River at 310 cfs — visibility to the bottom everywhere, turtles stacked on every log, manatees in the headspring. Six miles of pure Florida magic.', true);
INSERT INTO public.river_reviews (river_id, username, review_date, stars, body, is_seed) VALUES ('rainbow', 'spring_run_kayaker', 'Feb 2025', 4, 'KP Hole upstream paddle at 300 cfs — current is gentle enough to paddle against. Crystal water, aquatic plants waving below. Bring a mask and snorkel.', true);
INSERT INTO public.river_outfitters (river_id, name, description, link, is_seed) VALUES ('rainbow', 'Rainbow River Kayak Adventures', 'Kayak and canoe rentals at KP Hole County Park', '', true);
INSERT INTO public.rivers (id, state_key, name, county, length, class, optimal_cfs, usgs_gauge, avg_cfs, hist_flow, map_x, map_y, description, designations, sections, filter_flags) VALUES ('hillsborough', 'fl', 'Hillsborough River', 'Pasco / Hillsborough Co.', '54 mi', 'I', '100–800', '02304500', 380, 342, 660, 440, 'Tampa''s river — 54 miles from the Green Swamp to Tampa Bay, passing through Hillsborough River State Park, which contains Florida''s only legitimate Class II rapids. The upper river winds through cypress swamps and hardwood hammocks, offering surprisingly wild paddling within reach of Tampa''s metro area. Alligators, river otters, and wading birds are abundant throughout.', 'Hillsborough River State Park · Wilderness Park', ARRAY['Crystal Springs to Hillsborough River SP — 15 mi, spring-fed headwaters','Hillsborough River SP — 5 mi, Class II rapids (rare in FL), state park','Wilderness Park to Rowlett Park — 15 mi, urban wilderness corridor'], '{"spring":false,"scenic":true,"coastal":false,"wildlife":true}') ON CONFLICT (id) DO NOTHING;
INSERT INTO public.river_history (river_id, era, year, title, body, source, sort_order) VALUES ('hillsborough', 'native', 'Pre-contact', 'Tocobaga and Seminole Territory', 'The Hillsborough River watershed was Tocobaga territory for thousands of years before the Seminole moved into the area in the 1700s. Fort Brooke, established at the river''s mouth in 1824, became the nucleus of modern Tampa and a flashpoint of the Seminole Wars.', 'Tampa Bay History Center; Hillsborough County Historical Commission', 0);
INSERT INTO public.river_history (river_id, era, year, title, body, source, sort_order) VALUES ('hillsborough', 'modern', '1936', 'Hillsborough River State Park — CCC Legacy', 'The Civilian Conservation Corps built Hillsborough River State Park in 1936, one of Florida''s original state parks. The park preserves the only Class II rapids in Florida — a limestone shelf that creates genuine whitewater in an otherwise flat state.', 'Florida State Parks; CCC Legacy Foundation', 1);
INSERT INTO public.river_reviews (river_id, username, review_date, stars, body, is_seed) VALUES ('hillsborough', 'tampa_paddler', 'Apr 2025', 5, 'Hillsborough River SP at 400 cfs — actual rapids in Florida! Class II over the limestone shelf. Plus gators, otters, and cypress canopy. Tampa''s best outdoor secret.', true);
INSERT INTO public.river_reviews (river_id, username, review_date, stars, body, is_seed) VALUES ('hillsborough', 'pasco_kayaker', 'Mar 2025', 4, 'Crystal Springs to the state park at 300 cfs — spring-fed headwaters, narrow and shady. Saw seven gators and a river otter family.', true);
INSERT INTO public.river_outfitters (river_id, name, description, link, is_seed) VALUES ('hillsborough', 'Canoe Escape', 'Hillsborough River kayak and canoe rentals, Thonotosassa', '', true);
INSERT INTO public.rivers (id, state_key, name, county, length, class, optimal_cfs, usgs_gauge, avg_cfs, hist_flow, map_x, map_y, description, designations, sections, filter_flags) VALUES ('santa_fe', 'fl', 'Santa Fe River', 'Alachua / Columbia Co.', '75 mi', 'I', '200–1500', '02321500', 620, 558, 660, 440, 'One of Florida''s most remarkable rivers — the Santa Fe literally disappears underground into a sinkhole at O''Leno State Park, flows through three miles of subterranean limestone caverns, then resurfaces at River Rise Preserve State Park. Above the sink, the river is tannic blackwater; below the rise, it is fed by dozens of crystal springs including Ginnie, Poe, and Blue Springs. A geological wonder and a world-class paddling destination.', 'O''Leno State Park · River Rise Preserve State Park · Outstanding Florida Water', ARRAY['Worthington Springs to O''Leno SP — 20 mi, tannic blackwater, upper river','River Rise to Ginnie Springs — 10 mi, spring-fed, crystal-clear','Ginnie Springs to Suwannee confluence — 15 mi, spring runs and limestone'], '{"spring":true,"scenic":true,"coastal":false,"wildlife":true}') ON CONFLICT (id) DO NOTHING;
INSERT INTO public.river_history (river_id, era, year, title, body, source, sort_order) VALUES ('santa_fe', 'native', 'Pre-contact', 'Timucua Homeland — River That Disappears', 'The Santa Fe River''s underground passage was known to the Timucua people for thousands of years. Spanish missions were established along the river in the 1600s, and the river takes its name from the nearby Spanish mission of Santa Fe de Toloca.', 'Florida Division of Historical Resources; Columbia County Historical Society', 0);
INSERT INTO public.river_history (river_id, era, year, title, body, source, sort_order) VALUES ('santa_fe', 'survey', '1935', 'O''Leno State Park — CCC Legacy at the River Sink', 'The CCC built O''Leno State Park around the Santa Fe River sink in the 1930s, preserving the geological wonder where the river disappears underground. The park is one of Florida''s oldest and most geologically significant.', 'Florida State Parks; CCC Legacy Foundation', 1);
INSERT INTO public.river_reviews (river_id, username, review_date, stars, body, is_seed) VALUES ('santa_fe', 'ginnie_springs_diver', 'Mar 2025', 5, 'Santa Fe below River Rise at 500 cfs — springs pumping crystal water into the main stem every quarter mile. Paddled past Ginnie, Blue, and Poe springs. Unreal clarity.', true);
INSERT INTO public.river_reviews (river_id, username, review_date, stars, body, is_seed) VALUES ('santa_fe', 'north_fl_paddler', 'Apr 2025', 4, 'Above the sink at 400 cfs — tannic blackwater, cypress canopy, then the river just disappears into a hole. Resurfaces three miles later as a completely different river. Florida geology is wild.', true);
INSERT INTO public.river_outfitters (river_id, name, description, link, is_seed) VALUES ('santa_fe', 'Santa Fe River Paddling', 'Kayak and canoe rentals for Santa Fe River trips, High Springs', '', true);
INSERT INTO public.rivers (id, state_key, name, county, length, class, optimal_cfs, usgs_gauge, avg_cfs, hist_flow, map_x, map_y, description, designations, sections, filter_flags) VALUES ('chattooga_sc', 'sc', 'Chattooga River — SC Section', 'Oconee Co.', '40 mi', 'II–V', '500–2000', '02177000', 860, 774, 730, 370, 'The same legendary Chattooga made famous by Deliverance — the South Carolina side delivers Section IV, one of the most celebrated Class IV–V whitewater runs in the eastern United States. Five Fingers, Corkscrew, and Jawbone are rites of passage for southeastern paddlers.', 'National Wild & Scenic River (1974) · Sumter National Forest', ARRAY['Section II — Earls Ford to Sandy Ford, Class II–III','Section III — Sandy Ford to SC 28, Class III–IV','Section IV — SC 28 to Tugaloo Lake, Class IV–V'], '{"ww":true,"scenic":true,"piedmont":false,"lowcountry":false}') ON CONFLICT (id) DO NOTHING;
INSERT INTO public.river_history (river_id, era, year, title, body, source, sort_order) VALUES ('chattooga_sc', 'native', 'Pre-contact', 'Cherokee Homeland — The Blue Ridge Escarpment', 'The Chattooga River formed part of the Cherokee Nation''s eastern boundary. The river''s gorge was a sacred landscape — too rugged for permanent settlement but central to Cherokee hunting traditions in the Blue Ridge Mountains.', 'Eastern Band of Cherokee Indians; USFS Sumter National Forest', 0);
INSERT INTO public.river_history (river_id, era, year, title, body, source, sort_order) VALUES ('chattooga_sc', 'survey', '1974', 'National Wild & Scenic River Designation', 'Following the 1972 release of Deliverance — filmed partly on the Chattooga — Congress moved quickly to designate the river Wild and Scenic in 1974, protecting it from the development pressure the film''s popularity created.', 'NPS; USFS Sumter/Chattahoochee National Forests', 1);
INSERT INTO public.river_history (river_id, era, year, title, body, source, sort_order) VALUES ('chattooga_sc', 'modern', '2012', 'Headwaters Reopened to Paddling', 'After decades of closure, the USFS reopened the Chattooga headwaters above SC 28 to paddling, ending a controversial ban that had restricted access to the upper river since 1976.', 'American Whitewater; USFS', 2);
INSERT INTO public.river_reviews (river_id, username, review_date, stars, body, is_seed) VALUES ('chattooga_sc', 'se_whitewater', 'Apr 2025', 5, 'Section IV at 1,200 cfs — Five Fingers, Corkscrew, Jawbone all firing. The Chattooga is the Southeast''s greatest whitewater run, full stop.', true);
INSERT INTO public.river_reviews (river_id, username, review_date, stars, body, is_seed) VALUES ('chattooga_sc', 'oconee_paddler', 'Mar 2025', 5, 'Section III at 800 cfs — Earls Ford to Bull Sluice. Perfect Class III–IV day. Wild and Scenic for a reason.', true);
INSERT INTO public.river_outfitters (river_id, name, description, link, is_seed) VALUES ('chattooga_sc', 'Wildwater Chattooga', 'Guided Section III and IV trips', 'wildwaterchattooga.com', true);
INSERT INTO public.river_outfitters (river_id, name, description, link, is_seed) VALUES ('chattooga_sc', 'Chattooga Ridge Outfitters', 'Shuttles and kayak rentals, Long Creek SC', 'chattoogaridge.com', true);
INSERT INTO public.rivers (id, state_key, name, county, length, class, optimal_cfs, usgs_gauge, avg_cfs, hist_flow, map_x, map_y, description, designations, sections, filter_flags) VALUES ('saluda', 'sc', 'Saluda River', 'Richland / Lexington Co.', '10 mi', 'I–III', '600–2500', '02169000', 1400, 1260, 730, 370, 'Dam-release urban whitewater through the heart of Columbia — the Saluda delivers Class II–IV rapids minutes from the State House. Lake Murray Dam releases create reliable flows through a surprisingly wild corridor between the capital city''s neighborhoods.', 'Saluda Riverwalk · Three Rivers Greenway', ARRAY['Saluda Shoals to Riverbanks Zoo — Class II–III, family-friendly','Riverbanks to Confluence — Class III–IV, downtown urban whitewater'], '{"ww":true,"scenic":true,"piedmont":true,"lowcountry":false}') ON CONFLICT (id) DO NOTHING;
INSERT INTO public.river_history (river_id, era, year, title, body, source, sort_order) VALUES ('saluda', 'native', 'Pre-contact', 'Saluda and Catawba Territory', 'The Saluda River takes its name from the Saluda people, a small Siouan-speaking tribe who inhabited the Piedmont river valleys. By the early 1700s the Saluda had been absorbed into the Catawba Nation through warfare and disease.', 'South Carolina Department of Archives and History; Catawba Indian Nation', 0);
INSERT INTO public.river_history (river_id, era, year, title, body, source, sort_order) VALUES ('saluda', 'survey', '1930', 'Lake Murray Dam Completed', 'The completion of Lake Murray Dam in 1930 transformed the Saluda from a free-flowing Piedmont river into a dam-release stream. The cold, oxygen-rich releases from the dam''s base created ideal trout habitat — remarkable for a river this far south.', 'SCE&G; South Carolina Department of Natural Resources', 1);
INSERT INTO public.river_history (river_id, era, year, title, body, source, sort_order) VALUES ('saluda', 'modern', '2020', 'Columbia''s Urban Whitewater Renaissance', 'Columbia has embraced the Saluda as the centerpiece of its outdoor recreation identity, with the Three Rivers Greenway and Saluda Riverwalk providing urban access to genuine Class III–IV whitewater.', 'City of Columbia Parks and Recreation; Three Rivers Greenway', 2);
INSERT INTO public.river_documents (river_id, title, source, year, doc_type, pages, url) VALUES ('saluda', 'Lower Saluda River Scenic River Corridor Plan', 'SC DNR', 2015, 'Recreation', 78, 'https://www.dnr.sc.gov/water/river/pdf/LowerSaludaPlanComplete.pdf');
INSERT INTO public.river_reviews (river_id, username, review_date, stars, body, is_seed) VALUES ('saluda', 'cola_kayaker', 'Apr 2025', 5, 'Saluda at 1,800 cfs dam release — Class III–IV whitewater with the Columbia skyline in the background. Best urban paddling in the Southeast.', true);
INSERT INTO public.river_reviews (river_id, username, review_date, stars, body, is_seed) VALUES ('saluda', 'midlands_paddle', 'Mar 2025', 4, 'Saluda Shoals section at 900 cfs — mellow Class II–III, perfect for beginners. Cold water from the dam bottom even in summer.', true);
INSERT INTO public.river_outfitters (river_id, name, description, link, is_seed) VALUES ('saluda', 'River Runner Outdoor Center', 'Kayak rentals and instruction, Columbia', 'shopriverrunner.com', true);
INSERT INTO public.rivers (id, state_key, name, county, length, class, optimal_cfs, usgs_gauge, avg_cfs, hist_flow, map_x, map_y, description, designations, sections, filter_flags) VALUES ('edisto', 'sc', 'Edisto River', 'Orangeburg / Dorchester Co.', '206 mi', 'I', '300–2000', '02175000', 1600, 1440, 730, 370, 'The longest free-flowing blackwater river in North America — 206 miles of tea-colored water through ancient cypress-tupelo swamps, Spanish moss, and Lowcountry plantation landscapes. The Edisto is South Carolina''s premier multi-day canoe trail.', 'Edisto River Canoe and Kayak Trail · SC Scenic River', ARRAY['Upper North Fork — Orangeburg County, narrow and intimate','Middle — Givhans Ferry State Park corridor, best paddling','Lower — Jacksonboro to Edisto Island, tidal and wide'], '{"ww":false,"scenic":true,"piedmont":false,"lowcountry":true}') ON CONFLICT (id) DO NOTHING;
INSERT INTO public.river_history (river_id, era, year, title, body, source, sort_order) VALUES ('edisto', 'native', 'Pre-contact', 'Edisto (Kusso) People — The Lowcountry', 'The Edisto River takes its name from the Edisto people, a small Muskogean-speaking tribe of the Lowcountry who inhabited the river basin for thousands of years. European colonization in the 1600s devastated the Edisto through disease and displacement.', 'South Carolina Department of Archives and History; Edisto Island Museum', 0);
INSERT INTO public.river_history (river_id, era, year, title, body, source, sort_order) VALUES ('edisto', 'logging', '1700s–1860', 'Rice Plantations — Reshaping the Edisto', 'The Edisto River corridor became one of South Carolina''s richest rice-growing regions, with enslaved Africans engineering complex tidal irrigation systems. The remnants of rice dikes and canals remain visible along the lower river today.', 'Drayton Hall; South Carolina Historical Society', 1);
INSERT INTO public.river_history (river_id, era, year, title, body, source, sort_order) VALUES ('edisto', 'modern', '2010', 'Edisto River Canoe and Kayak Trail', 'South Carolina established the Edisto River Canoe and Kayak Trail with designated landings and primitive campsites, creating the Lowcountry''s premier multi-day paddling experience.', 'SC DNR; Edisto River Alliance', 2);
INSERT INTO public.river_documents (river_id, title, source, year, doc_type, pages, url) VALUES ('edisto', 'Edisto River Basin Plan', 'SC DHEC', 2019, 'Ecology', 165, 'https://des.sc.gov/programs/bureau-water/hydrology/water-planning/river-basin-planning/edisto-basin-planning');
INSERT INTO public.river_reviews (river_id, username, review_date, stars, body, is_seed) VALUES ('edisto', 'lowcountry_paddler', 'Apr 2025', 5, 'Three days on the Edisto at 1,000 cfs — longest free-flowing blackwater river in North America. Spanish moss, cypress knees, alligators, absolute Lowcountry perfection.', true);
INSERT INTO public.river_reviews (river_id, username, review_date, stars, body, is_seed) VALUES ('edisto', 'charleston_canoe', 'Mar 2025', 4, 'Givhans Ferry section at 800 cfs — old rice plantation dikes visible from the water. The Edisto''s history runs as deep as its tannins.', true);
INSERT INTO public.river_outfitters (river_id, name, description, link, is_seed) VALUES ('edisto', 'Carolina Heritage Outfitters', 'Multi-day Edisto trips with treehouse camping', 'canoesc.com', true);
INSERT INTO public.rivers (id, state_key, name, county, length, class, optimal_cfs, usgs_gauge, avg_cfs, hist_flow, map_x, map_y, description, designations, sections, filter_flags) VALUES ('broad_sc', 'sc', 'Broad River', 'Cherokee / Union Co.', '150 mi', 'I–II', '500–5,000', '02156500', 4200, 3780, 730, 370, 'A wide Piedmont river flowing 150 miles from the North Carolina border through upstate South Carolina to Columbia, where it merges with the Saluda to form the Congaree. Rocky shoals, Class I–II rapids, and the famous Broad River shoals near Columbia make this a year-round paddling destination.', 'SC Scenic River · Broad River Waterfowl Area', ARRAY['Upper — Cherokee County to Lockhart, 50 mi, Piedmont shoals','Middle — Lockhart to Parr Shoals, 50 mi, islands and rapids','Lower — Parr Shoals to Columbia, 50 mi, approaching the capital'], '{"ww":true,"scenic":true,"piedmont":true,"lowcountry":false}') ON CONFLICT (id) DO NOTHING;
INSERT INTO public.river_history (river_id, era, year, title, body, source, sort_order) VALUES ('broad_sc', 'native', 'Pre-contact', 'Cherokee and Catawba Territory — Piedmont Boundary', 'The Broad River formed a natural boundary between Cherokee territory to the west and Catawba territory to the east. The river''s shoals and islands were prime fishing sites for both nations for millennia before European colonization.', 'South Carolina Department of Archives and History; Catawba Indian Nation', 0);
INSERT INTO public.river_history (river_id, era, year, title, body, source, sort_order) VALUES ('broad_sc', 'modern', '2008', 'Broad River Scenic River Designation', 'South Carolina designated sections of the Broad River as a State Scenic River, protecting the Piedmont corridor''s outstanding recreational and ecological values.', 'SC DNR; Broad River Alliance', 1);
INSERT INTO public.river_reviews (river_id, username, review_date, stars, body, is_seed) VALUES ('broad_sc', 'upstate_sc_paddle', 'Apr 2025', 4, 'Broad River near Lockhart at 2,000 cfs — wide, rocky, Class I–II shoals the whole way. Great smallmouth fishing.', true);
INSERT INTO public.river_reviews (river_id, username, review_date, stars, body, is_seed) VALUES ('broad_sc', 'cola_broad_river', 'Mar 2025', 4, 'Lower Broad approaching Columbia at 3,000 cfs — scenic Piedmont river with good access points. Solid day trip.', true);
INSERT INTO public.river_outfitters (river_id, name, description, link, is_seed) VALUES ('broad_sc', 'Broad River Outfitters', 'Kayak and canoe rentals for Broad River paddling', '', true);
INSERT INTO public.rivers (id, state_key, name, county, length, class, optimal_cfs, usgs_gauge, avg_cfs, hist_flow, map_x, map_y, description, designations, sections, filter_flags) VALUES ('congaree', 'sc', 'Congaree River', 'Richland Co.', '50 mi', 'I', '2,000–15,000', '02169500', 8400, 7560, 735, 375, 'Born at the confluence of the Broad and Saluda rivers in downtown Columbia, the Congaree flows 50 miles past Congaree National Park — home to the largest intact old-growth bottomland hardwood forest in the southeastern United States. Champion trees, oxbow lakes, and spectacular biodiversity define this national treasure.', 'Congaree National Park · SC Scenic River', ARRAY['Upper — Columbia to Congaree NP, 20 mi, urban to wild','Congaree NP — 20 mi, old-growth floodplain forest','Lower — NP to Wateree confluence, 10 mi, wide river'], '{"ww":false,"scenic":true,"piedmont":false,"lowcountry":true}') ON CONFLICT (id) DO NOTHING;
INSERT INTO public.river_history (river_id, era, year, title, body, source, sort_order) VALUES ('congaree', 'native', 'Pre-contact', 'Congaree People — Floodplain Dwellers', 'The Congaree River takes its name from the Congaree people, a Siouan-speaking tribe who inhabited the floodplain for thousands of years. European colonization and smallpox devastated the Congaree, and they were largely absorbed into the Catawba Nation by the mid-1700s.', 'South Carolina Department of Archives and History; Congaree National Park', 0);
INSERT INTO public.river_history (river_id, era, year, title, body, source, sort_order) VALUES ('congaree', 'modern', '2003', 'Congaree National Park Established', 'Congress elevated Congaree National Monument to full National Park status in 2003, recognizing the 26,000-acre old-growth bottomland hardwood forest as one of the most ecologically significant landscapes in North America.', 'NPS Congaree National Park; South Carolina Conservation League', 1);
INSERT INTO public.river_reviews (river_id, username, review_date, stars, body, is_seed) VALUES ('congaree', 'cola_nature_paddle', 'Apr 2025', 5, 'Congaree River through the national park at 5,000 cfs — paddling beneath champion loblolly pines and bald cypress. Old-growth floodplain magic.', true);
INSERT INTO public.river_reviews (river_id, username, review_date, stars, body, is_seed) VALUES ('congaree', 'midlands_naturalist', 'Mar 2025', 4, 'Congaree at 3,000 cfs — Cedar Creek canoe trail in the park is otherworldly. Biggest trees in the Southeast.', true);
INSERT INTO public.river_outfitters (river_id, name, description, link, is_seed) VALUES ('congaree', 'Congaree National Park Canoe Access', 'Park-managed canoe and kayak access to Cedar Creek trail', '', true);
INSERT INTO public.rivers (id, state_key, name, county, length, class, optimal_cfs, usgs_gauge, avg_cfs, hist_flow, map_x, map_y, description, designations, sections, filter_flags) VALUES ('little_sc', 'sc', 'Little River', 'Anderson / Laurens Co.', '80 mi', 'I–II', '200–1,200', '02162500', 560, 504, 725, 365, 'An upstate South Carolina Piedmont gem — 80 miles of gentle flow through Anderson and Laurens counties with rocky shoals, wooded banks, and a quiet rural character. The Little River offers accessible Class I–II paddling through a landscape of old farms, hardwood forests, and red clay bluffs.', 'SC Scenic River (upper section)', ARRAY['Upper — Anderson County, 30 mi, narrow Piedmont stream','Middle — Laurens County, 30 mi, shoals and riffles','Lower — to Saluda River confluence, 20 mi, wider'], '{"ww":false,"scenic":true,"piedmont":true,"lowcountry":false}') ON CONFLICT (id) DO NOTHING;
INSERT INTO public.river_history (river_id, era, year, title, body, source, sort_order) VALUES ('little_sc', 'native', 'Pre-contact', 'Cherokee Lower Towns Territory', 'The Little River watershed was part of the Cherokee Lower Towns territory in the South Carolina Piedmont. The fertile river bottomlands supported Cherokee agriculture and the forested ridges provided hunting grounds.', 'South Carolina Department of Archives and History; Anderson County Historical Society', 0);
INSERT INTO public.river_history (river_id, era, year, title, body, source, sort_order) VALUES ('little_sc', 'modern', '2010', 'Little River Scenic River Designation', 'South Carolina designated upper sections of the Little River as a State Scenic River, protecting the Piedmont corridor from development and ensuring continued public access for paddling.', 'SC DNR; Upstate Forever', 1);
INSERT INTO public.river_reviews (river_id, username, review_date, stars, body, is_seed) VALUES ('little_sc', 'anderson_kayaker', 'Apr 2025', 4, 'Little River in Anderson County at 400 cfs — rocky shoals, wooded banks, easy Class I–II. Perfect upstate day trip.', true);
INSERT INTO public.river_reviews (river_id, username, review_date, stars, body, is_seed) VALUES ('little_sc', 'laurens_paddle', 'Mar 2025', 3, 'Little River at 300 cfs — a bit low but still enjoyable. Quiet Piedmont paddling through farm country.', true);
INSERT INTO public.river_outfitters (river_id, name, description, link, is_seed) VALUES ('little_sc', 'Little River Paddle Rentals', 'Kayak and canoe rentals for Little River paddling in upstate SC', '', true);
INSERT INTO public.rivers (id, state_key, name, county, length, class, optimal_cfs, usgs_gauge, avg_cfs, hist_flow, map_x, map_y, description, designations, sections, filter_flags) VALUES ('waccamaw', 'sc', 'Waccamaw River', 'Horry / Georgetown Co.', '140 mi', 'I', '300–2,000', '02110500', 1200, 1080, 745, 375, 'A pristine blackwater river flowing 140 miles from Lake Waccamaw in North Carolina through the heart of South Carolina''s Grand Strand hinterland to Winyah Bay. Ancient cypress-tupelo swamps, Spanish moss, and the Waccamaw National Wildlife Refuge create a Lowcountry paddling experience rivaling the Edisto.', 'Waccamaw National Wildlife Refuge · SC Scenic River', ARRAY['Upper — NC line to Conway, 50 mi, narrow blackwater','Middle — Conway to Bucksport, 40 mi, cypress swamp','Lower — Bucksport to Winyah Bay, 50 mi, tidal and wide'], '{"ww":false,"scenic":true,"piedmont":false,"lowcountry":true}') ON CONFLICT (id) DO NOTHING;
INSERT INTO public.river_history (river_id, era, year, title, body, source, sort_order) VALUES ('waccamaw', 'native', 'Pre-contact', 'Waccamaw People — Coastal River Dwellers', 'The Waccamaw River takes its name from the Waccamaw people, a Siouan-speaking tribe who inhabited the coastal river plain for thousands of years. The Waccamaw Indian People maintain a state-recognized presence in the river''s North Carolina headwaters today.', 'Waccamaw Indian People; South Carolina Department of Archives and History', 0);
INSERT INTO public.river_history (river_id, era, year, title, body, source, sort_order) VALUES ('waccamaw', 'modern', '2000', 'Waccamaw National Wildlife Refuge Established', 'The U.S. Fish and Wildlife Service established the Waccamaw National Wildlife Refuge to protect over 50,000 acres of bottomland hardwood and cypress-tupelo swamp along the river — critical habitat for black bears, swallow-tailed kites, and migratory waterfowl.', 'USFWS Waccamaw NWR; Georgetown County', 1);
INSERT INTO public.river_reviews (river_id, username, review_date, stars, body, is_seed) VALUES ('waccamaw', 'grand_strand_paddle', 'Apr 2025', 5, 'Waccamaw through the NWR at 800 cfs — ancient cypress, Spanish moss, blackwater magic. Rivals the Edisto for best Lowcountry paddle.', true);
INSERT INTO public.river_reviews (river_id, username, review_date, stars, body, is_seed) VALUES ('waccamaw', 'conway_kayaker', 'Mar 2025', 4, 'Conway to Bucksport at 600 cfs — gorgeous cypress-tupelo swamp corridor. Saw a swallow-tailed kite. Stunning.', true);
INSERT INTO public.river_outfitters (river_id, name, description, link, is_seed) VALUES ('waccamaw', 'Waccamaw River Paddle Trails', 'Kayak and canoe access and guided tours on the Waccamaw River', '', true);
INSERT INTO public.rivers (id, state_key, name, county, length, class, optimal_cfs, usgs_gauge, avg_cfs, hist_flow, map_x, map_y, description, designations, sections, filter_flags) VALUES ('tyger_sc', 'sc', 'Tyger River', 'Spartanburg / Union Co.', '65 mi', 'I–II', '200–1,500', '02160105', 680, 612, 728, 362, 'An upstate Piedmont river flowing 65 miles through Spartanburg and Union counties past historic textile mill ruins and rocky shoals. The Tyger offers a unique blend of natural beauty and industrial archaeology — crumbling mill dams and stone foundations line a river that has largely returned to a wild state.', 'SC Scenic River · Tyger River Foundation', ARRAY['North Tyger — Spartanburg County, 25 mi, mill ruins section','Middle Tyger — shoals and riffles, 20 mi','South Tyger to Broad River — 20 mi, wider Piedmont'], '{"ww":false,"scenic":true,"piedmont":true,"lowcountry":false}') ON CONFLICT (id) DO NOTHING;
INSERT INTO public.river_history (river_id, era, year, title, body, source, sort_order) VALUES ('tyger_sc', 'native', 'Pre-contact', 'Cherokee Lower Towns — Piedmont Frontier', 'The Tyger River watershed was part of the Cherokee Lower Towns frontier in the South Carolina Piedmont. The river''s name may derive from a Cherokee word or from early colonial encounters. The rocky shoals provided fishing sites for generations.', 'South Carolina Department of Archives and History; Spartanburg County Historical Association', 0);
INSERT INTO public.river_history (river_id, era, year, title, body, source, sort_order) VALUES ('tyger_sc', 'modern', '2015', 'Tyger River Foundation — Mill Heritage Trail', 'The Tyger River Foundation launched efforts to document and preserve the historic textile mill ruins along the river, creating a unique paddling trail that combines natural beauty with industrial archaeology from South Carolina''s textile era.', 'Tyger River Foundation; Spartanburg County', 1);
INSERT INTO public.river_reviews (river_id, username, review_date, stars, body, is_seed) VALUES ('tyger_sc', 'spartanburg_paddle', 'Apr 2025', 4, 'Tyger River at 500 cfs — rocky shoals, old mill ruins, and wooded banks. The crumbling dams and stone foundations add a haunting beauty.', true);
INSERT INTO public.river_reviews (river_id, username, review_date, stars, body, is_seed) VALUES ('tyger_sc', 'upstate_heritage', 'Mar 2025', 4, 'Middle Tyger at 400 cfs — Class I–II riffles past textile mill ruins. Unique combination of nature and history.', true);
INSERT INTO public.river_outfitters (river_id, name, description, link, is_seed) VALUES ('tyger_sc', 'Tyger River Paddle Company', 'Kayak rentals and guided heritage paddles on the Tyger River', '', true);
INSERT INTO public.rivers (id, state_key, name, county, length, class, optimal_cfs, usgs_gauge, avg_cfs, hist_flow, map_x, map_y, description, designations, sections, filter_flags) VALUES ('niobrara', 'ne', 'Niobrara River', 'Cherry / Keya Paha Co.', '76 mi', 'I–II', '300–1500', '06461500', 1200, 1080, 405, 200, 'Nebraska''s crown jewel — a National Scenic River carving through the Sandhills with over 200 waterfalls and springs feeding the main stem. Fossil beds dating back 10 million years line the canyon walls. One of the most biodiverse river corridors on the Great Plains.', 'National Scenic River (1991)', ARRAY['Cornell Dam to Berry Bridge — 25 mi, waterfalls and fossil beds','Berry Bridge to Rocky Ford — 30 mi, Sandhills canyon','Rocky Ford to Norden — 21 mi, wider valley, Class I'], '{"scenic":true,"prairie":true,"sandhills":true,"fishing":true}') ON CONFLICT (id) DO NOTHING;
INSERT INTO public.river_history (river_id, era, year, title, body, source, sort_order) VALUES ('niobrara', 'native', 'Pre-contact', 'Lakota and Ponca Homeland — ''Running Water''', 'The Niobrara (from the Ponca/Omaha ''Ni obthathka,'' meaning ''spreading water'') was central to Lakota and Ponca life for centuries. The river marked a cultural boundary between northern and southern Plains peoples. The Ponca Tribe was forcibly removed from the Niobrara in 1877, sparking the landmark Standing Bear trial.', 'Ponca Tribe of Nebraska; Nebraska State Historical Society', 0);
INSERT INTO public.river_history (river_id, era, year, title, body, source, sort_order) VALUES ('niobrara', 'survey', '1991', 'National Scenic River Designation', 'Congress designated 76 miles of the Niobrara a National Scenic River, recognizing its extraordinary mix of six distinct ecosystems converging in a single corridor — a biological crossroads unmatched on the Great Plains.', 'NPS Niobrara National Scenic River', 1);
INSERT INTO public.river_history (river_id, era, year, title, body, source, sort_order) VALUES ('niobrara', 'modern', '2023', 'Nebraska''s Most Popular Canoe River', 'The Niobrara draws over 60,000 paddlers annually, making it the most visited recreational river in the Great Plains. The spring-fed water stays cool even in August, and the 200-foot Smith Falls — Nebraska''s tallest — remains the signature attraction.', 'NPS; Nebraska Game and Parks Commission', 2);
INSERT INTO public.river_documents (river_id, title, source, year, doc_type, pages, url) VALUES ('niobrara', 'Niobrara National Scenic River Management Plan', 'NPS', 2006, 'Federal', 220, 'https://rivers.gov/sites/rivers/files/documents/plans/niobrara-plan.pdf');
INSERT INTO public.river_reviews (river_id, username, review_date, stars, body, is_seed) VALUES ('niobrara', 'sandhills_paddler', 'Jul 2025', 5, 'Smith Falls to Berry Bridge at 900 cfs — waterfalls pouring off the canyon walls every half mile. Best prairie river in America.', true);
INSERT INTO public.river_reviews (river_id, username, review_date, stars, body, is_seed) VALUES ('niobrara', 'ne_canoe_family', 'Aug 2025', 5, 'Three-day float with the kids. Camped on sandbars, hiked to fossil beds. The Niobrara delivers every time.', true);
INSERT INTO public.river_outfitters (river_id, name, description, link, is_seed) VALUES ('niobrara', 'Sunny Brook Camp', 'Full-service Niobrara outfitter, cabins and camping', 'sunnybrookcamp.com', true);
INSERT INTO public.river_outfitters (river_id, name, description, link, is_seed) VALUES ('niobrara', 'Graham Canoe Outfitters', 'Canoe and kayak rentals, shuttle service', 'grahamcanoeoutfitters.com', true);
INSERT INTO public.rivers (id, state_key, name, county, length, class, optimal_cfs, usgs_gauge, avg_cfs, hist_flow, map_x, map_y, description, designations, sections, filter_flags) VALUES ('dismal', 'ne', 'Dismal River', 'Thomas / Hooker Co.', '30 mi', 'I', '100–400', '06775900', 180, 162, 405, 200, 'The most remote river in Nebraska — a crystal-clear, spring-fed stream winding through the heart of the Sandhills. Fed entirely by the Ogallala Aquifer, the Dismal runs cold and clear year-round with visibility exceeding 15 feet. Access requires crossing private ranch land by permission only.', 'Nebraska Natural and Scenic River candidate', ARRAY['Upper Dismal — Hooker Co. to Thomas Co. line, 15 mi, intimate meadow stream','Lower Dismal — Thomas Co. to Dunning, 15 mi, wider prairie channel'], '{"scenic":true,"prairie":false,"sandhills":true,"fishing":true}') ON CONFLICT (id) DO NOTHING;
INSERT INTO public.river_history (river_id, era, year, title, body, source, sort_order) VALUES ('dismal', 'native', 'Pre-contact', 'Pawnee and Lakota Sandhills Territory', 'The Sandhills were shared hunting grounds for the Pawnee and Lakota peoples. The Dismal River lent its name to the ''Dismal River Culture,'' an archaeological complex dating to 1675–1725 AD representing Plains Apache settlement in the region.', 'Nebraska State Historical Society; Smithsonian Institution', 0);
INSERT INTO public.river_history (river_id, era, year, title, body, source, sort_order) VALUES ('dismal', 'survey', '1820', 'Long Expedition — ''The Great Desert''', 'Stephen Long''s 1820 expedition labeled the Sandhills region the ''Great American Desert,'' discouraging settlement for decades. The Dismal River''s name reflects early explorers'' grim assessment of the treeless, windswept landscape.', 'Smithsonian Institution; Nebraska State Historical Society', 1);
INSERT INTO public.river_reviews (river_id, username, review_date, stars, body, is_seed) VALUES ('dismal', 'sandhill_explorer', 'Jun 2025', 5, 'Two days on the Dismal at 160 cfs. Crystal water, total silence, no one for miles. This is what Nebraska looked like before fences.', true);
INSERT INTO public.river_reviews (river_id, username, review_date, stars, body, is_seed) VALUES ('dismal', 'prairie_trout', 'Sep 2025', 4, 'Brown trout in the upper Dismal are spooky in that clear water. Landed three on tiny dries. Remote and magical.', true);
INSERT INTO public.river_outfitters (river_id, name, description, link, is_seed) VALUES ('dismal', 'Sandhills Motel & Outfitters', 'Dunning-based, access permits and local knowledge', 'sandhillsmotel.com', true);
INSERT INTO public.rivers (id, state_key, name, county, length, class, optimal_cfs, usgs_gauge, avg_cfs, hist_flow, map_x, map_y, description, designations, sections, filter_flags) VALUES ('platte', 'ne', 'Platte River', 'Hall / Buffalo Co.', '310 mi', 'I', '2000–15000', '06770500', 5200, 4680, 405, 200, 'The highway of the Great Plains — a mile-wide, inch-deep braided river that hosts the largest wildlife spectacle in North America each spring: 500,000 Sandhill Cranes staging along an 80-mile stretch near Grand Island. Lewis and Clark, the Oregon Trail, and the Transcontinental Railroad all followed the Platte corridor.', 'Audubon Important Bird Area · Central Flyway Critical Habitat', ARRAY['North Platte to Grand Island — 120 mi, Sandhill Crane corridor','Grand Island to Columbus — 90 mi, braided prairie channel','Columbus to Plattsmouth — 100 mi, lower Platte, wider and deeper'], '{"scenic":true,"prairie":true,"sandhills":false,"fishing":false}') ON CONFLICT (id) DO NOTHING;
INSERT INTO public.river_history (river_id, era, year, title, body, source, sort_order) VALUES ('platte', 'native', 'Pre-contact', 'Pawnee Homeland — ''Flat Water''', 'The Platte (from the French ''riviere platte,'' meaning flat river) was the heart of Pawnee territory. The Pawnee built earth lodge villages along the Platte and Loup rivers for centuries. The river''s braided channels and sandbars were navigated by bull boats — circular hide vessels.', 'Pawnee Nation; Nebraska State Historical Society', 0);
INSERT INTO public.river_history (river_id, era, year, title, body, source, sort_order) VALUES ('platte', 'logging', '1843–1869', 'Oregon Trail — The Great Platte River Road', 'An estimated 400,000 emigrants followed the Platte River corridor westward between 1843 and 1869. The ''Great Platte River Road'' was the primary route for the Oregon, California, and Mormon trails — the greatest overland migration in human history.', 'NPS Oregon National Historic Trail; Merrill Mattes, The Great Platte River Road (1969)', 1);
INSERT INTO public.river_history (river_id, era, year, title, body, source, sort_order) VALUES ('platte', 'modern', '2025', '500,000 Cranes — World''s Largest Bird Migration', 'Each March, roughly 500,000 Sandhill Cranes — 80% of the world''s population — converge on an 80-mile stretch of the Platte near Grand Island. The spectacle draws 100,000+ visitors annually and is considered the greatest wildlife migration in North America.', 'Audubon Rowe Sanctuary; Crane Trust', 2);
INSERT INTO public.river_documents (river_id, title, source, year, doc_type, pages, url) VALUES ('platte', 'Platte River Recovery Implementation Program', 'USFWS', 2006, 'Federal', 340, 'https://platteriverprogram.org/sites/default/files/2025-10/prrip-2006feis-volume-2.pdf');
INSERT INTO public.river_reviews (river_id, username, review_date, stars, body, is_seed) VALUES ('platte', 'crane_watcher_ne', 'Mar 2025', 5, 'Paddled the Platte at sunrise during crane season — 50,000 birds lifted off the sandbars around us. Life-changing.', true);
INSERT INTO public.river_reviews (river_id, username, review_date, stars, body, is_seed) VALUES ('platte', 'prairie_paddler', 'Jul 2025', 3, 'Summer Platte at 3,200 cfs is wide and shallow. You will drag. Best experienced during crane migration or higher water.', true);
INSERT INTO public.river_outfitters (river_id, name, description, link, is_seed) VALUES ('platte', 'Crane Trust Nature & Visitor Center', 'Guided Platte River experiences during crane season', 'cranetrust.org', true);
INSERT INTO public.rivers (id, state_key, name, county, length, class, optimal_cfs, usgs_gauge, avg_cfs, hist_flow, map_x, map_y, description, designations, sections, filter_flags) VALUES ('calamus', 'ne', 'Calamus River', 'Loup Co.', '70 mi', 'I', '100–400', '06787000', 220, 198, 405, 200, 'A crystal-clear, spring-fed Sandhills stream flowing through one of Nebraska''s most remote landscapes. The Calamus runs cold and transparent year-round, fed by the Ogallala Aquifer, with visibility rivaling the Dismal. Below Calamus Reservoir, the tailwater supports excellent brown trout fishing in an unlikely prairie setting.', 'Calamus Reservoir State Recreation Area', ARRAY['Upper Calamus — Sandhills meadow stream, intimate and remote','Below Calamus Dam — 25 mi, cold tailwater, best paddling and fishing'], '{"scenic":true,"prairie":false,"sandhills":true,"fishing":true}') ON CONFLICT (id) DO NOTHING;
INSERT INTO public.river_history (river_id, era, year, title, body, source, sort_order) VALUES ('calamus', 'native', 'Pre-contact', 'Pawnee Sandhills Hunting Grounds', 'The Calamus River watershed was part of the vast Pawnee hunting territory in the Sandhills. The river''s name derives from the calamus plant (sweet flag) that grew along its banks. Pawnee bands traveled through the Sandhills seasonally, following bison herds that relied on the spring-fed streams for water.', 'Pawnee Nation; Nebraska State Historical Society', 0);
INSERT INTO public.river_history (river_id, era, year, title, body, source, sort_order) VALUES ('calamus', 'survey', '1986', 'Calamus Reservoir Completed', 'The Bureau of Reclamation completed Calamus Dam in 1986, creating a 5,124-acre reservoir for irrigation. The cold tailwater below the dam unexpectedly created one of Nebraska''s best trout fisheries — a spring-fed stream made even colder by deep-release dam flows.', 'Bureau of Reclamation; Nebraska Game and Parks Commission', 1);
INSERT INTO public.river_reviews (river_id, username, review_date, stars, body, is_seed) VALUES ('calamus', 'sandhills_angler', 'Aug 2025', 5, 'Below Calamus Dam at 180 cfs — crystal water, brown trout sipping midges. Felt like a Montana spring creek dropped in the Nebraska Sandhills.', true);
INSERT INTO public.river_reviews (river_id, username, review_date, stars, body, is_seed) VALUES ('calamus', 'ne_paddler_quiet', 'Jul 2025', 4, 'Floated the upper Calamus through open Sandhills meadows. Total silence, clear water, no one around. Magical prairie solitude.', true);
INSERT INTO public.river_outfitters (river_id, name, description, link, is_seed) VALUES ('calamus', 'Calamus Outfitters', 'Sandhills ranch-based canoe and kayak access', '', true);
INSERT INTO public.rivers (id, state_key, name, county, length, class, optimal_cfs, usgs_gauge, avg_cfs, hist_flow, map_x, map_y, description, designations, sections, filter_flags) VALUES ('loup', 'ne', 'Loup River', 'Howard / Nance Co.', '70 mi', 'I', '500–3000', '06792500', 1600, 1440, 405, 200, 'A wide, braided prairie river winding through central Nebraska farmland. The Loup''s shallow, sand-bottomed channels shift constantly, creating a dynamic landscape of sandbars, islands, and cottonwood galleries. Named for the Pawnee (''Loup'' — French for ''wolf''), the river is a living remnant of the Great Plains waterscape.', 'Nebraska Wildlife Management Area corridor', ARRAY['St. Paul to Fullerton — 35 mi, braided sand channels, sandbars','Fullerton to Columbus — 35 mi, wider valley, cottonwood galleries'], '{"scenic":true,"prairie":true,"sandhills":false,"fishing":false}') ON CONFLICT (id) DO NOTHING;
INSERT INTO public.river_history (river_id, era, year, title, body, source, sort_order) VALUES ('loup', 'native', 'Pre-contact', 'Pawnee Homeland — Loup (Wolf People)', 'The Loup River is named for the Pawnee, whom French traders called ''Loup'' (wolf) — likely a misinterpretation of the Pawnee hand sign for their tribe. The Skidi band of the Pawnee built earth lodge villages along the Loup for centuries, growing corn, beans, and squash on the river''s fertile bottomlands.', 'Pawnee Nation; Nebraska State Historical Society', 0);
INSERT INTO public.river_history (river_id, era, year, title, body, source, sort_order) VALUES ('loup', 'logging', '1860s–1880s', 'Homestead Era — Sodbusters on the Loup', 'The Homestead Act brought thousands of settlers to the Loup River valley in the 1860s–1880s. The treeless prairie forced homesteaders to build sod houses from the river''s thick prairie turf. The Loup valley became one of Nebraska''s most productive agricultural regions.', 'Nebraska State Historical Society; Howard County Museum', 1);
INSERT INTO public.river_reviews (river_id, username, review_date, stars, body, is_seed) VALUES ('loup', 'ne_braided_river', 'Jun 2025', 4, 'Loup River at 1,200 cfs — endless braided channels, sandbars for lunch stops. Classic Nebraska prairie river experience.', true);
INSERT INTO public.river_reviews (river_id, username, review_date, stars, body, is_seed) VALUES ('loup', 'central_ne_kayak', 'Jul 2025', 3, 'Wide and shallow in summer. Pick your channels carefully or you will drag. Beautiful cottonwood shade on the banks.', true);
INSERT INTO public.river_outfitters (river_id, name, description, link, is_seed) VALUES ('loup', 'Loup River Canoe Rentals', 'Seasonal canoe and kayak rentals, shuttle service', '', true);
INSERT INTO public.rivers (id, state_key, name, county, length, class, optimal_cfs, usgs_gauge, avg_cfs, hist_flow, map_x, map_y, description, designations, sections, filter_flags) VALUES ('elkhorn_ne', 'ne', 'Elkhorn River', 'Antelope / Dodge Co.', '290 mi', 'I', '300–3000', '06799500', 1400, 1260, 405, 200, 'Northeast Nebraska''s family paddling river — 290 miles from the edge of the Sandhills to the Platte. The Elkhorn is wide, gentle, and sandy-bottomed with excellent sandbars for camping and swimming. Growing popularity as a multi-day canoe trail through rolling agricultural prairie.', 'Elkhorn River Water Trail', ARRAY['Norfolk to West Point — 70 mi, upper Elkhorn, prairie riffles','West Point to Fremont — 60 mi, wider channel, sandbar camping','Fremont to Platte confluence — 30 mi, lower Elkhorn, bigger water'], '{"scenic":true,"prairie":true,"sandhills":false,"fishing":true}') ON CONFLICT (id) DO NOTHING;
INSERT INTO public.river_history (river_id, era, year, title, body, source, sort_order) VALUES ('elkhorn_ne', 'native', 'Pre-contact', 'Omaha and Ponca Territory — Elk Antler River', 'The Elkhorn River was named for the elk antlers found along its banks by early European explorers. The river was central territory of the Omaha and Ponca peoples, who built villages along the lower Elkhorn and its tributaries for centuries before forced removal.', 'Omaha Tribe of Nebraska; Nebraska State Historical Society', 0);
INSERT INTO public.river_history (river_id, era, year, title, body, source, sort_order) VALUES ('elkhorn_ne', 'modern', '2019', 'Elkhorn River Water Trail Designated', 'Nebraska designated the Elkhorn as a state water trail, improving access points and signage along 200 miles. The trail has become one of the most popular multi-day paddling routes in the state, especially for families seeking gentle prairie river camping.', 'Nebraska Game and Parks Commission', 1);
INSERT INTO public.river_reviews (river_id, username, review_date, stars, body, is_seed) VALUES ('elkhorn_ne', 'ne_family_float', 'Jul 2025', 5, '''Two days on the Elkhorn with the kids at 800 cfs — huge sandbars, gentle current, perfect family camping. Nebraska''s best beginner river.', true);
INSERT INTO public.river_reviews (river_id, username, review_date, stars, body, is_seed) VALUES ('elkhorn_ne', 'elkhorn_regular', 'Aug 2025', 4, 'Norfolk to West Point stretch is underrated. Prairie views, good fishing, and virtually no crowds.', true);
INSERT INTO public.river_outfitters (river_id, name, description, link, is_seed) VALUES ('elkhorn_ne', 'Elkhorn River Adventures', 'Canoe and kayak rentals, multi-day shuttle service', '', true);
INSERT INTO public.rivers (id, state_key, name, county, length, class, optimal_cfs, usgs_gauge, avg_cfs, hist_flow, map_x, map_y, description, designations, sections, filter_flags) VALUES ('republican', 'ne', 'Republican River', 'Dundy / Harlan Co.', '420 mi', 'I', '200–2000', '06843500', 600, 540, 405, 200, 'A 420-mile prairie canyon river cutting through southwestern Nebraska''s rolling plains. The Republican carves surprisingly deep valleys through the loess hills, creating a hidden landscape of cottonwood-lined canyons and limestone bluffs. Rarely paddled and virtually unknown outside the region.', 'Harlan County Reservoir Recreation Area', ARRAY['Upper Republican — Dundy Co. to McCook, 80 mi, narrow prairie canyon','McCook to Harlan County Reservoir — 100 mi, wider valley, deeper pools'], '{"scenic":false,"prairie":true,"sandhills":false,"fishing":false}') ON CONFLICT (id) DO NOTHING;
INSERT INTO public.river_history (river_id, era, year, title, body, source, sort_order) VALUES ('republican', 'native', 'Pre-contact', 'Pawnee Republic Band — Republican River Namesake', 'The Republican River takes its name from the Pawnee Republic band (Kitkahahki) who lived along its banks. French traders called them the ''Republican Pawnee'' after misinterpreting their governing council as a republic. The river corridor was a critical bison hunting ground.', 'Pawnee Nation; Nebraska State Historical Society', 0);
INSERT INTO public.river_history (river_id, era, year, title, body, source, sort_order) VALUES ('republican', 'survey', '1869', 'Battle of Summit Springs', 'The last major conflict between U.S. forces and Cheyenne Dog Soldiers occurred near the Republican River in 1869. The battle ended Cheyenne resistance on the central Plains and opened the river valley to homesteaders within a decade.', 'Colorado Historical Society; Nebraska State Historical Society', 1);
INSERT INTO public.river_reviews (river_id, username, review_date, stars, body, is_seed) VALUES ('republican', 'sw_nebraska_explore', 'May 2025', 4, 'Republican River below McCook at 400 cfs — surprising canyon scenery through the prairie. Nobody knows about this river.', true);
INSERT INTO public.river_reviews (river_id, username, review_date, stars, body, is_seed) VALUES ('republican', 'plains_paddler', 'Jun 2025', 3, 'Low water in summer makes it tough. Best in spring or after rains. When it flows, the canyon sections are genuinely scenic.', true);
INSERT INTO public.river_outfitters (river_id, name, description, link, is_seed) VALUES ('republican', 'Harlan County Reservoir Marina', 'Boat access, camping, local river information', '', true);
INSERT INTO public.rivers (id, state_key, name, county, length, class, optimal_cfs, usgs_gauge, avg_cfs, hist_flow, map_x, map_y, description, designations, sections, filter_flags) VALUES ('middle_loup', 'ne', 'Middle Loup River', 'Blaine / Custer Co.', '220 mi', 'I', '200–1000', '06775500', 480, 432, 405, 200, 'One of Nebraska''s clearest rivers — the Middle Loup flows crystal-clear from the heart of the Sandhills, fed entirely by Ogallala Aquifer springs. The consistent spring flow maintains remarkable water clarity year-round, with visibility exceeding 10 feet. A Sandhills treasure for paddlers seeking solitude and pristine water.', 'Nebraska Sandhills candidate Scenic River', ARRAY['Dunning to Milburn — 40 mi, spring-fed meadow stream, crystal clear','Milburn to Sargent — 50 mi, wider channel, sandbars and riffles'], '{"scenic":true,"prairie":false,"sandhills":true,"fishing":true}') ON CONFLICT (id) DO NOTHING;
INSERT INTO public.river_history (river_id, era, year, title, body, source, sort_order) VALUES ('middle_loup', 'native', 'Pre-contact', 'Pawnee and Lakota Sandhills Corridor', 'The Middle Loup was a vital water source in the vast Sandhills, used by both Pawnee and Lakota peoples as a travel and hunting corridor. The spring-fed streams of the Sandhills were critical for bison herds and the peoples who depended on them.', 'Pawnee Nation; Nebraska State Historical Society', 0);
INSERT INTO public.river_history (river_id, era, year, title, body, source, sort_order) VALUES ('middle_loup', 'survey', '1905', 'USGS Sandhills Groundwater Survey', 'Early USGS surveys documented the extraordinary groundwater system feeding the Middle Loup — springs emerging from the Ogallala Aquifer at consistent temperatures and flow rates year-round. The surveys established the Sandhills as one of the greatest groundwater reserves in the Western Hemisphere.', 'USGS Water Resources Division', 1);
INSERT INTO public.river_reviews (river_id, username, review_date, stars, body, is_seed) VALUES ('middle_loup', 'sandhills_clear_water', 'Jul 2025', 5, 'Middle Loup near Dunning at 350 cfs — water so clear it looks like you are floating on air. Spring-fed perfection in the heart of the Sandhills.', true);
INSERT INTO public.river_reviews (river_id, username, review_date, stars, body, is_seed) VALUES ('middle_loup', 'ne_trout_seeker', 'Aug 2025', 4, 'Brown trout in the upper Middle Loup are real. Cold, clear water and no pressure. A Sandhills secret.', true);
INSERT INTO public.river_outfitters (river_id, name, description, link, is_seed) VALUES ('middle_loup', 'Sandhills River Trips', 'Dunning-based outfitter, canoe and kayak rentals', '', true);
INSERT INTO public.rivers (id, state_key, name, county, length, class, optimal_cfs, usgs_gauge, avg_cfs, hist_flow, map_x, map_y, description, designations, sections, filter_flags) VALUES ('missouri_sd', 'sd', 'Missouri River — Below Fort Randall', 'Gregory / Charles Mix Co.', '59 mi', 'I', '15000–40000', '06452000', 24000, 21600, 395, 135, 'The Lewis and Clark National Historic Trail follows this 59-mile reach of cold, clear tailwater below Fort Randall Dam. The dam-released water creates world-class walleye and paddlefish habitat. Wide sandbars, cottonwood galleries, and virtually no development make this one of the most pristine stretches of the Missouri anywhere.', 'Lewis & Clark National Historic Trail · Missouri National Recreational River', ARRAY['Fort Randall Dam to Running Water — 30 mi, cold tailwater, big sandbars','Running Water to Niobrara confluence — 29 mi, wider river, island camping'], '{"scenic":true,"prairie":true,"badlands":false,"fishing":true}') ON CONFLICT (id) DO NOTHING;
INSERT INTO public.river_history (river_id, era, year, title, body, source, sort_order) VALUES ('missouri_sd', 'native', 'Pre-contact', 'Yankton Sioux Homeland — ''Mni Sose'' (Turbid Water)', 'The Missouri River was the lifeblood of the Yankton Sioux (Ihanktonwan Dakota). Villages lined the riverbanks for centuries. The name ''Missouri'' derives from the Siouan word for ''people of the big canoes.'' The Yankton Sioux Reservation borders this reach today.', 'Yankton Sioux Tribe; South Dakota State Historical Society', 0);
INSERT INTO public.river_history (river_id, era, year, title, body, source, sort_order) VALUES ('missouri_sd', 'survey', '1804', 'Lewis and Clark — ''The Missouri Is the Road''', 'The Corps of Discovery passed through this reach in late August 1804, documenting the Niobrara confluence and trading with Yankton Sioux. Clark described the river as ''handsome'' with ''delightful prairies on each side.'' The expedition spent two nights near present-day Running Water.', 'Journals of Lewis and Clark; NPS Lewis & Clark NHT', 1);
INSERT INTO public.river_history (river_id, era, year, title, body, source, sort_order) VALUES ('missouri_sd', 'modern', '1991', 'Missouri National Recreational River Designation', 'Congress designated this reach a National Recreational River, recognizing the 59-mile stretch below Fort Randall Dam as one of the last free-flowing, unchannelized segments of the Missouri — the river Lewis and Clark would still recognize.', 'NPS Missouri National Recreational River', 2);
INSERT INTO public.river_documents (river_id, title, source, year, doc_type, pages, url) VALUES ('missouri_sd', 'Missouri National Recreational River General Management Plan', 'NPS', 1999, 'Federal', 280, 'https://rivers.gov/sites/rivers/files/documents/plans/missouri-plan-nps.pdf');
INSERT INTO public.river_reviews (river_id, username, review_date, stars, body, is_seed) VALUES ('missouri_sd', 'missouri_sd_paddler', 'Aug 2025', 5, 'Three-day float below Fort Randall — camped on enormous sandbars both nights. Caught walleye for dinner. Lewis and Clark vibes.', true);
INSERT INTO public.river_reviews (river_id, username, review_date, stars, body, is_seed) VALUES ('missouri_sd', 'prairie_explorer', 'Jun 2025', 4, 'Wide, powerful river at 22,000 cfs. Stay near shore. Incredible birdlife — pelicans, bald eagles, terns nesting on every bar.', true);
INSERT INTO public.river_outfitters (river_id, name, description, link, is_seed) VALUES ('missouri_sd', 'Missouri River Expeditions', 'Multi-day guided trips, canoe and kayak rentals', 'missouririverexpeditions.com', true);
INSERT INTO public.rivers (id, state_key, name, county, length, class, optimal_cfs, usgs_gauge, avg_cfs, hist_flow, map_x, map_y, description, designations, sections, filter_flags) VALUES ('big_sioux', 'sd', 'Big Sioux River', 'Minnehaha / Lincoln Co.', '90 mi', 'I–II', '500–3000', '06485500', 1800, 1620, 395, 135, 'South Dakota''s eastern gem — the Big Sioux flows through Palisades State Park, where Sioux quartzite cliffs rise 50 feet above the river in a dramatic pink-and-red gorge. The quartzite is 1.7 billion years old, among the oldest exposed rock in North America. Excellent urban paddling through Sioux Falls.', 'Palisades State Park · Big Sioux Recreation Area', ARRAY['Palisades State Park — 8 mi, quartzite gorge, Class I–II','Sioux Falls to Brandon — 20 mi, urban prairie paddle','Brandon to confluence — 60 mi, wide prairie river'], '{"scenic":true,"prairie":true,"badlands":false,"fishing":true}') ON CONFLICT (id) DO NOTHING;
INSERT INTO public.river_history (river_id, era, year, title, body, source, sort_order) VALUES ('big_sioux', 'native', 'Pre-contact', 'Dakota Sioux Territory — Blood Run', 'The Big Sioux watershed was Dakota (Eastern Sioux) territory. Blood Run, a massive Oneota village site near the headwaters, was occupied from 1500–1700 AD and is one of the most significant archaeological sites on the northern Plains — a trading center of perhaps 10,000 people.', 'Blood Run National Historic Landmark; South Dakota Archaeological Society', 0);
INSERT INTO public.river_history (river_id, era, year, title, body, source, sort_order) VALUES ('big_sioux', 'survey', '1862', 'Homestead Act and Dakota War', 'The Homestead Act of 1862 opened the Big Sioux valley to white settlement. The simultaneous Dakota War in Minnesota drove surviving Dakota people westward, forever altering the river corridor''s cultural landscape.', 'South Dakota State Historical Society', 1);
INSERT INTO public.river_documents (river_id, title, source, year, doc_type, pages, url) VALUES ('big_sioux', 'Big Sioux River Watershed Assessment', 'SD DENR', 2014, 'Ecology', 155, 'https://danr.sd.gov/Conservation/WatershedProtection/TMDL/docs/TableDocs/tmdl_bigsiouxcentral.pdf');
INSERT INTO public.river_reviews (river_id, username, review_date, stars, body, is_seed) VALUES ('big_sioux', 'sioux_falls_kayaker', 'May 2025', 4, 'Palisades section at 1,200 cfs — gorgeous quartzite walls, mild Class II riffles. Best day trip near Sioux Falls.', true);
INSERT INTO public.river_reviews (river_id, username, review_date, stars, body, is_seed) VALUES ('big_sioux', 'prairie_river_rat', 'Jul 2025', 4, 'Brandon to Canton at 2,400 cfs — wide prairie water, big sky, saw a dozen great blue herons.', true);
INSERT INTO public.river_outfitters (river_id, name, description, link, is_seed) VALUES ('big_sioux', 'Palisades State Park', 'Canoe and kayak access, camping', 'gfp.sd.gov', true);
INSERT INTO public.river_outfitters (river_id, name, description, link, is_seed) VALUES ('big_sioux', 'Falls Overlook Kayaks', 'Sioux Falls urban paddle rentals', 'fallsoverlockkayaks.com', true);
INSERT INTO public.rivers (id, state_key, name, county, length, class, optimal_cfs, usgs_gauge, avg_cfs, hist_flow, map_x, map_y, description, designations, sections, filter_flags) VALUES ('cheyenne_sd', 'sd', 'Cheyenne River', 'Pennington / Meade Co.', '295 mi', 'I', '500–5000', '06438000', 1400, 1260, 395, 135, 'A 295-mile prairie odyssey from the Black Hills to the Missouri — the Cheyenne flows through the heart of Badlands National Park and the Pine Ridge Reservation. Remote, wild, and rarely paddled, this is South Dakota''s great undiscovered river expedition. Sediment-laden and braided in the Badlands, clearer below the Wall.', 'Badlands National Park corridor · Cheyenne River Sioux Reservation', ARRAY['Black Hills to Wall — 100 mi, Badlands corridor, silty and braided','Wall to confluence — 195 mi, prairie river, wider channel'], '{"scenic":false,"prairie":true,"badlands":true,"fishing":false}') ON CONFLICT (id) DO NOTHING;
INSERT INTO public.river_history (river_id, era, year, title, body, source, sort_order) VALUES ('cheyenne_sd', 'native', 'Pre-contact', 'Lakota Territory — ''Good River''', 'The Cheyenne River was central Lakota (Teton Sioux) territory. The river''s Lakota name, Wakpa Waste (''Good River''), reflected its importance for water, game, and travel. The Cheyenne River Sioux Tribe, headquartered at Eagle Butte, maintains sovereignty over much of the lower river today.', 'Cheyenne River Sioux Tribe; South Dakota State Historical Society', 0);
INSERT INTO public.river_history (river_id, era, year, title, body, source, sort_order) VALUES ('cheyenne_sd', 'survey', '1874', 'Custer''s Black Hills Expedition', 'Lt. Col. George Custer''s 1874 expedition followed the Cheyenne River corridor into the Black Hills, discovering gold and triggering an illegal rush into Lakota treaty lands — the direct cause of the Great Sioux War of 1876.', 'NPS; South Dakota State Historical Society', 1);
INSERT INTO public.river_history (river_id, era, year, title, body, source, sort_order) VALUES ('cheyenne_sd', 'modern', '2020', 'Badlands Paddling — Remote Prairie Expedition', 'A small but growing community of expedition paddlers has begun documenting multi-day Cheyenne River trips through the Badlands. The river remains one of the least-paddled waterways of its size in the United States.', 'American Whitewater; South Dakota GFP', 2);
INSERT INTO public.river_documents (river_id, title, source, year, doc_type, pages, url) VALUES ('cheyenne_sd', 'Cheyenne River Basin Water Quality Assessment', 'SD DENR', 2018, 'Hydrology', 120, 'https://danr.sd.gov/Conservation/WatershedProtection/ReportsPublications/uppercheyennefinalreport.pdf');
INSERT INTO public.river_reviews (river_id, username, review_date, stars, body, is_seed) VALUES ('cheyenne_sd', 'badlands_expedition', 'May 2025', 4, 'Five days from Rapid City to the Wall. Badlands formations rising from the banks. Saw no one. Bring extra water — this river runs silty.', true);
INSERT INTO public.river_reviews (river_id, username, review_date, stars, body, is_seed) VALUES ('cheyenne_sd', 'sd_river_explorer', 'Jun 2025', 3, 'Remote and wild but not easy. Low water, sandbars everywhere. You earn every mile on the Cheyenne.', true);
INSERT INTO public.river_outfitters (river_id, name, description, link, is_seed) VALUES ('cheyenne_sd', 'Badlands Adventure Outfitters', 'Expedition planning and shuttle service', 'badlandsadventure.com', true);
INSERT INTO public.rivers (id, state_key, name, county, length, class, optimal_cfs, usgs_gauge, avg_cfs, hist_flow, map_x, map_y, description, designations, sections, filter_flags) VALUES ('spearfish', 'sd', 'Spearfish Creek', 'Lawrence Co.', '20 mi', 'I–II', '50–300', '06431500', 120, 108, 395, 135, 'A Black Hills jewel cascading through Spearfish Canyon Scenic Byway — one of the most dramatic canyon drives in America. Spearfish Creek drops over limestone ledges through a 1,000-foot-deep canyon lined with spruce, birch, and ponderosa pine. Bridal Veil and Roughlock Falls punctuate the run.', 'Spearfish Canyon Scenic Byway · Black Hills National Forest', ARRAY['Savoy to Spearfish — 12 mi, canyon run, limestone ledges and falls','Upper Spearfish — 8 mi, narrow headwater, intimate forest paddle'], '{"scenic":true,"prairie":false,"badlands":false,"fishing":true}') ON CONFLICT (id) DO NOTHING;
INSERT INTO public.river_history (river_id, era, year, title, body, source, sort_order) VALUES ('spearfish', 'native', 'Pre-contact', 'Lakota Sacred Black Hills — Paha Sapa', 'Spearfish Creek flows from the heart of the Black Hills — Paha Sapa — sacred to the Lakota, Cheyenne, and other Plains peoples for centuries. The creek''s name derives from the Lakota practice of spearing fish in its clear waters. The 1868 Fort Laramie Treaty guaranteed the Black Hills to the Lakota, a promise broken after Custer''s 1874 gold expedition.', 'Lakota Treaty Council; South Dakota State Historical Society', 0);
INSERT INTO public.river_history (river_id, era, year, title, body, source, sort_order) VALUES ('spearfish', 'survey', '1876', 'Black Hills Gold Rush', 'The discovery of gold in the Black Hills triggered an illegal rush into Lakota treaty lands. Miners flooded up Spearfish Creek and its tributaries, establishing the town of Spearfish in 1876. The resulting conflict led to the Great Sioux War and the Battle of Little Bighorn.', 'South Dakota State Historical Society; NPS', 1);
INSERT INTO public.river_reviews (river_id, username, review_date, stars, body, is_seed) VALUES ('spearfish', 'blackhills_kayaker', 'Jun 2025', 5, 'Spearfish Canyon at 150 cfs — Bridal Veil Falls pouring off the canyon wall, crystal water over limestone. Best creek paddle in the Dakotas.', true);
INSERT INTO public.river_reviews (river_id, username, review_date, stars, body, is_seed) VALUES ('spearfish', 'sd_trout_angler', 'Jul 2025', 4, 'Brown trout in Spearfish Creek are wary but worth the effort. Gorgeous canyon setting, cold water all summer.', true);
INSERT INTO public.river_outfitters (river_id, name, description, link, is_seed) VALUES ('spearfish', 'Spearfish Canyon Lodge', 'Creek access, lodging, local paddling information', '', true);
INSERT INTO public.rivers (id, state_key, name, county, length, class, optimal_cfs, usgs_gauge, avg_cfs, hist_flow, map_x, map_y, description, designations, sections, filter_flags) VALUES ('rapid_creek', 'sd', 'Rapid Creek', 'Pennington Co.', '60 mi', 'I–II', '50–400', '06414000', 140, 126, 395, 135, 'Rapid City''s backyard trout stream — a clear, cold tailwater below Pactola Reservoir flowing through the Black Hills and directly through downtown Rapid City. The urban greenway section offers surprisingly wild paddling with brown trout rising within sight of downtown restaurants.', 'Rapid City Greenway · Black Hills National Forest', ARRAY['Below Pactola Dam — 15 mi, cold tailwater, best trout water','Rapid City urban greenway — 12 mi, Class I–II through town','Below Rapid City — 30 mi, prairie transition, wider channel'], '{"scenic":true,"prairie":false,"badlands":false,"fishing":true}') ON CONFLICT (id) DO NOTHING;
INSERT INTO public.river_history (river_id, era, year, title, body, source, sort_order) VALUES ('rapid_creek', 'native', 'Pre-contact', 'Lakota Black Hills Water Source', 'Rapid Creek was a vital water source for Lakota bands living in and around the Black Hills. The creek''s swift current (''rapid'') through the Hills provided year-round cold water in a region where many streams dry up in summer. The creek was part of the sacred Paha Sapa landscape.', 'Lakota Treaty Council; South Dakota State Historical Society', 0);
INSERT INTO public.river_history (river_id, era, year, title, body, source, sort_order) VALUES ('rapid_creek', 'modern', '1972', 'Rapid City Flood — 238 Lives Lost', 'On June 9, 1972, Rapid Creek flooded catastrophically after 15 inches of rain fell in six hours over the Black Hills. The flood killed 238 people and destroyed 1,335 homes. The disaster led to the creation of the Rapid City greenway — the floodplain was converted to parkland rather than rebuilt, creating the urban paddling corridor enjoyed today.', 'USGS; City of Rapid City', 1);
INSERT INTO public.river_reviews (river_id, username, review_date, stars, body, is_seed) VALUES ('rapid_creek', 'rc_urban_paddle', 'Jul 2025', 4, 'Rapid Creek through downtown at 120 cfs — trout rising under the bridge, Class I–II riffles, lunch at a riverside restaurant. Urban paddling done right.', true);
INSERT INTO public.river_reviews (river_id, username, review_date, stars, body, is_seed) VALUES ('rapid_creek', 'pactola_tailwater', 'Aug 2025', 5, 'Below Pactola Dam at 200 cfs — cold, clear tailwater with big browns. Best trout fishing within an hour of Mount Rushmore.', true);
INSERT INTO public.river_outfitters (river_id, name, description, link, is_seed) VALUES ('rapid_creek', 'Black Hills Paddleboard & Kayak', 'Rapid Creek kayak rentals and shuttle service', '', true);
INSERT INTO public.rivers (id, state_key, name, county, length, class, optimal_cfs, usgs_gauge, avg_cfs, hist_flow, map_x, map_y, description, designations, sections, filter_flags) VALUES ('james_sd', 'sd', 'James River', 'Brown / Beadle Co.', '710 mi', 'I', '200–2000', '06477000', 800, 720, 395, 135, 'The longest unnavigable river in America — or so the old joke goes. The James meanders 710 miles from North Dakota to the Missouri, making it one of the longest tributaries in the country. In reality, the James is navigable for much of its length and offers classic Great Plains prairie paddling through endless grassland.', 'James River Water Trail candidate', ARRAY['Aberdeen to Huron — 120 mi, upper James, slow prairie meanders','Huron to Mitchell — 100 mi, middle James, wider channel','Mitchell to Yankton — 150 mi, lower James, deeper and faster to the Missouri'], '{"scenic":false,"prairie":true,"badlands":false,"fishing":true}') ON CONFLICT (id) DO NOTHING;
INSERT INTO public.river_history (river_id, era, year, title, body, source, sort_order) VALUES ('james_sd', 'native', 'Pre-contact', 'Dakota Sioux — James River Valley', 'The James River valley was central Dakota (Eastern Sioux) territory. The river''s gentle flow and fertile bottomlands supported semi-permanent villages along its length. The Dakota name for the river emphasized its slow, winding character through the vast prairie.', 'South Dakota State Historical Society; Yankton Sioux Tribe', 0);
INSERT INTO public.river_history (river_id, era, year, title, body, source, sort_order) VALUES ('james_sd', 'logging', '1880s', 'Great Dakota Boom — Railroad and Settlement', 'The ''Great Dakota Boom'' of the 1880s brought railroads and thousands of homesteaders to the James River valley. Towns like Aberdeen, Huron, and Mitchell sprang up along the river, transforming the prairie into one of America''s most productive agricultural regions.', 'South Dakota State Historical Society', 1);
INSERT INTO public.river_reviews (river_id, username, review_date, stars, body, is_seed) VALUES ('james_sd', 'james_river_long', 'Jun 2025', 4, 'Three days on the James below Huron at 600 cfs — slow, winding, and deeply peaceful. Prairie meanders that go on forever. Bring patience and a good book for camp.', true);
INSERT INTO public.river_reviews (river_id, username, review_date, stars, body, is_seed) VALUES ('james_sd', 'sd_prairie_paddle', 'Jul 2025', 3, 'The James is not exciting but it is genuine prairie river paddling. Low banks, big sky, and the occasional pelican colony.', true);
INSERT INTO public.river_outfitters (river_id, name, description, link, is_seed) VALUES ('james_sd', 'James River Canoe Trail', 'Access point information and seasonal conditions', '', true);
INSERT INTO public.rivers (id, state_key, name, county, length, class, optimal_cfs, usgs_gauge, avg_cfs, hist_flow, map_x, map_y, description, designations, sections, filter_flags) VALUES ('white_sd', 'sd', 'White River', 'Shannon / Mellette Co.', '507 mi', 'I', '100–1000', '06452000', 500, 450, 395, 135, 'A remote prairie expedition through the Badlands and Pine Ridge Reservation — the White River flows 507 miles through some of the most isolated landscape in the Lower 48. Sediment-laden water cuts through Badlands formations and vast Lakota grasslands. Rarely paddled, deeply wild.', 'Pine Ridge Reservation · Badlands National Park corridor', ARRAY['Badlands section — 60 mi, White River through eroded formations','Pine Ridge to Rosebud — 120 mi, reservation prairie, remote','Lower White — 100 mi, wider channel to Missouri confluence'], '{"scenic":false,"prairie":true,"badlands":true,"fishing":false}') ON CONFLICT (id) DO NOTHING;
INSERT INTO public.river_history (river_id, era, year, title, body, source, sort_order) VALUES ('white_sd', 'native', 'Pre-contact', 'Oglala Lakota Homeland — White Clay Creek', 'The White River flows through the heart of the Pine Ridge Reservation, homeland of the Oglala Lakota. The river''s chalky, sediment-laden water gives it the white appearance that inspired its name. The Wounded Knee Massacre site lies within the White River watershed.', 'Oglala Sioux Tribe; South Dakota State Historical Society', 0);
INSERT INTO public.river_history (river_id, era, year, title, body, source, sort_order) VALUES ('white_sd', 'survey', '1890', 'Wounded Knee and the Ghost Dance', 'The Wounded Knee Massacre of December 29, 1890, occurred along a tributary of the White River on the Pine Ridge Reservation. U.S. troops killed approximately 300 Lakota men, women, and children — the last major conflict of the American Indian Wars.', 'NPS; Oglala Sioux Tribe', 1);
INSERT INTO public.river_reviews (river_id, username, review_date, stars, body, is_seed) VALUES ('white_sd', 'badlands_white_river', 'May 2025', 4, 'White River through the Badlands at 300 cfs — otherworldly landscape, chalky water, no one for days. This is expedition paddling at its most remote.', true);
INSERT INTO public.river_reviews (river_id, username, review_date, stars, body, is_seed) VALUES ('white_sd', 'sd_wild_explorer', 'Jun 2025', 3, 'Remote and challenging. Silty water, few access points, and you need permission on reservation land. But the landscape is extraordinary.', true);
INSERT INTO public.river_outfitters (river_id, name, description, link, is_seed) VALUES ('white_sd', 'Badlands River Expeditions', 'Guided White River trips, reservation permits arranged', '', true);
INSERT INTO public.rivers (id, state_key, name, county, length, class, optimal_cfs, usgs_gauge, avg_cfs, hist_flow, map_x, map_y, description, designations, sections, filter_flags) VALUES ('vermillion_sd', 'sd', 'Vermillion River', 'Turner / Clay Co.', '120 mi', 'I', '100–800', '06478690', 320, 288, 395, 135, 'Southeast South Dakota''s hidden gem — the Vermillion River winds through rolling prairie past Spirit Mound, where Lewis and Clark hiked in 1804 expecting to find ''little devils.'' The river offers gentle paddling through a pastoral landscape of farms, woodlands, and tallgrass remnants near the University of South Dakota.', 'Spirit Mound Historic Prairie · Vermillion River corridor', ARRAY['Parker to Centerville — 40 mi, upper Vermillion, rolling prairie','Centerville to Vermillion — 40 mi, lower river, Spirit Mound area'], '{"scenic":true,"prairie":true,"badlands":false,"fishing":true}') ON CONFLICT (id) DO NOTHING;
INSERT INTO public.river_history (river_id, era, year, title, body, source, sort_order) VALUES ('vermillion_sd', 'native', 'Pre-contact', 'Yankton Sioux — Spirit Mound', 'The Vermillion River valley was Yankton Sioux territory. Spirit Mound, a prominent hill near the river, held deep spiritual significance — the Yankton believed it was inhabited by small, fierce spirits. Lewis and Clark visited the mound on August 25, 1804, after hearing these stories from the Yankton.', 'Yankton Sioux Tribe; Journals of Lewis and Clark', 0);
INSERT INTO public.river_history (river_id, era, year, title, body, source, sort_order) VALUES ('vermillion_sd', 'survey', '1804', 'Lewis and Clark at Spirit Mound', 'Lewis, Clark, and ten men hiked to Spirit Mound on August 25, 1804, finding ''a handsom Prairie'' but no little devils. Clark documented the ''emence Plains'' visible from the summit — the first recorded European visit to the site. Spirit Mound Historic Prairie is now a state preserve.', 'Journals of Lewis and Clark; South Dakota GFP', 1);
INSERT INTO public.river_reviews (river_id, username, review_date, stars, body, is_seed) VALUES ('vermillion_sd', 'se_sd_paddler', 'Jun 2025', 4, 'Vermillion River at 250 cfs — gentle prairie paddle past Spirit Mound. Stopped to hike the Lewis and Clark trail. Quiet and historic.', true);
INSERT INTO public.river_reviews (river_id, username, review_date, stars, body, is_seed) VALUES ('vermillion_sd', 'usd_kayak_club', 'May 2025', 4, 'Great little river near campus. Easy Class I, good fishing, and nobody seems to know about it outside Vermillion.', true);
INSERT INTO public.river_outfitters (river_id, name, description, link, is_seed) VALUES ('vermillion_sd', 'Vermillion River Outfitters', 'Seasonal kayak and canoe rentals, local conditions', '', true);
INSERT INTO public.rivers (id, state_key, name, county, length, class, optimal_cfs, usgs_gauge, avg_cfs, hist_flow, map_x, map_y, description, designations, sections, filter_flags) VALUES ('little_missouri', 'nd', 'Little Missouri River', 'Billings / McKenzie Co.', '560 mi', 'I–II', '200–3000', '06337000', 420, 378, 395, 85, 'The river that made Theodore Roosevelt a conservationist — winding 560 miles through the painted Badlands of western North Dakota. The Little Missouri carved the dramatic buttes, hoodoos, and coulees of Theodore Roosevelt National Park. Remote, unpredictable, and stunningly beautiful.', 'Theodore Roosevelt National Park · North Dakota Scenic River', ARRAY['South Unit TRNP — 30 mi, classic Badlands canyon','Elkhorn Ranch to North Unit — 60 mi, remote wilderness','North Unit TRNP — 15 mi, deep canyon, bison herds'], '{"scenic":true,"prairie":true,"badlands":true,"fishing":false}') ON CONFLICT (id) DO NOTHING;
INSERT INTO public.river_history (river_id, era, year, title, body, source, sort_order) VALUES ('little_missouri', 'native', 'Pre-contact', 'Mandan and Hidatsa Territory — ''Thick Water''', 'The Little Missouri Badlands were hunting grounds for the Mandan, Hidatsa, and later Lakota peoples. The harsh terrain provided winter shelter for bison herds, making the river corridor a critical hunting landscape. The Mandan name translated roughly to ''thick water'' for its heavy sediment load.', 'Three Affiliated Tribes; North Dakota Heritage Center', 0);
INSERT INTO public.river_history (river_id, era, year, title, body, source, sort_order) VALUES ('little_missouri', 'survey', '1883', 'Theodore Roosevelt Arrives — ''I Would Not Have Been President''', 'Young Theodore Roosevelt arrived at the Little Missouri in September 1883 to hunt bison. He stayed to ranch, and the Badlands transformed him into America''s greatest conservation president. Roosevelt later said: ''I would not have been President had it not been for my experience in North Dakota.''', 'Theodore Roosevelt National Park; Theodore Roosevelt Center, Dickinson State University', 1);
INSERT INTO public.river_history (river_id, era, year, title, body, source, sort_order) VALUES ('little_missouri', 'modern', '2024', 'Paddling the Badlands — A Growing Expedition', 'The Little Missouri has gained recognition among expedition paddlers as one of America''s great undiscovered river trips. Spring snowmelt provides the best flows through the Badlands, with feral horses, bison, and elk visible from the water.', 'American Whitewater; ND Parks and Recreation', 2);
INSERT INTO public.river_reviews (river_id, username, review_date, stars, body, is_seed) VALUES ('little_missouri', 'badlands_paddler_nd', 'May 2025', 5, 'South Unit at 800 cfs after spring rain — Badlands rising on both sides, wild horses on the ridgeline. This is the real North Dakota.', true);
INSERT INTO public.river_reviews (river_id, username, review_date, stars, body, is_seed) VALUES ('little_missouri', 'tr_national_park', 'Apr 2025', 4, 'Elkhorn Ranch section at 400 cfs. Remote, silty, and absolutely wild. Bison 50 yards from the canoe. Pack everything you need.', true);
INSERT INTO public.river_outfitters (river_id, name, description, link, is_seed) VALUES ('little_missouri', 'Little Missouri River Outfitters', 'Medora-based, Badlands expeditions', 'littlemissouririver.com', true);
INSERT INTO public.rivers (id, state_key, name, county, length, class, optimal_cfs, usgs_gauge, avg_cfs, hist_flow, map_x, map_y, description, designations, sections, filter_flags) VALUES ('sheyenne', 'nd', 'Sheyenne River', 'Ransom / Richland Co.', '325 mi', 'I', '200–2000', '05059000', 580, 522, 395, 85, 'North Dakota''s most scenic paddling river — 325 miles through tallgrass prairie, oak savanna, and the Sheyenne National Grassland. The National Scenic Byway parallels the river through one of the last intact tallgrass prairie ecosystems in the northern Great Plains.', 'Sheyenne River Valley National Scenic Byway · Sheyenne National Grassland', ARRAY['Fort Ransom to Lisbon — 40 mi, prairie canyon, best paddling stretch','Lisbon to Kindred — 60 mi, tallgrass prairie corridor'], '{"scenic":true,"prairie":true,"badlands":false,"fishing":true}') ON CONFLICT (id) DO NOTHING;
INSERT INTO public.river_history (river_id, era, year, title, body, source, sort_order) VALUES ('sheyenne', 'native', 'Pre-contact', 'Cheyenne (Tsitsistas) Homeland — ''People of a Different Speech''', 'The Sheyenne River takes its name from the Cheyenne people (Tsitsistas) who lived along its banks before being pushed westward by the Ojibwe in the 1700s. The river corridor was later Dakota Sioux territory.', 'North Dakota Heritage Center; Cheyenne and Arapaho Tribes', 0);
INSERT INTO public.river_history (river_id, era, year, title, body, source, sort_order) VALUES ('sheyenne', 'survey', '1933', 'Sheyenne National Grassland Established', 'The federal government acquired 70,000 acres of failed farmland during the Dust Bowl and established the Sheyenne National Grassland — now the largest tallgrass prairie in public ownership in the United States, stretching along the river for 30 miles.', 'USFS Dakota Prairie Grasslands', 1);
INSERT INTO public.river_history (river_id, era, year, title, body, source, sort_order) VALUES ('sheyenne', 'modern', '2009', 'National Scenic Byway Designation', 'The Sheyenne River Valley was designated a National Scenic Byway, recognizing the corridor''s exceptional scenic, natural, and cultural qualities — the only National Scenic Byway in North Dakota.', 'Federal Highway Administration; ND DOT', 2);
INSERT INTO public.river_reviews (river_id, username, review_date, stars, body, is_seed) VALUES ('sheyenne', 'nd_prairie_paddle', 'Jun 2025', 4, 'Fort Ransom to Lisbon in two days at 500 cfs — gorgeous tallgrass banks, deer everywhere. Best paddling in eastern ND.', true);
INSERT INTO public.river_reviews (river_id, username, review_date, stars, body, is_seed) VALUES ('sheyenne', 'grassland_kayaker', 'Jul 2025', 4, 'Sheyenne through the National Grassland at 380 cfs — slow and peaceful. Prairie wildflowers wall to wall.', true);
INSERT INTO public.river_outfitters (river_id, name, description, link, is_seed) VALUES ('sheyenne', 'Fort Ransom State Park', 'Canoe access, camping, shuttle information', 'parkrec.nd.gov', true);
INSERT INTO public.rivers (id, state_key, name, county, length, class, optimal_cfs, usgs_gauge, avg_cfs, hist_flow, map_x, map_y, description, designations, sections, filter_flags) VALUES ('missouri_nd', 'nd', 'Missouri River — Lake Sakakawea to Bismarck', 'McLean / Burleigh Co.', '80 mi', 'I', '10000–30000', '06340500', 18000, 16200, 395, 85, 'The Lewis and Clark route through the heart of North Dakota — 80 miles of free-flowing Missouri River from Garrison Dam to Bismarck. The Knife River Indian Villages, where Sacagawea joined the expedition, sit along this reach. Cold tailwater below the dam supports excellent walleye and northern pike fishing.', 'Lewis & Clark National Historic Trail · Knife River Indian Villages NHS', ARRAY['Garrison Dam to Stanton — 30 mi, cold tailwater, Knife River confluence','Stanton to Bismarck — 50 mi, wider prairie river, cottonwood galleries'], '{"scenic":true,"prairie":true,"badlands":false,"fishing":true}') ON CONFLICT (id) DO NOTHING;
INSERT INTO public.river_history (river_id, era, year, title, body, source, sort_order) VALUES ('missouri_nd', 'native', 'Pre-contact', 'Mandan and Hidatsa — ''People of the First Man''', 'The Mandan and Hidatsa peoples built sophisticated earth lodge villages along this stretch of the Missouri for over 500 years. The Knife River Indian Villages — three major sites — supported populations of 5,000+ people. This was the agricultural and trade center of the northern Plains.', 'NPS Knife River Indian Villages NHS; Three Affiliated Tribes', 0);
INSERT INTO public.river_history (river_id, era, year, title, body, source, sort_order) VALUES ('missouri_nd', 'survey', '1804–1805', 'Lewis and Clark Winter at Fort Mandan', 'The Corps of Discovery spent the winter of 1804–1805 at Fort Mandan, near present-day Washburn. Here they met Sacagawea and Toussaint Charbonneau. Clark mapped the Missouri meticulously, and the expedition traded with the Mandan and Hidatsa through the long Dakota winter.', 'Journals of Lewis and Clark; NPS Lewis & Clark NHT', 1);
INSERT INTO public.river_history (river_id, era, year, title, body, source, sort_order) VALUES ('missouri_nd', 'modern', '2019', 'Knife River Indian Villages — Living Heritage', 'The NPS Knife River Indian Villages site preserves three major Hidatsa village sites and hosts annual cultural events with the Three Affiliated Tribes. The reconstructed earth lodge on site is one of the most visited attractions in North Dakota.', 'NPS Knife River Indian Villages NHS', 2);
INSERT INTO public.river_reviews (river_id, username, review_date, stars, body, is_seed) VALUES ('missouri_nd', 'lewis_clark_paddler', 'Jul 2025', 5, 'Four days Garrison Dam to Bismarck. Stopped at Knife River villages — stood where Sacagawea joined the expedition. Big river, big history.', true);
INSERT INTO public.river_reviews (river_id, username, review_date, stars, body, is_seed) VALUES ('missouri_nd', 'nd_walleye_kayak', 'Aug 2025', 4, 'Below Garrison Dam at 16,000 cfs — cold, clear tailwater. Caught walleye from the kayak all day. Incredible fishery.', true);
INSERT INTO public.river_outfitters (river_id, name, description, link, is_seed) VALUES ('missouri_nd', 'Missouri River Adventures', 'Multi-day guided Missouri River trips', 'missouriveradventures.com', true);
INSERT INTO public.river_outfitters (river_id, name, description, link, is_seed) VALUES ('missouri_nd', 'Cross Ranch State Park', 'River access, camping, nature preserve', 'parkrec.nd.gov', true);
INSERT INTO public.rivers (id, state_key, name, county, length, class, optimal_cfs, usgs_gauge, avg_cfs, hist_flow, map_x, map_y, description, designations, sections, filter_flags) VALUES ('pembina', 'nd', 'Pembina River', 'Cavalier / Pembina Co.', '100 mi', 'I', '100–800', '05099600', 340, 306, 395, 85, 'Home to North Dakota''s only gorge — the Pembina River carves a dramatic 150-foot-deep wooded valley through the otherwise flat Drift Prairie. The Pembina Gorge is the largest contiguous tract of woodland in the state, an unexpected oasis of hardwood forest, wildflowers, and wildlife in the far northeast corner.', 'Pembina Gorge State Recreation Area', ARRAY['Pembina Gorge — 25 mi, wooded canyon, best paddling section','Lower Pembina — 40 mi, prairie river to Red River confluence'], '{"scenic":true,"prairie":true,"badlands":false,"fishing":true}') ON CONFLICT (id) DO NOTHING;
INSERT INTO public.river_history (river_id, era, year, title, body, source, sort_order) VALUES ('pembina', 'native', 'Pre-contact', 'Ojibwe and Dakota Borderland', 'The Pembina River valley was a contested borderland between Ojibwe (moving west) and Dakota (moving south) peoples. The name ''Pembina'' derives from the Ojibwe word for highbush cranberry (''nepiminaan'') that grew abundantly along the river. The Pembina Band of Chippewa maintains ties to the region today.', 'Turtle Mountain Band of Chippewa; North Dakota Heritage Center', 0);
INSERT INTO public.river_history (river_id, era, year, title, body, source, sort_order) VALUES ('pembina', 'survey', '1812', 'Pembina — First European Settlement in North Dakota', 'The Pembina settlement, established at the river''s confluence with the Red River, was the first European community in what became North Dakota. Scottish and Metis settlers from the Selkirk Colony arrived in 1812, establishing a fur trading post that anchored the region for decades.', 'North Dakota Heritage Center; State Historical Society of North Dakota', 1);
INSERT INTO public.river_reviews (river_id, username, review_date, stars, body, is_seed) VALUES ('pembina', 'nd_gorge_paddler', 'Jun 2025', 5, 'Pembina Gorge at 250 cfs — 150-foot wooded canyon walls in North Dakota. Could not believe I was in ND. Best hidden paddle in the state.', true);
INSERT INTO public.river_reviews (river_id, username, review_date, stars, body, is_seed) VALUES ('pembina', 'pembina_explorer', 'Jul 2025', 4, 'Spring paddle through the gorge at 500 cfs. Hardwood forest, wildflowers, deer everywhere. Nothing else like it in North Dakota.', true);
INSERT INTO public.river_outfitters (river_id, name, description, link, is_seed) VALUES ('pembina', 'Pembina Gorge Recreation Area', 'River access, camping, trail information', '', true);
INSERT INTO public.rivers (id, state_key, name, county, length, class, optimal_cfs, usgs_gauge, avg_cfs, hist_flow, map_x, map_y, description, designations, sections, filter_flags) VALUES ('heart', 'nd', 'Heart River', 'Stark / Morton Co.', '180 mi', 'I', '100–1000', '06349000', 280, 252, 395, 85, 'A prairie river flowing 180 miles from Dickinson to Mandan, where it joins the Missouri at the site of historic Fort Abraham Lincoln. The Heart winds through rolling grassland with cottonwood-lined banks, passing through the agricultural heartland of western North Dakota. Below Dickinson Dam, reliable tailwater flows support good fishing.', 'Fort Abraham Lincoln State Park corridor', ARRAY['Below Dickinson Dam — 40 mi, reliable tailwater, best paddling','Glen Ullin to Mandan — 60 mi, prairie river, cottonwood galleries'], '{"scenic":false,"prairie":true,"badlands":false,"fishing":true}') ON CONFLICT (id) DO NOTHING;
INSERT INTO public.river_history (river_id, era, year, title, body, source, sort_order) VALUES ('heart', 'native', 'Pre-contact', 'Mandan Homeland — Heart River Village', 'The Heart River takes its name from the Mandan village of On-A-Slant (Miti-Ba-Rush), situated at the confluence of the Heart and Missouri rivers. This major Mandan settlement of over 1,000 people thrived from the 1500s to about 1781, when a devastating smallpox epidemic forced abandonment.', 'NPS Fort Abraham Lincoln; North Dakota Heritage Center', 0);
INSERT INTO public.river_history (river_id, era, year, title, body, source, sort_order) VALUES ('heart', 'survey', '1874', 'Fort Abraham Lincoln — Custer''s Last Post', 'Lt. Col. George Custer commanded Fort Abraham Lincoln at the Heart River''s mouth from 1873 until his departure for the Little Bighorn in 1876. The fort was the staging point for Custer''s Black Hills Expedition and his fatal Seventh Cavalry campaign.', 'NPS; North Dakota Heritage Center', 1);
INSERT INTO public.river_reviews (river_id, username, review_date, stars, body, is_seed) VALUES ('heart', 'heart_river_nd', 'Jun 2025', 4, 'Heart River below Dickinson Dam at 300 cfs — pleasant prairie paddle, good smallmouth fishing. Ended at Fort Lincoln — stood where Custer left for Little Bighorn.', true);
INSERT INTO public.river_reviews (river_id, username, review_date, stars, body, is_seed) VALUES ('heart', 'mandan_kayaker', 'Jul 2025', 3, 'Lower Heart is mellow and slow. Nice for a quiet afternoon paddle but not much whitewater. Good fishing though.', true);
INSERT INTO public.river_outfitters (river_id, name, description, link, is_seed) VALUES ('heart', 'Fort Abraham Lincoln State Park', 'River access, camping, historic site tours', '', true);
INSERT INTO public.rivers (id, state_key, name, county, length, class, optimal_cfs, usgs_gauge, avg_cfs, hist_flow, map_x, map_y, description, designations, sections, filter_flags) VALUES ('knife', 'nd', 'Knife River', 'Dunn / Mercer Co.', '120 mi', 'I', '50–500', '06340500', 180, 162, 395, 85, 'A small prairie river with outsized history — the Knife River flows past the Knife River Indian Villages National Historic Site, where Sacagawea lived before joining Lewis and Clark. The river''s flint-bearing banks gave it its name and made it a center of indigenous tool-making for thousands of years.', 'Knife River Indian Villages National Historic Site', ARRAY['Upper Knife — Dunn Co. to Golden Valley, 50 mi, remote prairie','Beulah to Stanton — 30 mi, Knife River Indian Villages section'], '{"scenic":true,"prairie":true,"badlands":false,"fishing":true}') ON CONFLICT (id) DO NOTHING;
INSERT INTO public.river_history (river_id, era, year, title, body, source, sort_order) VALUES ('knife', 'native', 'Pre-contact', 'Hidatsa Villages — Knife River Flint', 'The Knife River was the center of Hidatsa civilization for over 500 years. Three major village sites supported populations of 5,000+ people. The river''s distinctive brown Knife River flint was traded across North America — artifacts have been found from the Great Lakes to the Rockies.', 'NPS Knife River Indian Villages NHS; Smithsonian Institution', 0);
INSERT INTO public.river_history (river_id, era, year, title, body, source, sort_order) VALUES ('knife', 'survey', '1804', 'Lewis and Clark Meet Sacagawea', 'The Corps of Discovery wintered near the Knife River villages in 1804–1805. Here they met Sacagawea, a young Shoshone woman living among the Hidatsa, who would guide the expedition to the Pacific. The Knife River villages were the largest population center on the northern Plains.', 'Journals of Lewis and Clark; NPS Knife River Indian Villages NHS', 1);
INSERT INTO public.river_reviews (river_id, username, review_date, stars, body, is_seed) VALUES ('knife', 'knife_river_history', 'Jul 2025', 5, 'Paddled the Knife past the Indian Villages at 120 cfs — small river, huge history. Walked the earth lodge reconstructions afterward. Lewis and Clark country.', true);
INSERT INTO public.river_reviews (river_id, username, review_date, stars, body, is_seed) VALUES ('knife', 'nd_small_rivers', 'Aug 2025', 4, 'Upper Knife is tiny but scenic. Prairie canyon, cottonwoods, and total solitude. Bring a light boat for shallow spots.', true);
INSERT INTO public.river_outfitters (river_id, name, description, link, is_seed) VALUES ('knife', 'Knife River Indian Villages NHS', 'River access, cultural tours, earth lodge visits', '', true);
INSERT INTO public.rivers (id, state_key, name, county, length, class, optimal_cfs, usgs_gauge, avg_cfs, hist_flow, map_x, map_y, description, designations, sections, filter_flags) VALUES ('cannonball', 'nd', 'Cannonball River', 'Slope / Sioux Co.', '140 mi', 'I', '50–500', '06354000', 160, 144, 395, 85, 'A remote prairie river flowing through the Standing Rock Reservation — the Cannonball is named for the perfectly round sandstone concretions found along its banks, which early explorers mistook for cannonballs. One of the most isolated paddling experiences in North Dakota, through vast grasslands with virtually no development.', 'Standing Rock Sioux Reservation corridor', ARRAY['Upper Cannonball — Slope Co. to Hettinger, 50 mi, narrow prairie stream','Lower Cannonball — Hettinger to Missouri confluence, 90 mi, wider channel through Standing Rock'], '{"scenic":false,"prairie":true,"badlands":false,"fishing":false}') ON CONFLICT (id) DO NOTHING;
INSERT INTO public.river_history (river_id, era, year, title, body, source, sort_order) VALUES ('cannonball', 'native', 'Pre-contact', 'Hunkpapa Lakota Homeland — Standing Rock', 'The Cannonball River flows through the heart of the Standing Rock Reservation, homeland of the Hunkpapa Lakota. The river''s confluence with the Missouri was Sitting Bull''s home territory. The sacred stone (Inyan Wakan) that gives Standing Rock its name sits near the river''s mouth.', 'Standing Rock Sioux Tribe; North Dakota Heritage Center', 0);
INSERT INTO public.river_history (river_id, era, year, title, body, source, sort_order) VALUES ('cannonball', 'modern', '2016', 'Standing Rock and the Dakota Access Pipeline', 'The Cannonball River and its confluence with the Missouri became the center of the largest Native American protest in modern history when the Standing Rock Sioux Tribe opposed the Dakota Access Pipeline. Thousands gathered at the Sacred Stone Camp near the Cannonball''s mouth in 2016–2017.', 'Standing Rock Sioux Tribe; U.S. Army Corps of Engineers', 1);
INSERT INTO public.river_reviews (river_id, username, review_date, stars, body, is_seed) VALUES ('cannonball', 'standing_rock_paddle', 'Jun 2025', 4, 'Cannonball River at 100 cfs — remote prairie, round concretions on every gravel bar. You need tribal permission and local knowledge. Worth the effort.', true);
INSERT INTO public.river_reviews (river_id, username, review_date, stars, body, is_seed) VALUES ('cannonball', 'nd_expedition_kayak', 'May 2025', 3, 'Low and slow in late spring. Bring a light boat and plenty of water. The isolation is the point — vast, empty, beautiful prairie.', true);
INSERT INTO public.river_outfitters (river_id, name, description, link, is_seed) VALUES ('cannonball', 'Standing Rock Tourism', 'Reservation access permits, cultural tours, river information', '', true);
INSERT INTO public.rivers (id, state_key, name, county, length, class, optimal_cfs, usgs_gauge, avg_cfs, hist_flow, map_x, map_y, description, designations, sections, filter_flags) VALUES ('flint_hills', 'ks', 'Flint Hills — South Fork Cottonwood', 'Chase / Marion Co.', '40 mi', 'I–II', '200–1500', '07179730', 480, 432, 430, 270, 'Paddling through the last remaining tallgrass prairie ecosystem on earth. The Flint Hills are the only place where the original Great Plains grassland survives intact — four million acres of unplowed bluestem prairie stretching to every horizon. Spring burns turn the hills black, then impossibly green within weeks.', 'Tallgrass Prairie National Preserve corridor · Kansas Scenic River candidate', ARRAY['Marion to Cottonwood Falls — 25 mi, Flint Hills canyon','Cottonwood Falls to Emporia — 15 mi, wider valley, prairie views'], '{"scenic":true,"prairie":true,"flinthills":true,"fishing":false}') ON CONFLICT (id) DO NOTHING;
INSERT INTO public.river_history (river_id, era, year, title, body, source, sort_order) VALUES ('flint_hills', 'native', 'Pre-contact', 'Kanza (Kaw) People — ''People of the South Wind''', 'The Flint Hills were the homeland of the Kanza (Kaw) people, from whom Kansas takes its name. The Kanza managed the tallgrass prairie through controlled burning for centuries — the same practice that preserves the ecosystem today. The tribe was forcibly removed to Oklahoma in 1873.', 'Kaw Nation; Kansas State Historical Society', 0);
INSERT INTO public.river_history (river_id, era, year, title, body, source, sort_order) VALUES ('flint_hills', 'survey', '1996', 'Tallgrass Prairie National Preserve Established', 'Congress established the Tallgrass Prairie National Preserve near Cottonwood Falls — the only unit of the National Park system dedicated to the tallgrass prairie ecosystem. Less than 4% of the original tallgrass remains, almost all of it in the Flint Hills.', 'NPS Tallgrass Prairie National Preserve', 1);
INSERT INTO public.river_documents (river_id, title, source, year, doc_type, pages, url) VALUES ('flint_hills', 'Flint Hills Tallgrass Prairie Conservation Assessment', 'TNC / NPS', 2010, 'Ecology', 210, 'https://npshistory.com/publications/tapr/nrr-2019-2043.pdf');
INSERT INTO public.river_reviews (river_id, username, review_date, stars, body, is_seed) VALUES ('flint_hills', 'flinthills_paddler', 'May 2025', 5, 'South Fork at 600 cfs after a spring burn — black hills turning green around us. Paddling through the last tallgrass on earth. Humbling.', true);
INSERT INTO public.river_reviews (river_id, username, review_date, stars, body, is_seed) VALUES ('flint_hills', 'ks_canoe_club', 'Apr 2025', 4, 'Chase County section at 400 cfs — rocky riffles, limestone ledges, prairie as far as you can see. Kansas at its finest.', true);
INSERT INTO public.river_outfitters (river_id, name, description, link, is_seed) VALUES ('flint_hills', 'Flint Hills Trail Outfitters', 'Cottonwood Falls-based, canoe and kayak rentals', 'flinthillstrail.com', true);
INSERT INTO public.rivers (id, state_key, name, county, length, class, optimal_cfs, usgs_gauge, avg_cfs, hist_flow, map_x, map_y, description, designations, sections, filter_flags) VALUES ('kaw', 'ks', 'Kansas (Kaw) River', 'Douglas / Shawnee Co.', '170 mi', 'I', '2000–15000', '06891000', 6200, 5580, 430, 270, 'The longest prairie river in America — 170 miles from Junction City to Kansas City. The Kaw flows through Lawrence, home of the University of Kansas, and Topeka, the state capital. An underappreciated urban paddling corridor with surprising wildlife and growing recreational access.', 'Kansas River Water Trail', ARRAY['Junction City to Topeka — 70 mi, rural prairie river','Topeka to Lawrence — 50 mi, urban prairie paddle','Lawrence to KC — 50 mi, lower Kaw, joins the Missouri'], '{"scenic":true,"prairie":true,"flinthills":false,"fishing":true}') ON CONFLICT (id) DO NOTHING;
INSERT INTO public.river_history (river_id, era, year, title, body, source, sort_order) VALUES ('kaw', 'native', 'Pre-contact', 'Kanza Nation — ''Wind People of the Kaw''', 'The Kansas River bears the name of the Kanza (Kaw) people who lived along its banks for centuries. ''Kansas'' means ''People of the South Wind.'' The Kanza were forcibly removed from the river valley through a series of treaties between 1825 and 1873.', 'Kaw Nation; Kansas State Historical Society', 0);
INSERT INTO public.river_history (river_id, era, year, title, body, source, sort_order) VALUES ('kaw', 'logging', '1854', 'Bleeding Kansas — Free State vs. Slave State', 'The Kansas River valley was the epicenter of ''Bleeding Kansas'' — the violent struggle over whether Kansas would enter the Union as a free or slave state. Lawrence, on the Kaw, was sacked by pro-slavery forces in 1856. The violence foreshadowed the Civil War.', 'Kansas State Historical Society; NPS', 1);
INSERT INTO public.river_history (river_id, era, year, title, body, source, sort_order) VALUES ('kaw', 'modern', '2019', 'Kansas River Water Trail — 170 Miles of Public Access', 'Kansas designated the entire 170-mile Kaw as a state water trail, installing access points, signage, and camping platforms. The effort transformed the river from a forgotten waterway to a growing paddling destination.', 'Friends of the Kaw; Kansas Department of Wildlife and Parks', 2);
INSERT INTO public.river_reviews (river_id, username, review_date, stars, body, is_seed) VALUES ('kaw', 'kaw_river_paddler', 'Jun 2025', 4, 'Lawrence to DeSoto at 4,800 cfs — surprisingly scenic for a prairie river through a college town. Bald eagles, great blue herons, sandbars for lunch.', true);
INSERT INTO public.river_reviews (river_id, username, review_date, stars, body, is_seed) VALUES ('kaw', 'topeka_kayaker', 'Jul 2025', 3, 'Topeka section at 8,000 cfs — big water, muddy, powerful. Respect the Kaw at high flows.', true);
INSERT INTO public.river_outfitters (river_id, name, description, link, is_seed) VALUES ('kaw', 'Kansas Riverkeeper', 'Paddling guides, access maps, group floats', 'kansasriver.org', true);
INSERT INTO public.rivers (id, state_key, name, county, length, class, optimal_cfs, usgs_gauge, avg_cfs, hist_flow, map_x, map_y, description, designations, sections, filter_flags) VALUES ('fall_river_ks', 'ks', 'Fall River', 'Greenwood Co.', '65 mi', 'I–II', '200–1200', '07167500', 380, 342, 430, 270, 'A hidden gem of the Flint Hills — the Fall River winds through scenic tallgrass prairie with limestone ledges, gentle riffles, and excellent fishing below Fall River Reservoir. One of the best small-river paddling experiences in Kansas, with reliable tailwater flows and virtually no crowds.', 'Fall River State Park · Kansas Scenic Streams candidate', ARRAY['Below Fall River Dam — 20 mi, reliable tailwater, best paddling','Climax to Severy — 25 mi, prairie riffles and pools','Severy to Verdigris confluence — 20 mi, wider valley'], '{"scenic":true,"prairie":true,"flinthills":true,"fishing":true}') ON CONFLICT (id) DO NOTHING;
INSERT INTO public.river_history (river_id, era, year, title, body, source, sort_order) VALUES ('fall_river_ks', 'native', 'Pre-contact', 'Osage Homeland — Tallgrass Prairie Hunters', 'The Fall River watershed was Osage territory. The Osage people were among the tallest and most powerful peoples of the southern Plains, managing the tallgrass prairie through fire for centuries. They were removed to Indian Territory (Oklahoma) in the 1870s.', 'Osage Nation; Greenwood County Historical Society', 0);
INSERT INTO public.river_history (river_id, era, year, title, body, source, sort_order) VALUES ('fall_river_ks', 'modern', '2023', 'Flint Hills Paddling Renaissance', 'A growing paddling community has rediscovered Kansas''s Flint Hills rivers, with the Fall River emerging as a favorite for its reliable flows, scenic prairie setting, and solitude. The river remains virtually unknown outside Kansas.', 'Kansas Canoe and Kayak Association', 1);
INSERT INTO public.river_reviews (river_id, username, review_date, stars, body, is_seed) VALUES ('fall_river_ks', 'ks_hidden_gem', 'May 2025', 5, 'Below the dam at 500 cfs — clear tailwater, limestone shelves, prairie wildflowers. Had the whole river to myself. Kansas keeps secrets.', true);
INSERT INTO public.river_reviews (river_id, username, review_date, stars, body, is_seed) VALUES ('fall_river_ks', 'flinthills_fisher', 'Jun 2025', 4, 'Excellent smallmouth below the dam. Floated and fished for 8 miles without seeing another soul.', true);
INSERT INTO public.river_outfitters (river_id, name, description, link, is_seed) VALUES ('fall_river_ks', 'Fall River State Park', 'River access, camping, boat ramp', 'ksoutdoors.com', true);
INSERT INTO public.rivers (id, state_key, name, county, length, class, optimal_cfs, usgs_gauge, avg_cfs, hist_flow, map_x, map_y, description, designations, sections, filter_flags) VALUES ('cottonwood', 'ks', 'Cottonwood River', 'Chase / Lyon Co.', '150 mi', 'I', '200–2000', '07182250', 680, 612, 430, 270, 'The heart of the Flint Hills — the Cottonwood River flows through some of the last unplowed tallgrass prairie on earth. Limestone ledges, spring-fed tributaries, and sweeping prairie views define this underappreciated Kansas gem. The river passes near the Tallgrass Prairie National Preserve and the historic town of Cottonwood Falls.', 'Tallgrass Prairie National Preserve corridor · Chase County Scenic Area', ARRAY['Marion to Cottonwood Falls — 50 mi, Flint Hills canyon, limestone riffles','Cottonwood Falls to Emporia — 40 mi, wider valley, tallgrass views'], '{"scenic":true,"prairie":true,"flinthills":true,"fishing":true}') ON CONFLICT (id) DO NOTHING;
INSERT INTO public.river_history (river_id, era, year, title, body, source, sort_order) VALUES ('cottonwood', 'native', 'Pre-contact', 'Kanza (Kaw) Tallgrass Territory', 'The Cottonwood River valley was prime Kanza (Kaw) territory at the heart of the tallgrass prairie. The Kanza managed this landscape through controlled burning, maintaining the vast bluestem grasslands that European explorers found in the 1800s. The Kanza were removed to Indian Territory by 1873.', 'Kaw Nation; Chase County Historical Society', 0);
INSERT INTO public.river_history (river_id, era, year, title, body, source, sort_order) VALUES ('cottonwood', 'survey', '1859', 'Chase County Seat — Cottonwood Falls', 'Cottonwood Falls was established in 1859, taking its name from the river and the cottonwood trees lining its banks. The town''s 1873 limestone courthouse, built from local Flint Hills stone, is the oldest courthouse still in use in Kansas.', 'Chase County Historical Society; Kansas State Historical Society', 1);
INSERT INTO public.river_reviews (river_id, username, review_date, stars, body, is_seed) VALUES ('cottonwood', 'flinthills_paddler_ks', 'May 2025', 5, 'Cottonwood River through Chase County at 500 cfs — limestone ledges, tallgrass to the horizon, spring wildflowers. The most beautiful paddle in Kansas.', true);
INSERT INTO public.river_reviews (river_id, username, review_date, stars, body, is_seed) VALUES ('cottonwood', 'ks_prairie_canoe', 'Apr 2025', 4, 'After a spring burn, the blackened hills turn green around you as you paddle. Cottonwood Falls for lunch. Pure Flint Hills magic.', true);
INSERT INTO public.river_outfitters (river_id, name, description, link, is_seed) VALUES ('cottonwood', 'Cottonwood Falls Outfitters', 'Canoe and kayak rentals, Flint Hills shuttle service', '', true);
INSERT INTO public.rivers (id, state_key, name, county, length, class, optimal_cfs, usgs_gauge, avg_cfs, hist_flow, map_x, map_y, description, designations, sections, filter_flags) VALUES ('neosho', 'ks', 'Neosho River', 'Morris / Lyon Co.', '460 mi', 'I–II', '300–3000', '07179730', 1800, 1620, 430, 270, 'The longest river entirely within Kansas — 460 miles from Morris County to the Oklahoma border. The Neosho passes through Council Grove, where the Santa Fe Trail crossed the river and the last Kanza council was held. A historic river with good water trail development and growing paddling community.', 'Council Grove National Historic Landmark · Neosho River Water Trail', ARRAY['Council Grove to Emporia — 60 mi, Flint Hills transition, best paddling','Emporia to Burlington — 80 mi, wider channel, prairie farmland','Lower Neosho — 100 mi, bigger water to Oklahoma line'], '{"scenic":true,"prairie":true,"flinthills":false,"fishing":true}') ON CONFLICT (id) DO NOTHING;
INSERT INTO public.river_history (river_id, era, year, title, body, source, sort_order) VALUES ('neosho', 'native', 'Pre-contact', 'Osage and Kanza Council Grounds', 'The Neosho River valley was shared territory of the Osage and Kanza peoples. Council Grove, on the Neosho, was named for an 1825 treaty council between the Osage and U.S. commissioners that secured safe passage for Santa Fe Trail travelers. The last Kanza council was held at Council Grove in 1872 before removal.', 'Kaw Nation; Council Grove Historical Society', 0);
INSERT INTO public.river_history (river_id, era, year, title, body, source, sort_order) VALUES ('neosho', 'logging', '1821–1880', 'Santa Fe Trail — Council Grove Crossing', 'Council Grove on the Neosho was the last reliable timber, water, and supply point before the 800-mile crossing of the open prairie on the Santa Fe Trail. Traders gathered here to organize wagon trains and repair equipment under the famous Council Oak.', 'NPS Santa Fe National Historic Trail; Kansas State Historical Society', 1);
INSERT INTO public.river_reviews (river_id, username, review_date, stars, body, is_seed) VALUES ('neosho', 'neosho_paddler', 'May 2025', 4, 'Council Grove to Emporia at 800 cfs — Santa Fe Trail history, limestone riffles, and beautiful Flint Hills transition. The longest river in Kansas deserves more paddlers.', true);
INSERT INTO public.river_reviews (river_id, username, review_date, stars, body, is_seed) VALUES ('neosho', 'ks_river_trail', 'Jun 2025', 4, 'Neosho water trail is well-marked and accessible. Good Class I–II riffles at moderate flows. Kansas paddling at its best.', true);
INSERT INTO public.river_outfitters (river_id, name, description, link, is_seed) VALUES ('neosho', 'Neosho River Water Trail Association', 'Access maps, conditions, group paddles', '', true);
INSERT INTO public.rivers (id, state_key, name, county, length, class, optimal_cfs, usgs_gauge, avg_cfs, hist_flow, map_x, map_y, description, designations, sections, filter_flags) VALUES ('solomon', 'ks', 'Solomon River', 'Mitchell / Cloud Co.', '180 mi', 'I', '200–1500', '06876000', 520, 468, 430, 270, 'A north-central Kansas prairie river flowing through the heart of wheat country. The Solomon winds through a pastoral landscape of rolling farmland, cottonwood galleries, and limestone bluffs. Below Waconda Lake and Glen Elder Reservoir, reliable tailwater flows create good fishing and paddling conditions.', 'Glen Elder State Park · Waconda Lake Recreation Area', ARRAY['Below Glen Elder Dam — 30 mi, cold tailwater, best fishing','Beloit to Minneapolis — 40 mi, prairie river, limestone bluffs','Minneapolis to Solomon — 50 mi, wider valley to Smoky Hill confluence'], '{"scenic":false,"prairie":true,"flinthills":false,"fishing":true}') ON CONFLICT (id) DO NOTHING;
INSERT INTO public.river_history (river_id, era, year, title, body, source, sort_order) VALUES ('solomon', 'native', 'Pre-contact', 'Pawnee Territory — Solomon River Fork', 'The Solomon River was Pawnee territory, with villages along both the North and South Forks. The river''s name may derive from a French trader named Solomon, or from the Pawnee word for the river. Pawnee earth lodge villages dotted the Solomon valley until forced removal in the 1870s.', 'Pawnee Nation; Mitchell County Historical Society', 0);
INSERT INTO public.river_history (river_id, era, year, title, body, source, sort_order) VALUES ('solomon', 'survey', '1867', 'Solomon Valley Homestead Rush', 'After the Civil War, homesteaders flooded the Solomon River valley. The railroad arrived in the 1870s, and the valley became one of Kansas''s most productive wheat regions. Towns like Beloit, Minneapolis, and Solomon grew up along the river.', 'Kansas State Historical Society; Mitchell County Museum', 1);
INSERT INTO public.river_reviews (river_id, username, review_date, stars, body, is_seed) VALUES ('solomon', 'solomon_valley_paddle', 'Jun 2025', 4, 'Below Glen Elder Dam at 400 cfs — clear tailwater, good channel catfish, prairie bluffs. Quiet Kansas river paddling.', true);
INSERT INTO public.river_reviews (river_id, username, review_date, stars, body, is_seed) VALUES ('solomon', 'ks_wheat_country', 'Jul 2025', 3, 'Solomon River is mellow and slow in summer. Good for a peaceful float through wheat country. Not exciting but genuinely relaxing.', true);
INSERT INTO public.river_outfitters (river_id, name, description, link, is_seed) VALUES ('solomon', 'Glen Elder State Park Marina', 'Boat access, camping, tailwater fishing information', '', true);
INSERT INTO public.rivers (id, state_key, name, county, length, class, optimal_cfs, usgs_gauge, avg_cfs, hist_flow, map_x, map_y, description, designations, sections, filter_flags) VALUES ('smoky_hill', 'ks', 'Smoky Hill River', 'Logan / Ellsworth Co.', '540 mi', 'I', '100–1000', '06863500', 380, 342, 430, 270, 'A 540-mile journey from the high plains of western Kansas to Junction City, where it joins the Republican to form the Kansas River. The Smoky Hill passes near Castle Rock and Monument Rocks — dramatic chalk formations rising from the prairie. One of the great undiscovered expedition rivers of the Plains.', 'Castle Rock Badlands · Monument Rocks National Natural Landmark', ARRAY['Upper Smoky Hill — Logan Co., 80 mi, chalk bluffs and badlands','Hays to Ellsworth — 100 mi, wider prairie river','Lower Smoky Hill — Ellsworth to Junction City, 120 mi, deeper channel'], '{"scenic":true,"prairie":true,"flinthills":false,"fishing":false}') ON CONFLICT (id) DO NOTHING;
INSERT INTO public.river_history (river_id, era, year, title, body, source, sort_order) VALUES ('smoky_hill', 'native', 'Pre-contact', 'Cheyenne and Arapaho Buffalo Grounds', 'The Smoky Hill River valley was prime Cheyenne and Arapaho buffalo hunting territory. The river''s name derives from the hazy appearance of its bluffs in certain light. The Smoky Hill Trail, following the river westward, was the shortest route to the Colorado gold fields.', 'Cheyenne and Arapaho Tribes; Kansas State Historical Society', 0);
INSERT INTO public.river_history (river_id, era, year, title, body, source, sort_order) VALUES ('smoky_hill', 'survey', '1868', 'Smoky Hill Trail — Butterfield Overland Despatch', 'The Smoky Hill Trail along the river was the most direct route from Kansas to Denver but also the most dangerous, crossing contested Cheyenne territory. The Butterfield Overland Despatch operated stagecoaches along the route from 1865–1870, with frequent attacks forcing eventual abandonment.', 'Kansas State Historical Society; NPS', 1);
INSERT INTO public.river_reviews (river_id, username, review_date, stars, body, is_seed) VALUES ('smoky_hill', 'western_ks_expedition', 'May 2025', 4, 'Upper Smoky Hill near Castle Rock at 200 cfs — chalk formations rising from the prairie, total isolation. Western Kansas is wildly underrated.', true);
INSERT INTO public.river_reviews (river_id, username, review_date, stars, body, is_seed) VALUES ('smoky_hill', 'ks_long_distance', 'Jun 2025', 3, 'Low water is the challenge on the Smoky Hill. Spring is best. When it flows, the chalk bluff sections are genuinely dramatic.', true);
INSERT INTO public.river_outfitters (river_id, name, description, link, is_seed) VALUES ('smoky_hill', 'Castle Rock Outfitters', 'Western Kansas river access and shuttle service', '', true);
INSERT INTO public.rivers (id, state_key, name, county, length, class, optimal_cfs, usgs_gauge, avg_cfs, hist_flow, map_x, map_y, description, designations, sections, filter_flags) VALUES ('marais', 'ks', 'Marais des Cygnes River', 'Miami / Linn Co.', '150 mi', 'I', '200–2000', '06914000', 1100, 990, 430, 270, '''Marsh of the Swans'' — this French-named river flows through eastern Kansas, home to the Marais des Cygnes National Wildlife Refuge and rich Civil War history. The river passes through some of Kansas''s best remaining bottomland hardwood forest, with excellent birding and a haunting historical landscape.', 'Marais des Cygnes National Wildlife Refuge · Marais des Cygnes Massacre Memorial', ARRAY['Ottawa to Osawatomie — 40 mi, eastern Kansas prairie and forest','Osawatomie to Trading Post — 40 mi, NWR corridor, best wildlife','Trading Post to Missouri line — 30 mi, wider river, bottomland forest'], '{"scenic":true,"prairie":true,"flinthills":false,"fishing":true}') ON CONFLICT (id) DO NOTHING;
INSERT INTO public.river_history (river_id, era, year, title, body, source, sort_order) VALUES ('marais', 'native', 'Pre-contact', 'Osage Homeland — Marsh of the Swans', 'The Marais des Cygnes valley was Osage territory. French traders named the river for the trumpeter swans that gathered in its marshes — ''Marais des Cygnes'' means ''Marsh of the Swans.'' The Osage were removed from eastern Kansas in the 1820s–1840s through a series of forced treaties.', 'Osage Nation; Kansas State Historical Society', 0);
INSERT INTO public.river_history (river_id, era, year, title, body, source, sort_order) VALUES ('marais', 'logging', '1858', 'Marais des Cygnes Massacre — Bleeding Kansas', 'On May 19, 1858, pro-slavery Border Ruffians captured eleven free-state men near the Marais des Cygnes and shot them in a ravine, killing five. The Marais des Cygnes Massacre was one of the bloodiest events of ''Bleeding Kansas'' and hardened northern resolve against slavery.', 'NPS; Kansas State Historical Society', 1);
INSERT INTO public.river_reviews (river_id, username, review_date, stars, body, is_seed) VALUES ('marais', 'eastern_ks_paddle', 'May 2025', 5, 'Marais des Cygnes through the NWR at 600 cfs — bald eagles, herons, bottomland forest canopy. Best birding paddle in Kansas, hands down.', true);
INSERT INTO public.river_reviews (river_id, username, review_date, stars, body, is_seed) VALUES ('marais', 'ks_civil_war_history', 'Apr 2025', 4, 'Stopped at the massacre site and the NWR. Paddled through hardwood forest that feels more like Missouri than Kansas. Beautiful and haunting.', true);
INSERT INTO public.river_outfitters (river_id, name, description, link, is_seed) VALUES ('marais', 'Marais des Cygnes Paddling Club', 'Group floats, access information, seasonal conditions', '', true);
INSERT INTO public.rivers (id, state_key, name, county, length, class, optimal_cfs, usgs_gauge, avg_cfs, hist_flow, map_x, map_y, description, designations, sections, filter_flags) VALUES ('illinois_ok', 'ok', 'Illinois River', 'Cherokee / Sequoyah Co.', '70 mi', 'I–II', '400–2000', '07196500', 1100, 990, 435, 320, 'Oklahoma''s most popular canoe river — 70 miles of Ozark foothill water flowing through Cherokee Nation territory. The Illinois draws over 300,000 paddlers annually, making it the most-visited river in the state. Class I–III rapids through limestone bluffs and hardwood forest.', 'Oklahoma Scenic Rivers Act (1977) — Oklahoma''s first designated Scenic River', ARRAY['Tenkiller Ferry to Tahlequah — 25 mi, most popular, Class I–II','Tahlequah to Gore — 30 mi, wider river, Class I','Upper Illinois — 15 mi, Class II–III, more remote'], '{"ww":true,"scenic":true,"ozark":true,"prairie":false}') ON CONFLICT (id) DO NOTHING;
INSERT INTO public.river_history (river_id, era, year, title, body, source, sort_order) VALUES ('illinois_ok', 'native', 'Pre-contact', 'Cherokee Nation — Trail of Tears Terminus', 'The Illinois River flows through the heart of Cherokee Nation. The Cherokee were forcibly relocated to Indian Territory via the Trail of Tears (1838–1839), with many settling along the Illinois River near Tahlequah, which became the Cherokee capital. The river remains within Cherokee Nation jurisdiction today.', 'Cherokee Nation; Oklahoma Historical Society', 0);
INSERT INTO public.river_history (river_id, era, year, title, body, source, sort_order) VALUES ('illinois_ok', 'survey', '1977', 'Oklahoma''s First Scenic River', 'The Oklahoma Legislature passed the Scenic Rivers Act in 1977, designating the Illinois River and its tributaries as Oklahoma''s first protected scenic waterway. The act created the Oklahoma Scenic Rivers Commission to manage water quality and recreation.', 'Oklahoma Scenic Rivers Commission', 1);
INSERT INTO public.river_history (river_id, era, year, title, body, source, sort_order) VALUES ('illinois_ok', 'modern', '2023', 'Oklahoma''s Most Paddled River — 300,000 Annually', 'The Illinois River draws an estimated 300,000 recreational visitors annually, generating over $20 million for the Tahlequah economy. Water quality battles between Oklahoma and upstream Arkansas poultry operations have reached the U.S. Supreme Court.', 'Oklahoma Scenic Rivers Commission; Oklahoma Tourism', 2);
INSERT INTO public.river_documents (river_id, title, source, year, doc_type, pages, url) VALUES ('illinois_ok', 'Illinois River Watershed Management Plan', 'Oklahoma Scenic Rivers Commission', 2012, 'Ecology', 175, 'https://conservation.ok.gov/wp-content/uploads/2021/07/Illinois-River-Watershed-Based-Plan-2011.pdf');
INSERT INTO public.river_reviews (river_id, username, review_date, stars, body, is_seed) VALUES ('illinois_ok', 'ok_river_runner', 'Jul 2025', 4, 'Tenkiller to Tahlequah at 800 cfs — classic Oklahoma float. Limestone bluffs, clear water, mild rapids. Busy on weekends but worth it.', true);
INSERT INTO public.river_reviews (river_id, username, review_date, stars, body, is_seed) VALUES ('illinois_ok', 'cherokee_paddler', 'Jun 2025', 5, 'Upper Illinois at 1,500 cfs after rain — real whitewater, Class III rapids, and nobody up there. The secret section.', true);
INSERT INTO public.river_outfitters (river_id, name, description, link, is_seed) VALUES ('illinois_ok', 'War Eagle Floats', 'Full-service Illinois River outfitter', 'wareaglefloats.com', true);
INSERT INTO public.river_outfitters (river_id, name, description, link, is_seed) VALUES ('illinois_ok', 'Sparrowhawk Camp', 'Canoe and kayak rentals, riverside camping', 'sparrowhawkcamp.com', true);
INSERT INTO public.rivers (id, state_key, name, county, length, class, optimal_cfs, usgs_gauge, avg_cfs, hist_flow, map_x, map_y, description, designations, sections, filter_flags) VALUES ('mountain_fork', 'ok', 'Lower Mountain Fork', 'McCurtain Co.', '12 mi', 'I–III', '200–1500', '07338500', 480, 432, 435, 320, 'Oklahoma''s premier coldwater river — a 12-mile tailwater below Broken Bow Dam in Beavers Bend State Park. The dam releases maintain year-round temperatures below 60 degrees, supporting the only significant trout fishery in Oklahoma. Class I–III rapids through the Ouachita Mountains.', 'Beavers Bend State Park · Oklahoma Blue Ribbon Trout Stream', ARRAY['Spillway to Presbyterian Falls — 4 mi, Class II–III, best whitewater','Presbyterian Falls to Beavers Bend — 8 mi, Class I–II, trout water'], '{"ww":true,"scenic":true,"ozark":false,"prairie":false}') ON CONFLICT (id) DO NOTHING;
INSERT INTO public.river_history (river_id, era, year, title, body, source, sort_order) VALUES ('mountain_fork', 'native', 'Pre-contact', 'Choctaw Nation — Ouachita Mountain Homeland', 'The Mountain Fork flows through Choctaw Nation territory. The Choctaw were relocated to southeastern Oklahoma via the Trail of Tears (1831–1833), the first of the Five Civilized Tribes to be removed. McCurtain County remains within the Choctaw Nation.', 'Choctaw Nation of Oklahoma; Oklahoma Historical Society', 0);
INSERT INTO public.river_history (river_id, era, year, title, body, source, sort_order) VALUES ('mountain_fork', 'survey', '1968', 'Broken Bow Dam Completed', 'The U.S. Army Corps of Engineers completed Broken Bow Dam in 1968, creating Broken Bow Lake and the cold tailwater that would transform the Mountain Fork into Oklahoma''s only year-round trout stream.', 'USACE Tulsa District', 1);
INSERT INTO public.river_history (river_id, era, year, title, body, source, sort_order) VALUES ('mountain_fork', 'modern', '2024', 'Oklahoma''s Trout Capital', 'The Lower Mountain Fork is stocked with over 100,000 rainbow and brown trout annually. Beavers Bend State Park is the most-visited state park in Oklahoma, drawing over a million visitors per year.', 'Oklahoma Department of Wildlife Conservation; Oklahoma Tourism', 2);
INSERT INTO public.river_reviews (river_id, username, review_date, stars, body, is_seed) VALUES ('mountain_fork', 'ok_trout_bum', 'Nov 2025', 5, 'Presbyterian Falls at 400 cfs — Class III fun and trout rising everywhere. Cold, clear, and completely unexpected for Oklahoma.', true);
INSERT INTO public.river_reviews (river_id, username, review_date, stars, body, is_seed) VALUES ('mountain_fork', 'beavers_bend_fan', 'Oct 2025', 4, 'Family float through Beavers Bend at 300 cfs. Kids caught rainbow trout. The Ouachita Mountains are stunning in fall color.', true);
INSERT INTO public.river_outfitters (river_id, name, description, link, is_seed) VALUES ('mountain_fork', 'Beavers Bend Fly Shop', 'Guided trout trips, fly fishing instruction', 'bfrods.com', true);
INSERT INTO public.river_outfitters (river_id, name, description, link, is_seed) VALUES ('mountain_fork', 'Mountain Fork Outfitters', 'Kayak and canoe rentals, shuttles', 'mountainforkoutfitters.com', true);
INSERT INTO public.rivers (id, state_key, name, county, length, class, optimal_cfs, usgs_gauge, avg_cfs, hist_flow, map_x, map_y, description, designations, sections, filter_flags) VALUES ('blue_ok', 'ok', 'Blue River', 'Johnston Co.', '30 mi', 'I–II', '100–800', '07332500', 280, 252, 435, 320, 'A rare spring-fed limestone creek in south-central Oklahoma — the Blue River is one of only two naturally reproducing trout streams in the state. Crystal-clear water flows over limestone ledges through the Arbuckle Mountains, creating an unexpected oasis on the southern Plains.', 'Oklahoma Scenic River · Blue River Public Fishing Area', ARRAY['Connerville to Blue River CCC Camp — 15 mi, spring-fed headwaters','CCC Camp to Milburn — 15 mi, wider valley, limestone pools'], '{"ww":false,"scenic":true,"ozark":false,"prairie":true}') ON CONFLICT (id) DO NOTHING;
INSERT INTO public.river_history (river_id, era, year, title, body, source, sort_order) VALUES ('blue_ok', 'native', 'Pre-contact', 'Chickasaw Nation — Arbuckle Springs', 'The Blue River flows through the heart of the Chickasaw Nation. The Chickasaw were relocated to south-central Oklahoma via the Trail of Tears in the 1830s, settling in the Arbuckle Mountain region. The tribe has invested significantly in Blue River conservation and recreation.', 'Chickasaw Nation; Oklahoma Historical Society', 0);
INSERT INTO public.river_history (river_id, era, year, title, body, source, sort_order) VALUES ('blue_ok', 'modern', '2022', 'Oklahoma''s Hidden Spring Creek', 'The Blue River has gained national attention as one of the finest spring-fed streams in the southern Plains. The Oklahoma Department of Wildlife Conservation manages a public fishing and paddling area, and the Chickasaw Nation has invested in watershed protection.', 'ODWC; Chickasaw Nation Industries', 1);
INSERT INTO public.river_reviews (river_id, username, review_date, stars, body, is_seed) VALUES ('blue_ok', 'blue_river_regular', 'Sep 2025', 5, 'Blue River at 200 cfs — spring water so clear you forget you are in Oklahoma. Trout rising to dry flies in September. Magic.', true);
INSERT INTO public.river_reviews (river_id, username, review_date, stars, body, is_seed) VALUES ('blue_ok', 'arbuckle_explorer', 'Jul 2025', 4, 'Connerville section at 150 cfs — intimate, rocky, beautiful. Bring felt-soled shoes for the limestone.', true);
INSERT INTO public.river_outfitters (river_id, name, description, link, is_seed) VALUES ('blue_ok', 'Blue River Fishing Area', 'ODWC public access, camping, fishing permits', 'wildlifedepartment.com', true);
INSERT INTO public.rivers (id, state_key, name, county, length, class, optimal_cfs, usgs_gauge, avg_cfs, hist_flow, map_x, map_y, description, designations, sections, filter_flags) VALUES ('kiamichi', 'ok', 'Kiamichi River', 'Pushmataha / Choctaw Co.', '120 mi', 'I–II', '200–2000', '07335700', 700, 630, 435, 320, 'Deep in the Ouachita Mountains of southeastern Oklahoma — the Kiamichi is one of the most remote and pristine rivers in the state. Flowing through rugged, heavily forested terrain with no towns along its length, the Kiamichi offers true wilderness paddling in a region that feels more like the Ozarks than the Plains.', 'Kiamichi River Wilderness Area candidate', ARRAY['Upper Kiamichi — Pushmataha Co., 40 mi, mountain stream, most remote','Big Cedar to Antlers — 40 mi, wider channel, Ouachita forest','Lower Kiamichi — 40 mi, gentler gradient to Hugo Lake'], '{"ww":false,"scenic":true,"ozark":false,"prairie":false}') ON CONFLICT (id) DO NOTHING;
INSERT INTO public.river_history (river_id, era, year, title, body, source, sort_order) VALUES ('kiamichi', 'native', 'Pre-contact', 'Choctaw Nation — Ouachita Mountain Refuge', 'The Kiamichi River flows through the heart of the Choctaw Nation. The Choctaw were relocated to southeastern Oklahoma via the Trail of Tears (1831–1833), the first of the Five Civilized Tribes to be forcibly removed. The rugged Kiamichi Mountains provided a remote homeland that preserved Choctaw culture.', 'Choctaw Nation of Oklahoma; Oklahoma Historical Society', 0);
INSERT INTO public.river_history (river_id, era, year, title, body, source, sort_order) VALUES ('kiamichi', 'modern', '2023', 'Kiamichi River — Conservation Priority', 'The Kiamichi has been identified as one of Oklahoma''s highest-priority rivers for freshwater mussel conservation, supporting over 30 species including several federally endangered ones. The river''s remote, undeveloped watershed has preserved exceptional water quality.', 'Oklahoma Department of Wildlife Conservation; USFWS', 1);
INSERT INTO public.river_reviews (river_id, username, review_date, stars, body, is_seed) VALUES ('kiamichi', 'ouachita_paddler', 'Apr 2025', 5, '''Upper Kiamichi at 600 cfs after spring rain — Class II rapids through dense Ouachita forest. No roads, no people, no cell service. Oklahoma''s wildest river.', true);
INSERT INTO public.river_reviews (river_id, username, review_date, stars, body, is_seed) VALUES ('kiamichi', 'ok_remote_explorer', 'May 2025', 4, 'Three days on the Kiamichi. Clear water, mussel beds visible on every gravel bar. Felt like paddling in the Ozarks, not Oklahoma.', true);
INSERT INTO public.river_outfitters (river_id, name, description, link, is_seed) VALUES ('kiamichi', 'Kiamichi Country Outfitters', 'Shuttle service, canoe and kayak rentals', '', true);
INSERT INTO public.rivers (id, state_key, name, county, length, class, optimal_cfs, usgs_gauge, avg_cfs, hist_flow, map_x, map_y, description, designations, sections, filter_flags) VALUES ('glover', 'ok', 'Glover River', 'McCurtain Co.', '35 mi', 'I–III', '100–1000', '07338750', 260, 234, 435, 320, 'The last free-flowing river in Oklahoma — the Glover has never been dammed, channelized, or significantly altered. This rare distinction makes it a living time capsule of what Oklahoma''s rivers looked like before European settlement. Class I–III whitewater through the Ouachita Mountains, with exceptional biodiversity.', 'Oklahoma Scenic River candidate · Last free-flowing river in Oklahoma', ARRAY['Upper Glover — 15 mi, Class II–III, forested mountain stream','Lower Glover — 20 mi, Class I–II, wider valley to Mountain Fork confluence'], '{"ww":true,"scenic":true,"ozark":false,"prairie":false}') ON CONFLICT (id) DO NOTHING;
INSERT INTO public.river_history (river_id, era, year, title, body, source, sort_order) VALUES ('glover', 'native', 'Pre-contact', 'Choctaw Nation — Undammed and Unchanged', 'The Glover River flows through Choctaw Nation territory in the Ouachita Mountains. Its undammed status is partly due to its location in the remote southeastern corner of the state, within Choctaw jurisdiction. The river''s exceptional biodiversity reflects centuries of minimal human disturbance.', 'Choctaw Nation of Oklahoma; Oklahoma Biological Survey', 0);
INSERT INTO public.river_history (river_id, era, year, title, body, source, sort_order) VALUES ('glover', 'modern', '2021', 'Last Free-Flowing River Campaign', 'Conservation groups launched a campaign to permanently protect the Glover as Oklahoma''s last free-flowing river. The river supports over 50 fish species, 30 mussel species, and the endangered leopard darter — making it one of the most biodiverse small rivers in the southern United States.', 'The Nature Conservancy; Oklahoma Department of Wildlife Conservation', 1);
INSERT INTO public.river_reviews (river_id, username, review_date, stars, body, is_seed) VALUES ('glover', 'ok_whitewater_crew', 'Mar 2025', 5, '''Glover River at 500 cfs — real whitewater, undammed, untouched. Class III drops through dense forest. Oklahoma''s most important river for conservation.', true);
INSERT INTO public.river_reviews (river_id, username, review_date, stars, body, is_seed) VALUES ('glover', 'freeflowing_paddler', 'Apr 2025', 4, '''The last free-flowing river in Oklahoma lives up to the hype. Clear water, boulder gardens, and a feeling of wildness that''s rare in this state.', true);
INSERT INTO public.river_outfitters (river_id, name, description, link, is_seed) VALUES ('glover', 'Glover River Outfitters', 'McCurtain County kayak and canoe rentals', '', true);
INSERT INTO public.rivers (id, state_key, name, county, length, class, optimal_cfs, usgs_gauge, avg_cfs, hist_flow, map_x, map_y, description, designations, sections, filter_flags) VALUES ('baron_fork', 'ok', 'Baron Fork Creek', 'Adair Co.', '45 mi', 'I–II', '100–800', '07197000', 320, 288, 435, 320, 'An Ozark foothill gem in northeastern Oklahoma — Baron Fork Creek flows past Natural Falls State Park and through the Cherokee Nation. Spring-fed tributaries maintain clear water and cool temperatures. The creek offers excellent Class I–II paddling through a scenic, forested corridor with easy access from Tahlequah.', 'Oklahoma Scenic River · Natural Falls State Park', ARRAY['Natural Falls to Eldon — 20 mi, Ozark foothills, Class I–II, best section','Eldon to Illinois River confluence — 25 mi, wider creek, gentle riffles'], '{"ww":true,"scenic":true,"ozark":true,"prairie":false}') ON CONFLICT (id) DO NOTHING;
INSERT INTO public.river_history (river_id, era, year, title, body, source, sort_order) VALUES ('baron_fork', 'native', 'Pre-contact', 'Cherokee Nation — Ozark Foothills', 'Baron Fork Creek flows through Cherokee Nation territory. The Cherokee were forcibly relocated to Indian Territory via the Trail of Tears (1838–1839). The Ozark foothill landscape of northeastern Oklahoma, with its springs and hardwood forests, reminded Cherokee settlers of their Appalachian homeland.', 'Cherokee Nation; Oklahoma Historical Society', 0);
INSERT INTO public.river_history (river_id, era, year, title, body, source, sort_order) VALUES ('baron_fork', 'survey', '1977', 'Oklahoma Scenic Rivers Act', 'Baron Fork Creek was designated an Oklahoma Scenic River under the 1977 Scenic Rivers Act, protecting it alongside the Illinois River. The designation recognized the creek''s exceptional water quality, scenic beauty, and recreational value.', 'Oklahoma Scenic Rivers Commission', 1);
INSERT INTO public.river_reviews (river_id, username, review_date, stars, body, is_seed) VALUES ('baron_fork', 'baron_fork_regular', 'May 2025', 5, 'Baron Fork below Natural Falls at 300 cfs — clear Ozark water, Class II riffles, gorgeous forest canopy. Less crowded than the Illinois and just as beautiful.', true);
INSERT INTO public.river_reviews (river_id, username, review_date, stars, body, is_seed) VALUES ('baron_fork', 'cherokee_nation_paddle', 'Jun 2025', 4, 'Easy day paddle from the park at 200 cfs. Perfect for families, clear water, and Natural Falls is worth the side trip.', true);
INSERT INTO public.river_outfitters (river_id, name, description, link, is_seed) VALUES ('baron_fork', 'Baron Fork Float Trips', 'Canoe and kayak rentals, Adair County shuttle', '', true);
INSERT INTO public.rivers (id, state_key, name, county, length, class, optimal_cfs, usgs_gauge, avg_cfs, hist_flow, map_x, map_y, description, designations, sections, filter_flags) VALUES ('caney', 'ok', 'Caney River', 'Washington Co.', '150 mi', 'I', '200–1500', '07177500', 580, 522, 435, 320, 'Flowing through the Tallgrass Prairie Preserve — the largest protected remnant of tallgrass prairie in the world, with 2,500 free-ranging bison. The Caney River offers a unique chance to paddle through a landscape that once covered 170 million acres of North America, now reduced to less than 4%.', 'Tallgrass Prairie Preserve corridor · Osage County', ARRAY['Tallgrass Prairie Preserve section — 30 mi, bison country, tallgrass views','Bartlesville to Ramona — 40 mi, prairie transition, wider channel'], '{"ww":false,"scenic":true,"ozark":false,"prairie":true}') ON CONFLICT (id) DO NOTHING;
INSERT INTO public.river_history (river_id, era, year, title, body, source, sort_order) VALUES ('caney', 'native', 'Pre-contact', 'Osage Nation — Tallgrass Prairie Homeland', 'The Caney River flows through the heart of the Osage Nation. The Osage were the dominant power of the tallgrass prairie for centuries, managing the landscape through controlled burning. The Osage Reservation in Oklahoma preserves their connection to this landscape — and the underground oil wealth that led to the Osage Reign of Terror in the 1920s.', 'Osage Nation; Osage County Historical Society', 0);
INSERT INTO public.river_history (river_id, era, year, title, body, source, sort_order) VALUES ('caney', 'modern', '1989', 'Tallgrass Prairie Preserve — 2,500 Bison', 'The Nature Conservancy established the Tallgrass Prairie Preserve in Osage County, eventually growing to 40,000 acres with a herd of 2,500 bison. The preserve along the Caney River is the largest protected tallgrass prairie in the world.', 'The Nature Conservancy; Osage Nation', 1);
INSERT INTO public.river_reviews (river_id, username, review_date, stars, body, is_seed) VALUES ('caney', 'tallgrass_paddler', 'May 2025', 5, 'Caney River through the Tallgrass Prairie Preserve at 400 cfs — bison grazing on the banks, bluestem grass taller than the kayak. Paddling through the last great prairie.', true);
INSERT INTO public.river_reviews (river_id, username, review_date, stars, body, is_seed) VALUES ('caney', 'ok_prairie_explorer', 'Jun 2025', 4, 'Gentle paddle through bison country. Not technical but the setting is extraordinary. Spring burns make the views even more dramatic.', true);
INSERT INTO public.river_outfitters (river_id, name, description, link, is_seed) VALUES ('caney', 'Tallgrass Prairie Preserve Visitor Center', 'River access information, bison tour schedules', '', true);
INSERT INTO public.rivers (id, state_key, name, county, length, class, optimal_cfs, usgs_gauge, avg_cfs, hist_flow, map_x, map_y, description, designations, sections, filter_flags) VALUES ('washita', 'ok', 'Washita River', 'Custer / Caddo Co.', '575 mi', 'I', '200–2000', '07325000', 900, 810, 435, 320, 'A 575-mile prairie river crossing western Oklahoma from the Texas panhandle to the Red River. The Washita passes the Washita Battlefield National Historic Park, site of Custer''s 1868 attack on a Cheyenne village. Wide, sandy, and slow-moving through rolling red-earth prairie, the Washita is a journey through the heart of Oklahoma''s western heritage.', 'Washita Battlefield National Historic Park · Washita National Wildlife Refuge', ARRAY['Foss Reservoir to Clinton — 40 mi, western Oklahoma prairie','Chickasha to Pauls Valley — 60 mi, wider river, red earth banks','Lower Washita — 80 mi, bigger water to Red River confluence'], '{"ww":false,"scenic":true,"ozark":false,"prairie":true}') ON CONFLICT (id) DO NOTHING;
INSERT INTO public.river_history (river_id, era, year, title, body, source, sort_order) VALUES ('washita', 'native', 'Pre-contact', 'Cheyenne and Arapaho Territory — Washita Valley', 'The Washita River valley was Cheyenne and Arapaho territory. The river''s name derives from a Choctaw word. The Washita was a vital corridor for southern Plains peoples, providing water and timber in the otherwise treeless western Oklahoma grasslands.', 'Cheyenne and Arapaho Tribes; Oklahoma Historical Society', 0);
INSERT INTO public.river_history (river_id, era, year, title, body, source, sort_order) VALUES ('washita', 'survey', '1868', 'Battle of the Washita — Custer''s Dawn Attack', 'On November 27, 1868, Lt. Col. George Custer led the 7th Cavalry in a dawn attack on a Cheyenne village led by Peace Chief Black Kettle on the Washita River. Black Kettle, who had survived the Sand Creek Massacre four years earlier, was killed along with an estimated 40–150 Cheyenne. The site is now a National Historic Park.', 'NPS Washita Battlefield NHS; Cheyenne and Arapaho Tribes', 1);
INSERT INTO public.river_reviews (river_id, username, review_date, stars, body, is_seed) VALUES ('washita', 'washita_history_paddle', 'Apr 2025', 4, 'Paddled past the Washita Battlefield at 500 cfs. Stopped to walk the memorial. Heavy history on a quiet prairie river. The NPS site is exceptional.', true);
INSERT INTO public.river_reviews (river_id, username, review_date, stars, body, is_seed) VALUES ('washita', 'western_ok_paddler', 'May 2025', 3, 'Washita is wide, sandy, and slow in western Oklahoma. Best after spring rains. The Battlefield NHS alone is worth the trip.', true);
INSERT INTO public.river_outfitters (river_id, name, description, link, is_seed) VALUES ('washita', 'Washita NWR Visitor Center', 'River access, wildlife viewing, battlefield tours', '', true);
INSERT INTO public.rivers (id, state_key, name, county, length, class, optimal_cfs, usgs_gauge, avg_cfs, hist_flow, map_x, map_y, description, designations, sections, filter_flags) VALUES ('big_bend', 'tx', 'Rio Grande — Big Bend', 'Brewster Co.', '118 mi', 'II–III', '300–2000', '08374550', 420, 378, 430, 400, 'The Rio Grande through Big Bend National Park — 118 miles of desert canyon paddling along the U.S.–Mexico border. Santa Elena Canyon rises 1,500 feet from the river in sheer limestone walls. Mariscal Canyon is even more remote. One of the great multi-day desert river expeditions in North America.', 'Big Bend National Park · Rio Grande Wild & Scenic River', ARRAY['Santa Elena Canyon — 20 mi, Class II–IV, iconic 1,500-ft walls','Mariscal Canyon — 10 mi, Class II–III, most remote','Boquillas Canyon — 30 mi, Class I–II, desert float'], '{"ww":true,"scenic":true,"desert":true,"spring":false}') ON CONFLICT (id) DO NOTHING;
INSERT INTO public.river_history (river_id, era, year, title, body, source, sort_order) VALUES ('big_bend', 'native', 'Pre-contact', 'Chisos and Comanche Territory — ''The Big Bend''', 'The Big Bend region was home to the Chisos people and later a stronghold of the Comanche. The rugged canyons provided shelter and the river sustained life in the Chihuahuan Desert. Spanish explorers called the region ''el despoblado'' — the uninhabited land.', 'NPS Big Bend National Park; Texas State Historical Association', 0);
INSERT INTO public.river_history (river_id, era, year, title, body, source, sort_order) VALUES ('big_bend', 'survey', '1899', 'USGS Rio Grande Survey — Robert Hill Expedition', 'USGS geologist Robert T. Hill led the first scientific exploration of the Big Bend canyons in 1899, a harrowing 350-mile journey through uncharted desert. His reports revealed the geological wonder of Santa Elena, Mariscal, and Boquillas canyons to the American public.', 'USGS; Hill, R.T. (1901) Running the Canyons of the Rio Grande', 1);
INSERT INTO public.river_history (river_id, era, year, title, body, source, sort_order) VALUES ('big_bend', 'modern', '2023', 'Big Bend Paddling — Desert Expedition Revival', 'After years of low flows due to upstream diversions in Mexico and the U.S., the Rio Grande through Big Bend has seen renewed paddling interest. Conservation groups are working to restore minimum flows to sustain the river''s ecological and recreational value.', 'Big Bend Conservancy; American Rivers', 2);
INSERT INTO public.rivers (id, state_key, name, county, length, class, optimal_cfs, usgs_gauge, avg_cfs, hist_flow, map_x, map_y, description, designations, sections, filter_flags) VALUES ('brazos', 'tx', 'Brazos River', 'Palo Pinto Co.', '840 mi', 'I–II', '300–3000', '08088000', 2400, 2160, 430, 400, 'The longest river in Texas — 840 miles from the Staked Plains to the Gulf of Mexico. The Possum Kingdom to Lake Whitney stretch through Palo Pinto County delivers scenic Hill Country paddling through limestone bluffs and quiet ranch country.', 'Possum Kingdom State Park · Texas Paddling Trail', ARRAY['Possum Kingdom Dam to Palo Pinto — 20 mi, scenic canyon float','Palo Pinto to Lake Whitney — 40 mi, ranch country Class I–II'], '{"ww":false,"scenic":true,"desert":false,"spring":false}') ON CONFLICT (id) DO NOTHING;
INSERT INTO public.river_history (river_id, era, year, title, body, source, sort_order) VALUES ('brazos', 'native', 'Pre-contact', 'Comanche and Wichita — ''Arms of God''', 'The Brazos River — from the Spanish ''Brazos de Dios'' (Arms of God) — was a critical water source for the Comanche and Wichita peoples across the semi-arid southern plains. The river corridor supported seasonal encampments and buffalo hunting grounds for thousands of years.', 'Texas State Historical Association; Comanche Nation', 0);
INSERT INTO public.river_history (river_id, era, year, title, body, source, sort_order) VALUES ('brazos', 'logging', '1821–1860', 'Stephen F. Austin''s Colony — Cradle of Texas', 'Stephen F. Austin established the first Anglo-American colony in Texas along the lower Brazos in 1821. The river valley became the agricultural and political heart of the Republic of Texas, with cotton plantations lining the bottomlands.', 'Texas State Historical Association; Brazoria County Historical Museum', 1);
INSERT INTO public.river_reviews (river_id, username, review_date, stars, body, is_seed) VALUES ('brazos', 'tx_river_explorer', 'Mar 2025', 4, 'Possum Kingdom tailwater at 1,200 cfs — gorgeous limestone canyon, bald eagles, great camping on gravel bars. The Brazos most Texans never see.', true);
INSERT INTO public.river_reviews (river_id, username, review_date, stars, body, is_seed) VALUES ('brazos', 'palo_pinto_paddler', 'Apr 2025', 4, 'Two-day float below PK Dam at 800 cfs — quiet, scenic, and wild. Longest river in Texas and it still has solitude.', true);
INSERT INTO public.river_outfitters (river_id, name, description, link, is_seed) VALUES ('brazos', 'Possum Kingdom State Park', 'TPWD campground and water access', 'tpwd.texas.gov', true);
INSERT INTO public.river_outfitters (river_id, name, description, link, is_seed) VALUES ('brazos', 'Brazos River Paddling Trail', 'TPWD mapped trail with access points', 'tpwd.texas.gov/fishboat/boat/paddlingtrails/brazos', true);
INSERT INTO public.rivers (id, state_key, name, county, length, class, optimal_cfs, usgs_gauge, avg_cfs, hist_flow, map_x, map_y, description, designations, sections, filter_flags) VALUES ('san_marcos', 'tx', 'San Marcos River', 'Hays Co.', '75 mi', 'I–II', '100–400', '08170500', 180, 162, 430, 400, 'Spring-fed and crystal clear, the San Marcos emerges from the Edwards Aquifer at a constant 72 degrees. Glass-bottom boats have showcased the headsprings since the 1940s, and the river through San Marcos is one of the most accessible paddles in the Texas Hill Country.', 'San Marcos River Foundation · Texas Paddling Trail', ARRAY['Spring Lake to Rio Vista Park — 3 mi, crystal spring run through town','Rio Vista to Luling — 40 mi, rural Hill Country paddling'], '{"ww":false,"scenic":true,"desert":false,"spring":true}') ON CONFLICT (id) DO NOTHING;
INSERT INTO public.river_history (river_id, era, year, title, body, source, sort_order) VALUES ('san_marcos', 'native', 'Pre-contact', 'Clovis People — 13,000 Years of Habitation', 'Archaeological excavations at Spring Lake have revealed continuous human habitation at the San Marcos headsprings for at least 13,000 years — one of the longest-occupied sites in North America. The constant spring flow attracted Paleo-Indian, Archaic, and later Tonkawa and Comanche peoples.', 'Texas State University Center for Archaeological Studies; Texas Historical Commission', 0);
INSERT INTO public.river_history (river_id, era, year, title, body, source, sort_order) VALUES ('san_marcos', 'modern', '2012', 'San Marcos River Foundation — Conservation and Access', 'The San Marcos River Foundation has led conservation efforts to protect water quality and endangered species including the Texas blind salamander and San Marcos gambusia, while maintaining public paddling access through the university town.', 'San Marcos River Foundation; U.S. Fish & Wildlife Service', 1);
INSERT INTO public.river_documents (river_id, title, source, year, doc_type, pages, url) VALUES ('san_marcos', 'Edwards Aquifer Habitat Conservation Plan — San Marcos Springs', 'USFWS / Edwards Aquifer Authority', 2013, 'Ecology', 175, 'https://www.edwardsaquifer.net/pdf/Final_HCP.pdf');
INSERT INTO public.river_reviews (river_id, username, review_date, stars, body, is_seed) VALUES ('san_marcos', 'sanmarcos_local', 'Jun 2025', 5, 'Spring Lake to Rio Vista at 170 cfs — 72-degree crystal water, visibility to the bottom everywhere. Best urban paddle in Texas.', true);
INSERT INTO public.river_reviews (river_id, username, review_date, stars, body, is_seed) VALUES ('san_marcos', 'hillcountry_kayaker', 'May 2025', 4, 'San Marcos headsprings are unreal — you can see every pebble 15 feet down. Short but sweet paddle through a fun college town.', true);
INSERT INTO public.river_outfitters (river_id, name, description, link, is_seed) VALUES ('san_marcos', 'TG Canoes', 'San Marcos River kayak and canoe rentals', 'tgcanoes.com', true);
INSERT INTO public.rivers (id, state_key, name, county, length, class, optimal_cfs, usgs_gauge, avg_cfs, hist_flow, map_x, map_y, description, designations, sections, filter_flags) VALUES ('guadalupe', 'tx', 'Guadalupe River', 'Comal / Kendall Co.', '230 mi', 'I–II', '150–500', '08167500', 680, 612, 430, 400, 'The heart of Texas Hill Country — a spring-fed river flowing through limestone canyons, ancient cypress groves, and the self-proclaimed tubing capital of the world. Below Canyon Dam, the cold tailwater supports rainbow trout — the southernmost trout fishery in the central United States. Gruene and New Braunfels anchor a thriving river culture.', 'Guadalupe River State Park · Texas Paddling Trail', ARRAY['Canyon Dam to Gruene — 12 mi, cold tailwater, trout water','Gruene to New Braunfels — 8 mi, tubing capital, Class I–II','Above Canyon Lake — 30 mi, Hill Country canyon, Class II–III'], '{"ww":true,"scenic":true,"desert":false,"spring":true}') ON CONFLICT (id) DO NOTHING;
INSERT INTO public.river_history (river_id, era, year, title, body, source, sort_order) VALUES ('guadalupe', 'native', 'Pre-contact', 'Tonkawa and Comanche — Hill Country Crossroads', 'The Guadalupe River valley was a contested borderland between the Tonkawa and Comanche peoples. The spring-fed river was critical to survival in the semi-arid Hill Country. Spanish missionaries established several missions along the Guadalupe in the 1700s.', 'Texas State Historical Association; Texas Parks and Wildlife', 0);
INSERT INTO public.river_history (river_id, era, year, title, body, source, sort_order) VALUES ('guadalupe', 'logging', '1845', 'German Settlement — New Braunfels Founded', 'Prince Carl of Solms-Braunfels founded New Braunfels on the Guadalupe in 1845, bringing the first wave of German settlers to the Texas Hill Country. The German heritage remains central to the river corridor''s culture today — from Gruene Hall (oldest dance hall in Texas) to the annual Wurstfest.', 'Sophienburg Museum; New Braunfels Historical Society', 1);
INSERT INTO public.river_history (river_id, era, year, title, body, source, sort_order) VALUES ('guadalupe', 'modern', '2024', 'Tubing Capital of the World — 1 Million Visitors', 'The Guadalupe River through New Braunfels draws over one million tubers annually, making it the most-visited recreational waterway in Texas. The economic impact exceeds $100 million for the New Braunfels/Gruene corridor.', 'New Braunfels Chamber of Commerce; Texas Parks and Wildlife', 2);
INSERT INTO public.river_documents (river_id, title, source, year, doc_type, pages, url) VALUES ('guadalupe', 'Guadalupe River Basin Water Quality Assessment', 'TCEQ', 2018, 'Hydrology', 145, 'https://www.tceq.texas.gov/waterquality/assessment/02twqi/basins/guadalupe.html');
INSERT INTO public.river_reviews (river_id, username, review_date, stars, body, is_seed) VALUES ('guadalupe', 'hill_country_paddler', 'Apr 2025', 5, 'Above Canyon Lake at 500 cfs — real Hill Country canyon paddling. Bald cypress, Class II–III rapids, no crowds. The Guadalupe most people never see.', true);
INSERT INTO public.river_reviews (river_id, username, review_date, stars, body, is_seed) VALUES ('guadalupe', 'tx_tuber', 'Jul 2025', 4, 'Gruene to New Braunfels at 350 cfs — tubes, cold beer, and Gruene Hall afterward. Peak Texas summer.', true);
INSERT INTO public.river_outfitters (river_id, name, description, link, is_seed) VALUES ('guadalupe', 'Gruene River Company', 'Tubing, kayaking, and rafting outfitter', 'gruenerivercompany.com', true);
INSERT INTO public.river_outfitters (river_id, name, description, link, is_seed) VALUES ('guadalupe', 'Rockin R River Rides', 'New Braunfels tubing and kayak rentals', 'rockinr.com', true);
INSERT INTO public.rivers (id, state_key, name, county, length, class, optimal_cfs, usgs_gauge, avg_cfs, hist_flow, map_x, map_y, description, designations, sections, filter_flags) VALUES ('devils_river', 'tx', 'Devils River', 'Val Verde Co.', '45 mi', 'I–III', '100–800', '08449100', 240, 216, 430, 400, 'The most pristine river in Texas — a spring-fed limestone canyon so remote and undeveloped that it looks much as it did 10,000 years ago. The Devils River runs crystal clear through Val Verde County, fed entirely by springs from the Edwards-Trinity Aquifer. Access is extremely limited, and the Texas Parks and Wildlife Department restricts daily launches to protect the fragile ecosystem.', 'Devils River State Natural Area · Texas Conservation Priority', ARRAY['Baker Crossing to Dolan Falls — 22 mi, remote limestone canyon','Dolan Falls to Lake Amistad — 23 mi, lower canyon, Class I–II'], '{"ww":true,"scenic":true,"desert":true,"spring":true}') ON CONFLICT (id) DO NOTHING;
INSERT INTO public.river_history (river_id, era, year, title, body, source, sort_order) VALUES ('devils_river', 'native', 'Pre-contact', 'Lower Pecos Rock Art — 4,000 Years of Ceremony', 'The Devils River corridor contains some of the most significant rock art in North America. The Pecos River style pictographs, dating back 4,000 years, depict shamanic visions and ceremonies. The White Shaman panel at the confluence is considered one of the oldest narrative paintings in the Americas.', 'Witte Museum Rock Art Foundation; Texas State Historical Association', 0);
INSERT INTO public.river_history (river_id, era, year, title, body, source, sort_order) VALUES ('devils_river', 'survey', '1988', 'Devils River State Natural Area Established', 'Texas Parks and Wildlife established the Devils River State Natural Area to protect one of the last undeveloped river corridors in the state. Access restrictions limit daily launches, preserving the river''s extraordinary water quality and solitude.', 'Texas Parks and Wildlife Department', 1);
INSERT INTO public.river_history (river_id, era, year, title, body, source, sort_order) VALUES ('devils_river', 'modern', '2024', 'Texas''s Last Wild River', 'Conservation groups rank the Devils River as the most ecologically intact river in Texas. Spring flows from the Edwards-Trinity Aquifer maintain year-round clarity, and the remote canyon supports species found nowhere else in the state.', 'Devils River Conservancy; Texas Parks and Wildlife', 2);
INSERT INTO public.river_documents (river_id, title, source, year, doc_type, pages, url) VALUES ('devils_river', 'Devils River Watershed Protection Plan', 'Devils River Conservancy / TPWD', 2019, 'Ecology', 130, 'https://tpwd.texas.gov/state-parks/devils-river/Documents/working-group-report-2');
INSERT INTO public.river_reviews (river_id, username, review_date, stars, body, is_seed) VALUES ('devils_river', 'devils_river_permit', 'Mar 2025', 5, 'Three days Baker Crossing to Amistad at 200 cfs — clearest water I have ever paddled. Dolan Falls is a legitimate Class III. This river is sacred.', true);
INSERT INTO public.river_reviews (river_id, username, review_date, stars, body, is_seed) VALUES ('devils_river', 'tx_expedition_paddler', 'Nov 2025', 5, 'The most pristine river corridor left in the lower 48. Period. Get the permit, do the trip, tell no one.', true);
INSERT INTO public.river_outfitters (river_id, name, description, link, is_seed) VALUES ('devils_river', 'Devils River State Natural Area', 'TPWD permit required, limited daily access', 'tpwd.texas.gov', true);
INSERT INTO public.rivers (id, state_key, name, county, length, class, optimal_cfs, usgs_gauge, avg_cfs, hist_flow, map_x, map_y, description, designations, sections, filter_flags) VALUES ('colorado_tx', 'tx', 'Colorado River — Austin', 'Travis Co.', '50 mi', 'I–II', '500–3000', '08158000', 1200, 1080, 430, 400, 'The Colorado River through Austin is the heart of the Texas capital''s outdoor culture. Lady Bird Lake (Town Lake) offers flatwater paddling through the downtown skyline, while upstream stretches deliver gentle Class I–II riffles through Hill Country limestone. Barton Springs, fed by the Edwards Aquifer at 68 degrees year-round, anchors one of America''s great urban swimming and paddling corridors.', 'Lady Bird Lake Hike & Bike Trail · Barton Springs', ARRAY['Lady Bird Lake — 5 mi, flatwater through downtown Austin','Above Tom Miller Dam — 10 mi, Lake Austin, scenic reservoir','Below Longhorn Dam — 15 mi, Class I–II, Hill Country riffles'], '{"ww":false,"scenic":true,"desert":false,"spring":false}') ON CONFLICT (id) DO NOTHING;
INSERT INTO public.river_history (river_id, era, year, title, body, source, sort_order) VALUES ('colorado_tx', 'native', 'Pre-contact', 'Tonkawa and Comanche Territory — Barton Springs', 'The Colorado River corridor through present-day Austin was contested territory between the Tonkawa and Comanche peoples. Barton Springs was a sacred gathering site for thousands of years, providing constant cold water in the Texas heat.', 'Texas State Historical Association; Austin History Center', 0);
INSERT INTO public.river_history (river_id, era, year, title, body, source, sort_order) VALUES ('colorado_tx', 'modern', '1971', 'Town Lake Renamed Lady Bird Lake', 'Austin''s Town Lake — the dammed section of the Colorado through downtown — was renamed Lady Bird Lake in 2007 to honor Lady Bird Johnson''s beautification efforts. The lake and surrounding trail system have become Austin''s most iconic outdoor space, hosting over a million paddlers annually.', 'Austin Parks and Recreation; Lady Bird Johnson Wildflower Center', 1);
INSERT INTO public.river_reviews (river_id, username, review_date, stars, body, is_seed) VALUES ('colorado_tx', 'atx_paddleboard', 'Mar 2025', 5, 'Lady Bird Lake at sunrise — downtown skyline reflecting off the water, bats under the Congress Bridge, paddleboarded past the bald eagle nest. Austin''s best free activity.', true);
INSERT INTO public.river_reviews (river_id, username, review_date, stars, body, is_seed) VALUES ('colorado_tx', 'hillcountry_canoe', 'Apr 2025', 4, 'Above Tom Miller Dam at 800 cfs — Hill Country limestone cliffs, clear green water, and surprisingly wild for being inside city limits.', true);
INSERT INTO public.river_outfitters (river_id, name, description, link, is_seed) VALUES ('colorado_tx', 'Texas Rowing Center', 'Kayak, canoe, and SUP rentals on Lady Bird Lake', '', true);
INSERT INTO public.rivers (id, state_key, name, county, length, class, optimal_cfs, usgs_gauge, avg_cfs, hist_flow, map_x, map_y, description, designations, sections, filter_flags) VALUES ('llano', 'tx', 'Llano River', 'Llano / Mason Co.', '100 mi', 'I–II', '100–1000', '08150000', 260, 234, 430, 400, 'A spring-fed Hill Country gem flowing over pink granite bedrock through ranch country between Mason and Llano. The Llano River is one of the clearest rivers in Texas — spring-fed tributaries maintain swimmable water year-round. Tubing, kayaking, and bass fishing are the primary draws on this laid-back Hill Country waterway.', 'Texas Paddling Trail · Llano River Watershed Alliance', ARRAY['Junction to Mason — 40 mi, upper spring-fed, best water clarity','Mason to Castell — 30 mi, granite shoals and ranch country','Castell to Llano — 30 mi, wider river, gentle current'], '{"ww":false,"scenic":true,"desert":false,"spring":true}') ON CONFLICT (id) DO NOTHING;
INSERT INTO public.river_history (river_id, era, year, title, body, source, sort_order) VALUES ('llano', 'native', 'Pre-contact', 'Comanche and Lipan Apache Territory — Granite Country', 'The Llano River basin was fiercely contested between the Comanche and Lipan Apache peoples. The granite hills and spring-fed water provided reliable resources in the semi-arid Hill Country. German settlers arrived in the 1840s and clashed with the Comanche for decades.', 'Texas State Historical Association; Mason County Historical Society', 0);
INSERT INTO public.river_history (river_id, era, year, title, body, source, sort_order) VALUES ('llano', 'survey', '1847', 'German Settlement — Mason and Llano Counties', 'German immigrants established settlements along the Llano River in the 1840s, drawn by the spring-fed water and fertile bottomlands. The German heritage persists in Mason, Castell, and other small towns along the river.', 'Texas State Historical Association; Handbook of Texas', 1);
INSERT INTO public.river_reviews (river_id, username, review_date, stars, body, is_seed) VALUES ('llano', 'hillcountry_tuber', 'Jun 2025', 5, 'Junction to Mason at 300 cfs — spring-fed, crystal clear, pink granite bottom. Best tubing river in Texas. Cold beer and warm granite.', true);
INSERT INTO public.river_reviews (river_id, username, review_date, stars, body, is_seed) VALUES ('llano', 'tx_fly_angler', 'May 2025', 4, 'Llano below Mason at 200 cfs — Guadalupe bass on poppers over granite shoals. Classic Hill Country.', true);
INSERT INTO public.river_outfitters (river_id, name, description, link, is_seed) VALUES ('llano', 'Llano River Adventures', 'Tubing, kayak, and canoe rentals on the Llano River', '', true);
INSERT INTO public.rivers (id, state_key, name, county, length, class, optimal_cfs, usgs_gauge, avg_cfs, hist_flow, map_x, map_y, description, designations, sections, filter_flags) VALUES ('medina', 'tx', 'Medina River', 'Bandera / Medina Co.', '120 mi', 'I–II', '50–500', '08178880', 140, 126, 430, 400, 'The Medina River flows through Bandera — the self-proclaimed Cowboy Capital of the World — and the western Hill Country. Above Medina Lake, the river runs clear and cold over limestone bedrock through cypress-lined canyons. A classic small Hill Country river with swimming holes, tubing runs, and a laid-back ranch-country atmosphere.', 'Bandera City Park River Access · Medina River Natural Area (San Antonio)', ARRAY['Above Medina Lake — 30 mi, spring-fed canyon, best paddling','Bandera to Medina Lake — 20 mi, town section, tubing','Below Medina Lake — 70 mi, wider valley to San Antonio River confluence'], '{"ww":false,"scenic":true,"desert":false,"spring":true}') ON CONFLICT (id) DO NOTHING;
INSERT INTO public.river_history (river_id, era, year, title, body, source, sort_order) VALUES ('medina', 'native', 'Pre-contact', 'Lipan Apache and Comanche Frontier', 'The Medina River valley was a contested borderland between Lipan Apache and Comanche territories. The Battle of Medina (1813) — fought near the river — was one of the bloodiest battles in Texas history, pitting Spanish royalists against republican insurgents.', 'Texas State Historical Association; Bandera County Historical Society', 0);
INSERT INTO public.river_history (river_id, era, year, title, body, source, sort_order) VALUES ('medina', 'logging', '1852', 'Bandera — Cowboy Capital of the World', 'Polish and German settlers established Bandera on the Medina River in 1852. The town became a staging point for cattle drives on the Western Trail to Kansas, earning its enduring nickname as the Cowboy Capital of the World.', 'Bandera County Historical Commission; Frontier Times Museum', 1);
INSERT INTO public.river_reviews (river_id, username, review_date, stars, body, is_seed) VALUES ('medina', 'bandera_local', 'May 2025', 4, 'Above Medina Lake at 100 cfs — tiny but gorgeous. Cypress-lined limestone canyon, clear spring water, total solitude. The Medina most people never see.', true);
INSERT INTO public.river_reviews (river_id, username, review_date, stars, body, is_seed) VALUES ('medina', 'sa_weekend_paddler', 'Jun 2025', 4, 'Bandera section at 80 cfs — fun little tubing run through town. Cold Lone Star at the takeout. Hill Country at its best.', true);
INSERT INTO public.river_outfitters (river_id, name, description, link, is_seed) VALUES ('medina', 'Medina River Company', 'Tubing and kayak rentals in Bandera, TX', '', true);
INSERT INTO public.rivers (id, state_key, name, county, length, class, optimal_cfs, usgs_gauge, avg_cfs, hist_flow, map_x, map_y, description, designations, sections, filter_flags) VALUES ('truckee', 'nv', 'Truckee River', 'Washoe Co.', '105 mi', 'I–III', '300–1200', '10348000', 580, 520, 130, 220, 'The Truckee flows from Lake Tahoe across the Sierra Nevada front into the Great Basin, ending at Pyramid Lake — one of the few rivers in the American West that terminates in a desert lake rather than the sea. Popular whitewater run through Reno with Class II–III rapids during spring snowmelt.', 'Truckee River Greenway · Pyramid Lake Paiute Reservation', ARRAY['Tahoe City to Truckee — 15 mi, Sierra headwaters','Reno Whitewater Park — Class II–III, urban run'], '{"desert":false,"mtn":true}') ON CONFLICT (id) DO NOTHING;
INSERT INTO public.river_history (river_id, era, year, title, body, source, sort_order) VALUES ('truckee', 'native', 'Pre-contact', 'Paiute Homeland — Cui-ui and Lahontan Cutthroat', 'The Pyramid Lake Paiute Tribe depended on the Truckee River''s Lahontan cutthroat trout and cui-ui sucker runs for millennia. Diversions for irrigation nearly destroyed both species by the mid-20th century.', 'Pyramid Lake Paiute Tribe; U.S. Fish & Wildlife Service', 0);
INSERT INTO public.river_history (river_id, era, year, title, body, source, sort_order) VALUES ('truckee', 'modern', '2004', 'Reno Whitewater Park — Urban River Revival', 'Reno constructed a whitewater park in the downtown Truckee River channel, transforming the river from a neglected urban waterway into a recreation destination. The park hosts kayak competitions and introduced thousands of new paddlers to the sport.', 'City of Reno Parks & Recreation', 1);
INSERT INTO public.river_documents (river_id, title, source, year, doc_type, pages, url) VALUES ('truckee', 'Truckee River Operating Agreement', 'Bureau of Reclamation', 2008, 'Federal', 320, 'https://www.usbr.gov/mp/troa/final/troa_final_09-08_full.pdf');
INSERT INTO public.river_reviews (river_id, username, review_date, stars, body, is_seed) VALUES ('truckee', 'tahoe_paddler', 'May 2025', 4, 'Reno whitewater park at 800 cfs during snowmelt — surprisingly fun urban run with Sierra views.', true);
INSERT INTO public.river_reviews (river_id, username, review_date, stars, body, is_seed) VALUES ('truckee', 'nv_kayak', 'Jun 2025', 4, 'Tahoe City to Truckee at 600 cfs — cold, clear Sierra water. Short season but worth it.', true);
INSERT INTO public.river_outfitters (river_id, name, description, link, is_seed) VALUES ('truckee', 'Truckee River Raft Company', 'Tahoe City floats and kayak rentals', 'truckeeriverraft.com', true);
INSERT INTO public.rivers (id, state_key, name, county, length, class, optimal_cfs, usgs_gauge, avg_cfs, hist_flow, map_x, map_y, description, designations, sections, filter_flags) VALUES ('carson', 'nv', 'Carson River — East Fork', 'Douglas Co.', '70 mi', 'I–III', '200–800', '10309000', 280, 250, 130, 220, 'The East Fork of the Carson River descends from the Sierra Nevada through Markleeville Canyon into the Carson Valley. The upper canyon delivers technical Class II–III whitewater in a dramatic volcanic gorge; the lower river meanders through cottonwood-lined ranch country below Gardnerville.', 'Humboldt-Toiyabe National Forest · Carson River Coalition', ARRAY['Markleeville Canyon — Class II–III, volcanic gorge','Gardnerville to Dayton — Class I, ranch valley float'], '{"desert":false,"mtn":true}') ON CONFLICT (id) DO NOTHING;
INSERT INTO public.river_history (river_id, era, year, title, body, source, sort_order) VALUES ('carson', 'native', 'Pre-contact', 'Washoe Territory — Sierra Foothills', 'The Carson River watershed was Washoe (Wašišiw) territory. The Washoe people seasonally migrated between Lake Tahoe in summer and the Carson Valley in winter, using the river corridor as their primary route.', 'Washoe Tribe of Nevada and California', 0);
INSERT INTO public.river_history (river_id, era, year, title, body, source, sort_order) VALUES ('carson', 'logging', '1859–1880', 'Comstock Lode — Silver Rush Devastation', 'The discovery of the Comstock Lode in 1859 triggered massive deforestation of the Sierra slopes above the Carson River to timber the Virginia City mines. The river ran with sawmill waste and mine tailings for decades.', 'Nevada State Museum; Comstock Historic District', 1);
INSERT INTO public.river_documents (river_id, title, source, year, doc_type, pages, url) VALUES ('carson', 'Carson River Watershed Assessment', 'Carson Water Subconservancy District', 2015, 'Survey', 145, 'https://www.cwsd.org/upper-carson-river-watershed-management-plan-a-voluntary-commitment/');
INSERT INTO public.river_reviews (river_id, username, review_date, stars, body, is_seed) VALUES ('carson', 'sierra_paddler', 'May 2025', 4, 'Markleeville Canyon at 350 cfs — tight Class II–III in a gorgeous volcanic gorge. Short window in May–June.', true);
INSERT INTO public.river_reviews (river_id, username, review_date, stars, body, is_seed) VALUES ('carson', 'carson_valley_local', 'Apr 2025', 3, 'Lower Carson below Gardnerville at 200 cfs — mellow float through cottonwood groves. Bring binoculars for raptors.', true);
INSERT INTO public.river_outfitters (river_id, name, description, link, is_seed) VALUES ('carson', 'Carson River Resort', 'Float trips and camping, Mexican Dam put-in', 'carsonriverresort.com', true);
INSERT INTO public.rivers (id, state_key, name, county, length, class, optimal_cfs, usgs_gauge, avg_cfs, hist_flow, map_x, map_y, description, designations, sections, filter_flags) VALUES ('humboldt', 'nv', 'Humboldt River', 'Elko / Humboldt Co.', '290 mi', 'I', '100–800', '10322500', 280, 250, 130, 220, 'The longest river entirely within Nevada, flowing 290 miles across the Great Basin before vanishing into the Humboldt Sink. The Humboldt was the lifeline of the California and Oregon Trails — tens of thousands of emigrants followed its course westward through the desert.', 'Humboldt River Trail · California Trail Interpretive Center', ARRAY['Elko to Battle Mountain — 100 mi, upper basin','Battle Mountain to Lovelock — 120 mi, lower basin to Humboldt Sink'], '{"desert":true,"mtn":false}') ON CONFLICT (id) DO NOTHING;
INSERT INTO public.river_history (river_id, era, year, title, body, source, sort_order) VALUES ('humboldt', 'native', 'Pre-contact', 'Western Shoshone Homeland — Newe Sogobia', 'The Humboldt River corridor was central Western Shoshone (Newe) territory for thousands of years. The river sustained communities across the Great Basin desert. Euro-American emigrant traffic along the Humboldt Trail in the 1840s–1860s brought devastating conflict and displacement.', 'Western Shoshone National Council; Nevada Historical Society', 0);
INSERT INTO public.river_history (river_id, era, year, title, body, source, sort_order) VALUES ('humboldt', 'logging', '1841–1869', 'Oregon and California Trails — Emigrant Lifeline', 'The Humboldt River was the only reliable water source for hundreds of miles across the Great Basin. An estimated 250,000 emigrants followed the river westward between 1841 and 1869. The California Trail Interpretive Center near Elko preserves this history.', 'California Trail Interpretive Center (BLM); Oregon-California Trails Association', 1);
INSERT INTO public.river_documents (river_id, title, source, year, doc_type, pages, url) VALUES ('humboldt', 'Humboldt River Basin Water Resources Assessment', 'Nevada Division of Water Resources', 2012, 'Hydrology', 180, 'https://ndep.nv.gov/water/rivers-streams-lakes/special-reports/humboldt-basin-studies');
INSERT INTO public.river_reviews (river_id, username, review_date, stars, body, is_seed) VALUES ('humboldt', 'basin_explorer', 'Jun 2025', 3, 'Floated the upper Humboldt near Elko at 400 cfs — wide desert river, pronghorn on the banks, total solitude. Not whitewater but deeply Nevada.', true);
INSERT INTO public.river_reviews (river_id, username, review_date, stars, body, is_seed) VALUES ('humboldt', 'nv_history_paddler', 'May 2025', 4, 'Emigrant trail corridor near Carlin at 250 cfs — wagon ruts still visible on the bluffs above. Paddling through history.', true);
INSERT INTO public.river_outfitters (river_id, name, description, link, is_seed) VALUES ('humboldt', 'Elko Guide Service', 'Humboldt River float trips and Great Basin expeditions', 'elkoguideservice.com', true);
INSERT INTO public.rivers (id, state_key, name, county, length, class, optimal_cfs, usgs_gauge, avg_cfs, hist_flow, map_x, map_y, description, designations, sections, filter_flags) VALUES ('cuyahoga', 'oh', 'Cuyahoga River', 'Summit / Cuyahoga Co.', '85 mi', 'I–II', '300–1500', '04208000', 820, 740, 680, 230, 'The river that caught fire and helped launch the modern environmental movement. The Cuyahoga winds through Cuyahoga Valley National Park — Ohio''s only national park — offering gentle Class I–II paddling through forested gorges minutes from Cleveland and Akron.', 'Cuyahoga Valley National Park · Ohio Scenic River', ARRAY['Peninsula to Brecksville — CVNP core, Class I','Brecksville to Independence — Class I–II, gorge section'], '{"ww":false,"scenic":true,"flat":true}') ON CONFLICT (id) DO NOTHING;
INSERT INTO public.river_history (river_id, era, year, title, body, source, sort_order) VALUES ('cuyahoga', 'native', 'Pre-contact', 'Erie and Wyandot Territory — ''Crooked River''', 'The Cuyahoga (from an Iroquoian word meaning ''crooked river'') formed a key portage route between Lake Erie and the Ohio River. The Erie people and later Wyandot inhabited the watershed for thousands of years.', 'Western Reserve Historical Society; Ohio Historical Connection', 0);
INSERT INTO public.river_history (river_id, era, year, title, body, source, sort_order) VALUES ('cuyahoga', 'modern', '1969', 'The River That Caught Fire — Birth of the EPA', 'The Cuyahoga River fire of June 22, 1969 became the defining image of American environmental crisis. Though not the first time the river burned, the 1969 fire galvanized public opinion and helped pass the Clean Water Act (1972) and create the EPA (1970).', 'EPA; Ohio History Connection; Time Magazine (Aug. 1, 1969)', 1);
INSERT INTO public.river_documents (river_id, title, source, year, doc_type, pages, url) VALUES ('cuyahoga', 'Cuyahoga River Restoration Assessment', 'NPS / Ohio EPA', 2019, 'Ecology', 180, 'https://www.nps.gov/cuva/learn/cuyahoga-river-restoration.htm');
INSERT INTO public.river_reviews (river_id, username, review_date, stars, body, is_seed) VALUES ('cuyahoga', 'cleveland_paddler', 'Jul 2025', 4, 'Peninsula to Brecksville through CVNP at 600 cfs — herons, deer, and nobody else on the water. Hard to believe this is 20 minutes from downtown Cleveland.', true);
INSERT INTO public.river_reviews (river_id, username, review_date, stars, body, is_seed) VALUES ('cuyahoga', 'cuyahoga_comeback', 'Aug 2025', 5, 'Bald eagles fishing from the banks of the river that used to catch fire. The comeback story of American rivers.', true);
INSERT INTO public.river_outfitters (river_id, name, description, link, is_seed) VALUES ('cuyahoga', 'Cuyahoga Valley Scenic Railroad', 'Bike-and-paddle shuttle via scenic train', 'cvsr.org', true);
INSERT INTO public.rivers (id, state_key, name, county, length, class, optimal_cfs, usgs_gauge, avg_cfs, hist_flow, map_x, map_y, description, designations, sections, filter_flags) VALUES ('mohican', 'oh', 'Mohican River', 'Ashland / Knox Co.', '25 mi', 'I–III', '300–1500', '03139000', 680, 610, 680, 230, 'Widely regarded as the best canoe river in Ohio. The Mohican cuts through sandstone gorges in Mohican State Park, delivering Class I–III rapids through old-growth hemlock forest. The Clear Fork and Black Fork merge to form the Mohican proper — all three branches offer excellent paddling.', 'Mohican State Park · Ohio Scenic River · Mohican Memorial State Forest', ARRAY['Clear Fork Gorge — Class II–III, hemlock canyon','Mohican proper — Class I–II, sandstone bluffs'], '{"ww":true,"scenic":true,"flat":false}') ON CONFLICT (id) DO NOTHING;
INSERT INTO public.river_history (river_id, era, year, title, body, source, sort_order) VALUES ('mohican', 'native', 'Pre-contact', 'Delaware (Lenape) and Mohican Homeland', 'The Mohican River takes its name from the Mohican people who were displaced westward from New England. By the 1700s both Mohican and Delaware (Lenape) communities inhabited this watershed before forced removal.', 'Ohio History Connection; Stockbridge-Munsee Community', 0);
INSERT INTO public.river_history (river_id, era, year, title, body, source, sort_order) VALUES ('mohican', 'modern', '1972', 'Ohio Scenic Rivers Act — Mohican Protected', 'The Mohican was among the first rivers protected under Ohio''s Scenic Rivers Act, preserving the gorge and old-growth hemlock stands that make it unique.', 'Ohio DNR Scenic Rivers Program', 1);
INSERT INTO public.river_documents (river_id, title, source, year, doc_type, pages, url) VALUES ('mohican', 'Mohican River Corridor Management Plan', 'Ohio DNR', 2010, 'Recreation', 85, 'https://dam.assets.ohio.gov/image/upload/ohiodnr.gov/documents/natural-areas/SR-studies/MohicanSRStudy.pdf');
INSERT INTO public.river_reviews (river_id, username, review_date, stars, body, is_seed) VALUES ('mohican', 'ohio_canoe_country', 'Jun 2025', 5, 'Clear Fork at 500 cfs — hemlock gorge is otherworldly. Best paddling in Ohio, full stop.', true);
INSERT INTO public.river_reviews (river_id, username, review_date, stars, body, is_seed) VALUES ('mohican', 'mohican_regular', 'May 2025', 4, 'Spring run at 900 cfs through the gorge — Class III ledges woke up the whole group. Outstanding.', true);
INSERT INTO public.river_outfitters (river_id, name, description, link, is_seed) VALUES ('mohican', 'Mohican Adventures', 'Canoe, kayak, and tube rentals, Loudonville', 'mohicanadventures.com', true);
INSERT INTO public.river_outfitters (river_id, name, description, link, is_seed) VALUES ('mohican', 'Pleasant Hill Canoe Livery', 'Clear Fork and Mohican trips', 'pleasanthillcanoe.com', true);
INSERT INTO public.rivers (id, state_key, name, county, length, class, optimal_cfs, usgs_gauge, avg_cfs, hist_flow, map_x, map_y, description, designations, sections, filter_flags) VALUES ('little_miami', 'oh', 'Little Miami River', 'Greene / Warren Co.', '105 mi', 'I–II', '300–2000', '03245500', 1200, 1080, 680, 230, 'Ohio''s first National Scenic River and one of the finest Midwestern paddling corridors. The Little Miami flows 105 miles from its headwaters near Springfield through limestone gorges and forested bottomlands to the Ohio River near Cincinnati. The parallel Little Miami Scenic Trail (78 miles paved) makes bike-and-paddle trips easy.', 'National Scenic River (1973) · Ohio Scenic River · Little Miami Scenic Trail', ARRAY['John Bryan SP to Xenia — Class I–II, gorge section','Xenia to Morrow — Class I, trail corridor','Morrow to Milford — Class I, lower river'], '{"ww":false,"scenic":true,"flat":true}') ON CONFLICT (id) DO NOTHING;
INSERT INTO public.river_history (river_id, era, year, title, body, source, sort_order) VALUES ('little_miami', 'native', 'Pre-contact', 'Shawnee Homeland — Fort Ancient Culture', 'The Little Miami valley contains some of Ohio''s most significant archaeological sites, including Fort Ancient (Hopewell culture, 100 BCE–500 CE). The Shawnee inhabited the lower valley at the time of European contact.', 'Ohio History Connection; Fort Ancient State Memorial', 0);
INSERT INTO public.river_history (river_id, era, year, title, body, source, sort_order) VALUES ('little_miami', 'survey', '1973', 'Ohio''s First National Scenic River', 'The Little Miami became Ohio''s first National Scenic River in 1973, permanently protecting the corridor from damming and ensuring public access.', 'NPS National Scenic Rivers System; Little Miami Inc.', 1);
INSERT INTO public.river_reviews (river_id, username, review_date, stars, body, is_seed) VALUES ('little_miami', 'cincy_paddler', 'Jul 2025', 5, 'John Bryan gorge at 800 cfs — limestone walls, clear water, easy Class II. Bike shuttle back on the trail. Perfect system.', true);
INSERT INTO public.river_reviews (river_id, username, review_date, stars, body, is_seed) VALUES ('little_miami', 'dayton_canoe', 'Jun 2025', 4, 'Xenia to Morrow — long mellow float through farm country. Saw kingfishers the whole way.', true);
INSERT INTO public.river_outfitters (river_id, name, description, link, is_seed) VALUES ('little_miami', 'Little Miami Canoe Rental', 'Multiple put-ins from Spring Valley to Morrow', 'littlemiamicanoe.com', true);
INSERT INTO public.rivers (id, state_key, name, county, length, class, optimal_cfs, usgs_gauge, avg_cfs, hist_flow, map_x, map_y, description, designations, sections, filter_flags) VALUES ('grand_oh', 'oh', 'Grand River', 'Ashtabula / Lake Co.', '98 mi', 'I–III', '300–2,000', '04212100', 1200, 1080, 695, 215, 'Northeast Ohio''s best whitewater river — the Grand carves through a dramatic shale gorge in the upper reaches before widening into a scenic corridor flowing north to Lake Erie. Ohio Scenic River designated, with Class II–III ledge drops in the gorge section near Harpersfield.', 'Ohio Scenic River · Grand River Wildlife Area', ARRAY['Harpersfield Gorge — 5 mi, Class II–III, best whitewater','Rock Creek to Harpersfield — 15 mi, Class I–II, scenic run','Upper Grand — Parkman to Rock Creek, 25 mi, Class I flatwater'], '{"ww":true,"scenic":true,"flat":false}') ON CONFLICT (id) DO NOTHING;
INSERT INTO public.river_history (river_id, era, year, title, body, source, sort_order) VALUES ('grand_oh', 'native', 'Pre-contact', 'Erie People — Lake Shore Territory', 'The Grand River watershed was territory of the Erie people before their dispersal by the Iroquois Confederacy in the 1650s. The river''s mouth at Fairport Harbor was a natural gathering place where Lake Erie''s resources met the interior forests. Later the region fell under Seneca and other Iroquois influence.', 'Ohio History Connection; Ashtabula County Historical Society', 0);
INSERT INTO public.river_history (river_id, era, year, title, body, source, sort_order) VALUES ('grand_oh', 'modern', '1974', 'Ohio Scenic River Designation', 'The Grand River received Ohio Scenic River status in 1974, protecting the gorge section and riparian corridor from development. Steelhead trout restoration in the 1980s transformed the lower Grand into one of the Great Lakes region''s premier fly-fishing destinations.', 'Ohio DNR Division of Natural Areas; Ohio Scenic Rivers Program', 1);
INSERT INTO public.river_documents (river_id, title, source, year, doc_type, pages, url) VALUES ('grand_oh', 'Grand River Watershed Action Plan', 'Ohio DNR', 2008, 'Ecology', 178, 'https://dam.assets.ohio.gov/image/upload/epa.ohio.gov/Portals/35/nps/WAPs/GrandRLower.pdf');
INSERT INTO public.river_reviews (river_id, username, review_date, stars, body, is_seed) VALUES ('grand_oh', 'ne_ohio_paddler', 'Apr 2025', 5, 'Harpersfield Gorge at 1,500 cfs — shale ledge drops and a covered bridge at the takeout. Best spring whitewater day in northeast Ohio.', true);
INSERT INTO public.river_reviews (river_id, username, review_date, stars, body, is_seed) VALUES ('grand_oh', 'grand_river_angler', 'Nov 2024', 4, 'Steelhead run on the lower Grand in November — chrome-bright fish in every pool. The Grand is Ohio''s best-kept secret.', true);
INSERT INTO public.river_outfitters (river_id, name, description, link, is_seed) VALUES ('grand_oh', 'Grand River Canoe Livery', 'Kayak and canoe rentals on the middle Grand River', 'grandrivercanoe.com', true);
INSERT INTO public.rivers (id, state_key, name, county, length, class, optimal_cfs, usgs_gauge, avg_cfs, hist_flow, map_x, map_y, description, designations, sections, filter_flags) VALUES ('hocking', 'oh', 'Hocking River', 'Hocking / Athens Co.', '102 mi', 'I–II', '200–1,500', '03159500', 680, 612, 680, 260, 'The Hocking River flows through the heart of Ohio''s Hocking Hills region — Old Man''s Cave, Ash Cave, and Cedar Falls country — before winding through the college town of Athens. A gentle Class I–II float through forested Appalachian foothills, ideal for scenic paddling and multi-day trips.', 'Hocking Hills State Park corridor · Wayne National Forest', ARRAY['Lancaster to Logan — 25 mi, Class I, upper valley','Logan to Nelsonville — 20 mi, Class I–II, Hocking Hills section','Nelsonville to Athens — 30 mi, Class I, university town reach'], '{"ww":false,"scenic":true,"flat":true}') ON CONFLICT (id) DO NOTHING;
INSERT INTO public.river_history (river_id, era, year, title, body, source, sort_order) VALUES ('hocking', 'native', 'Pre-contact', 'Shawnee Homeland — Hocking Hills Country', 'The Hocking River valley was Shawnee territory, and the name derives from the Delaware (Lenape) word ''hockhocking'' meaning ''bottle river,'' describing a bottleneck narrows near Lancaster. The spectacular rock shelters and caves of the Hocking Hills were used by indigenous peoples for thousands of years.', 'Ohio History Connection; Hocking County Historical Society', 0);
INSERT INTO public.river_history (river_id, era, year, title, body, source, sort_order) VALUES ('hocking', 'logging', '1800s–1900s', 'Coal, Iron, and the Hocking Canal', 'The Hocking Valley was the center of Ohio''s coal and iron industries in the 19th century. The Hocking Canal (1838) and later the Hocking Valley Railway moved coal from mines near Nelsonville to markets in Columbus and beyond. The industrial heritage is visible in restored company towns and the Hocking Valley Scenic Railway.', 'Ohio History Connection; Hocking Valley Scenic Railway', 1);
INSERT INTO public.river_documents (river_id, title, source, year, doc_type, pages, url) VALUES ('hocking', 'Hocking River Watershed Action Plan', 'Ohio EPA', 2012, 'Ecology', 156, 'https://dam.assets.ohio.gov/image/upload/epa.ohio.gov/Portals/35/tmdl/HockingRiverTMDL_final_aug09_wo_app.pdf');
INSERT INTO public.river_reviews (river_id, username, review_date, stars, body, is_seed) VALUES ('hocking', 'hocking_hills_kayak', 'Jun 2025', 4, 'Logan to Nelsonville at 500 cfs — gentle float through Hocking Hills country. Stopped at Conkle''s Hollow for a hike. Perfect weekend combo.', true);
INSERT INTO public.river_reviews (river_id, username, review_date, stars, body, is_seed) VALUES ('hocking', 'athens_paddler', 'May 2025', 4, 'Nelsonville to Athens — easy Class I through the hills. Great college-town takeout with breweries. Ohio''s most relaxed river day.', true);
INSERT INTO public.river_outfitters (river_id, name, description, link, is_seed) VALUES ('hocking', 'Hocking Hills Canoe Livery', 'Canoe and kayak rentals with Hocking Hills trip options', 'hockinghillscanoelivery.com', true);
INSERT INTO public.river_outfitters (river_id, name, description, link, is_seed) VALUES ('hocking', 'Hocking Hills Adventures', 'Guided kayak trips and shuttle service, Logan', 'hockinghillsadventures.com', true);
INSERT INTO public.rivers (id, state_key, name, county, length, class, optimal_cfs, usgs_gauge, avg_cfs, hist_flow, map_x, map_y, description, designations, sections, filter_flags) VALUES ('vermilion_oh', 'oh', 'Vermilion River', 'Ashland / Huron Co.', '40 mi', 'I–II', '200–1000', '04199500', 320, 288, 680, 230, 'A state-designated scenic river winding through the sandstone gorges and wooded hills of north-central Ohio. The Vermilion offers gentle Class I–II paddling through a surprisingly rugged landscape, with shale cliffs, hemlock groves, and excellent smallmouth bass fishing. The river empties into Lake Erie at the charming harbor town of Vermilion.', 'Ohio State Scenic River', ARRAY['Fitchville to Wakeman — 15 mi, upper wooded corridor','Wakeman to Mill Hollow — 12 mi, sandstone gorge, best scenery','Mill Hollow to Vermilion — 13 mi, lower river to Lake Erie'], '{"ww":false,"scenic":true,"flat":true}') ON CONFLICT (id) DO NOTHING;
INSERT INTO public.river_history (river_id, era, year, title, body, source, sort_order) VALUES ('vermilion_oh', 'native', 'Pre-contact', 'Erie and Wyandot Territory — Red Clay River', 'The Vermilion River takes its name from the red clay and iron-oxide deposits along its banks, which indigenous peoples used as pigment. The Erie and later Wyandot peoples inhabited the watershed for thousands of years, using the river as a route between the interior and Lake Erie.', 'Ohio History Connection; Huron County Historical Society', 0);
INSERT INTO public.river_history (river_id, era, year, title, body, source, sort_order) VALUES ('vermilion_oh', 'modern', '1974', 'Ohio Scenic River Designation', 'Ohio designated the Vermilion River a State Scenic River in 1974, protecting the corridor''s sandstone gorges, hemlock stands, and water quality from development pressure in north-central Ohio.', 'Ohio DNR Division of Natural Areas and Preserves', 1);
INSERT INTO public.river_reviews (river_id, username, review_date, stars, body, is_seed) VALUES ('vermilion_oh', 'north_ohio_paddler', 'May 2025', 4, 'Mill Hollow section at 400 cfs — sandstone cliffs, hemlocks, and smallmouth on every cast. Ohio''s best-kept scenic river secret.', true);
INSERT INTO public.river_reviews (river_id, username, review_date, stars, body, is_seed) VALUES ('vermilion_oh', 'vermilion_kayaker', 'Jun 2025', 4, 'Wakeman to the lake at 600 cfs — gentle current through the gorge, then a fun run into the harbor. Great day trip from Cleveland.', true);
INSERT INTO public.river_outfitters (river_id, name, description, link, is_seed) VALUES ('vermilion_oh', 'Vermilion River Reservation', 'Lorain County Metro Parks, kayak access and trails', '', true);
INSERT INTO public.rivers (id, state_key, name, county, length, class, optimal_cfs, usgs_gauge, avg_cfs, hist_flow, map_x, map_y, description, designations, sections, filter_flags) VALUES ('mad_oh', 'oh', 'Mad River', 'Champaign / Clark Co.', '70 mi', 'I–II', '200–1200', '03267000', 480, 432, 680, 230, 'Ohio''s only river with consistent spring-fed flow year-round. The Mad River emerges from glacial aquifers near Urbana and maintains cold, clear water even through summer drought — making it one of the best trout streams in the Midwest. Gentle Class I–II paddling through pastoral western Ohio farmland with surprisingly wild riparian corridors.', 'Ohio State Scenic River · Blue-Ribbon Trout Stream', ARRAY['Urbana to West Liberty — 20 mi, spring-fed headwaters, coldwater fishing','West Liberty to Springfield — 25 mi, pastoral valley, best paddling','Springfield to Dayton — 25 mi, wider channel to Great Miami confluence'], '{"ww":false,"scenic":true,"flat":false}') ON CONFLICT (id) DO NOTHING;
INSERT INTO public.river_history (river_id, era, year, title, body, source, sort_order) VALUES ('mad_oh', 'native', 'Pre-contact', 'Shawnee Homeland — Spring-Fed Hunting Grounds', 'The Mad River valley was Shawnee territory, and the name may derive from the Shawnee description of the river''s erratic, spring-fed behavior. Tecumseh, the great Shawnee leader, was born near the Mad River in 1768. The cold springs sustained game populations year-round.', 'Ohio History Connection; Clark County Historical Society', 0);
INSERT INTO public.river_history (river_id, era, year, title, body, source, sort_order) VALUES ('mad_oh', 'survey', '1969', 'Ohio Scenic River Designation', 'Ohio designated the Mad River a State Scenic River in 1969, one of the earliest designations in the state. The river''s exceptional spring-fed water quality and trout fishery were key factors in the protection.', 'Ohio DNR Division of Natural Areas and Preserves', 1);
INSERT INTO public.river_reviews (river_id, username, review_date, stars, body, is_seed) VALUES ('mad_oh', 'dayton_fly_fisher', 'Apr 2025', 5, 'Mad River at 350 cfs in April — spring-fed and crystal clear while every other Ohio river is muddy. Caught browns on dry flies. The best trout stream in Ohio, period.', true);
INSERT INTO public.river_reviews (river_id, username, review_date, stars, body, is_seed) VALUES ('mad_oh', 'western_oh_paddler', 'May 2025', 4, 'West Liberty to Springfield at 500 cfs — easy float through green farmland with surprisingly cold, clear water. Unique for Ohio.', true);
INSERT INTO public.river_outfitters (river_id, name, description, link, is_seed) VALUES ('mad_oh', 'Mad River Outfitters', 'Fly fishing guided trips and kayak access on the Mad River', '', true);
INSERT INTO public.rivers (id, state_key, name, county, length, class, optimal_cfs, usgs_gauge, avg_cfs, hist_flow, map_x, map_y, description, designations, sections, filter_flags) VALUES ('tuscarawas', 'oh', 'Tuscarawas River', 'Tuscarawas / Coshocton Co.', '130 mi', 'I', '500–3000', '03117500', 1600, 1440, 680, 230, 'A 130-mile journey through Ohio''s canal era history. The Tuscarawas River parallels the Ohio & Erie Canal towpath through the rolling hills of east-central Ohio, passing the restored German Separatist village of Zoar, Civil War-era towns, and the remnants of America''s canal-building age. Gentle Class I flatwater paddling with deep historical resonance.', 'Ohio & Erie Canalway National Heritage Area · Zoar Village NHS', ARRAY['Bolivar to Zoar — 15 mi, canal history corridor','Zoar to Dover — 20 mi, scenic valley','Dover to Coshocton — 50 mi, wider river to Muskingum confluence'], '{"ww":false,"scenic":false,"flat":true}') ON CONFLICT (id) DO NOTHING;
INSERT INTO public.river_history (river_id, era, year, title, body, source, sort_order) VALUES ('tuscarawas', 'native', 'Pre-contact', 'Lenape (Delaware) Homeland — Tuscarawas Valley', 'The Tuscarawas River valley was Lenape (Delaware) territory after their forced migration from the eastern seaboard. The Moravian mission at Schoenbrunn (1772) near present-day New Philadelphia was Ohio''s first European settlement, established among the Lenape.', 'Ohio History Connection; Schoenbrunn Village State Memorial', 0);
INSERT INTO public.river_history (river_id, era, year, title, body, source, sort_order) VALUES ('tuscarawas', 'logging', '1827–1850', 'Ohio & Erie Canal — Industrial Revolution Corridor', 'The Ohio & Erie Canal, completed along the Tuscarawas in 1832, connected Lake Erie to the Ohio River and transformed Ohio from frontier to industrial powerhouse. Canal towns like Bolivar, Zoar, and Dover grew up along the river, and the restored towpath now serves as a hiking and biking trail.', 'Ohio History Connection; Ohio & Erie Canalway Association', 1);
INSERT INTO public.river_reviews (river_id, username, review_date, stars, body, is_seed) VALUES ('tuscarawas', 'canal_history_paddler', 'Jun 2025', 4, 'Bolivar to Zoar at 1,200 cfs — paddled past the old canal locks and stopped at Zoar Village. Ohio history from the water. Peaceful and fascinating.', true);
INSERT INTO public.river_reviews (river_id, username, review_date, stars, body, is_seed) VALUES ('tuscarawas', 'tuscarawas_kayak', 'Jul 2025', 3, 'Dover to Coshocton at 1,800 cfs — wide and slow but the scenery improves downstream. Bring a fishing rod for channel cats.', true);
INSERT INTO public.river_outfitters (river_id, name, description, link, is_seed) VALUES ('tuscarawas', 'Tuscarawas River Water Trail', 'Access maps and launch information, Tuscarawas County', '', true);
INSERT INTO public.rivers (id, state_key, name, county, length, class, optimal_cfs, usgs_gauge, avg_cfs, hist_flow, map_x, map_y, description, designations, sections, filter_flags) VALUES ('whitewater_in', 'in', 'Whitewater River', 'Franklin / Dearborn Co.', '96 mi', 'I–III', '400–2000', '03275000', 1400, 1260, 630, 260, 'Indiana''s namesake whitewater river — the Whitewater flows through the rolling hill country of southeastern Indiana before joining the Great Miami at the Ohio border. Class I–III rapids through limestone ledges make this the best technical paddling in Indiana.', 'Indiana Natural & Scenic River candidate · Whitewater Memorial State Park', ARRAY['Brookville to Metamora — Class I–II, canal country','Metamora to Harrison — Class II–III, best whitewater'], '{"ww":true,"scenic":true,"flat":false}') ON CONFLICT (id) DO NOTHING;
INSERT INTO public.river_history (river_id, era, year, title, body, source, sort_order) VALUES ('whitewater_in', 'native', 'Pre-contact', 'Miami and Shawnee Territory', 'The Whitewater River valley was Miami (Myaamia) and Shawnee territory. The Myaamia people were forcibly removed in the 1840s. The river''s name reflects the white froth visible at numerous limestone ledges.', 'Myaamia Center, Miami University; Indiana Historical Bureau', 0);
INSERT INTO public.river_history (river_id, era, year, title, body, source, sort_order) VALUES ('whitewater_in', 'logging', '1836–1847', 'Whitewater Canal — Indiana''s Failed Waterway', 'Indiana built the Whitewater Canal parallel to the river as part of the 1836 Internal Improvements Act. Financial collapse left the canal incomplete, though a restored section at Metamora still operates as a state historic site.', 'Indiana State Museum; Metamora Canal Boat', 1);
INSERT INTO public.river_documents (river_id, title, source, year, doc_type, pages, url) VALUES ('whitewater_in', 'Whitewater River Watershed Management Plan', 'Indiana DEM', 2012, 'Survey', 140, 'https://www.in.gov/idem/nps/resources/watershed-management-plans/whitewater-river-wmp-3-119/');
INSERT INTO public.river_reviews (river_id, username, review_date, stars, body, is_seed) VALUES ('whitewater_in', 'hoosier_paddler', 'Apr 2025', 4, 'Metamora section at 1,000 cfs — limestone ledge drops every half mile. Best whitewater in Indiana.', true);
INSERT INTO public.river_reviews (river_id, username, review_date, stars, body, is_seed) VALUES ('whitewater_in', 'in_creek_boater', 'Mar 2025', 4, 'Spring run at 1,800 cfs — pushy Class III in spots. The Whitewater earns its name.', true);
INSERT INTO public.river_outfitters (river_id, name, description, link, is_seed) VALUES ('whitewater_in', 'Whitewater Canoe Rental', 'Brookville-based trips and shuttles', 'whitewatercanoe.com', true);
INSERT INTO public.rivers (id, state_key, name, county, length, class, optimal_cfs, usgs_gauge, avg_cfs, hist_flow, map_x, map_y, description, designations, sections, filter_flags) VALUES ('sugar_creek', 'in', 'Sugar Creek', 'Montgomery / Parke Co.', '90 mi', 'I–II', '300–1500', '03341500', 920, 830, 630, 260, 'Indiana''s most scenic canoe river, flowing through covered bridge country in Parke and Montgomery counties. Sugar Creek passes sandstone bluffs, natural arches, and more covered bridges than any other river in the state. Turkey Run and Shades state parks bracket the best paddling stretch.', 'Indiana Natural & Scenic River · Turkey Run State Park · Shades State Park', ARRAY['Shades SP to Turkey Run SP — 15 mi, signature section','Turkey Run to Montezuma — 20 mi, wider river, covered bridges'], '{"ww":false,"scenic":true,"flat":true}') ON CONFLICT (id) DO NOTHING;
INSERT INTO public.river_history (river_id, era, year, title, body, source, sort_order) VALUES ('sugar_creek', 'native', 'Pre-contact', 'Miami and Potawatomi Homeland', 'Sugar Creek watershed was shared territory of the Miami (Myaamia) and Potawatomi peoples. Sandstone canyons along the creek contain prehistoric rock shelters used for thousands of years.', 'Indiana Historical Bureau; Turkey Run State Park Interpretive Center', 0);
INSERT INTO public.river_history (river_id, era, year, title, body, source, sort_order) VALUES ('sugar_creek', 'modern', '1976', 'Indiana Natural & Scenic River Designation', 'Sugar Creek was among the first rivers designated under Indiana''s Natural, Scenic, and Recreational River System, protecting the corridor through covered bridge country.', 'Indiana DNR Division of Outdoor Recreation', 1);
INSERT INTO public.river_documents (river_id, title, source, year, doc_type, pages, url) VALUES ('sugar_creek', 'Sugar Creek Watershed Management Plan', 'Indiana DEM', 2008, 'Ecology', 110, 'https://www.in.gov/idem/nps/resources/watershed-management-plans/sugar-creek-wmp-7-81/');
INSERT INTO public.river_reviews (river_id, username, review_date, stars, body, is_seed) VALUES ('sugar_creek', 'covered_bridge_canoe', 'Jun 2025', 5, 'Shades to Turkey Run at 600 cfs — sandstone bluffs, three covered bridges, and canyon side hikes. Peak Indiana.', true);
INSERT INTO public.river_reviews (river_id, username, review_date, stars, body, is_seed) VALUES ('sugar_creek', 'indy_weekend_paddler', 'May 2025', 4, 'Sugar Creek at 400 cfs — mellow float through beautiful farm-to-forest scenery. Perfect family river.', true);
INSERT INTO public.river_outfitters (river_id, name, description, link, is_seed) VALUES ('sugar_creek', 'Sugar Creek Canoe Rental', 'Turkey Run area, family trips', 'sugarcreekcanoe.com', true);
INSERT INTO public.rivers (id, state_key, name, county, length, class, optimal_cfs, usgs_gauge, avg_cfs, hist_flow, map_x, map_y, description, designations, sections, filter_flags) VALUES ('blue_in', 'in', 'Blue River', 'Harrison / Crawford Co.', '50 mi', 'I–II', '200–800', '03303000', 480, 430, 630, 260, 'Indiana''s first designated Natural and Scenic River. The Blue River flows through the karst landscape of southern Indiana''s Crawford and Harrison counties — spring-fed, clear, and winding past limestone bluffs, caves, and hardwood forests. One of the most pristine streams in the Midwest.', 'Indiana''s First Natural & Scenic River (1973) · Harrison-Crawford State Forest', ARRAY['Fredericksburg to White Cloud — 20 mi, best section','White Cloud to Leavenworth — 15 mi, lower river, wider'], '{"ww":false,"scenic":true,"flat":true}') ON CONFLICT (id) DO NOTHING;
INSERT INTO public.river_history (river_id, era, year, title, body, source, sort_order) VALUES ('blue_in', 'native', 'Pre-contact', 'Shawnee and Cherokee Hunting Grounds', 'The Blue River''s karst-rich watershed in southern Indiana was hunting territory for both Shawnee and Cherokee peoples. Wyandotte Cave, one of the largest in the eastern U.S., lies within the watershed and shows evidence of thousands of years of Native use.', 'Indiana Historical Bureau; Wyandotte Caves State Recreation Area', 0);
INSERT INTO public.river_history (river_id, era, year, title, body, source, sort_order) VALUES ('blue_in', 'survey', '1973', 'Indiana''s First Natural & Scenic River', 'The Blue River became the first river designated under Indiana''s new Natural, Scenic, and Recreational River System — a landmark moment for Hoosier conservation.', 'Indiana DNR Division of Outdoor Recreation', 1);
INSERT INTO public.river_reviews (river_id, username, review_date, stars, body, is_seed) VALUES ('blue_in', 'southern_indiana_paddle', 'Jun 2025', 5, 'Fredericksburg to White Cloud at 350 cfs — gin-clear spring water over limestone. Best-kept secret in Indiana.', true);
INSERT INTO public.river_reviews (river_id, username, review_date, stars, body, is_seed) VALUES ('blue_in', 'blue_river_regular', 'Jul 2025', 4, 'Summer float at 250 cfs — some wading required but the swimming holes make up for it. Beautiful karst country.', true);
INSERT INTO public.river_outfitters (river_id, name, description, link, is_seed) VALUES ('blue_in', 'Cave Country Canoes', 'Blue River trips from Milltown', 'cavecountrycanoes.com', true);
INSERT INTO public.rivers (id, state_key, name, county, length, class, optimal_cfs, usgs_gauge, avg_cfs, hist_flow, map_x, map_y, description, designations, sections, filter_flags) VALUES ('vermilion_il', 'il', 'Vermilion River', 'LaSalle Co.', '30 mi', 'I–III', '300–1200', '05555300', 680, 610, 580, 230, 'The only whitewater river in Illinois. The Vermilion cuts through sandstone canyons near Starved Rock and Matthiessen state parks — Class I–III rapids through forested gorges in an otherwise flat state. A genuine surprise for Midwestern paddlers.', 'National Wild & Scenic River (1981) · Matthiessen State Park', ARRAY['Oglesby to LaSalle — Class I–III, canyon section','Matthiessen SP side canyons — hiking access only'], '{"ww":true,"scenic":true,"flat":false}') ON CONFLICT (id) DO NOTHING;
INSERT INTO public.river_history (river_id, era, year, title, body, source, sort_order) VALUES ('vermilion_il', 'native', 'Pre-contact', 'Illinois Confederacy — Starved Rock', 'The Vermilion River watershed was Illinois Confederacy (Illiniwek) territory. Starved Rock, at the confluence with the Illinois River, is where a band of Illiniwek were besieged by Potawatomi and Ottawa warriors circa 1769.', 'Illinois State Museum; Starved Rock State Park', 0);
INSERT INTO public.river_history (river_id, era, year, title, body, source, sort_order) VALUES ('vermilion_il', 'survey', '1981', 'National Wild & Scenic Designation', 'The Vermilion became Illinois''s only National Wild & Scenic River, protecting 17 miles of canyon from Oglesby to LaSalle.', 'NPS National Wild & Scenic Rivers System', 1);
INSERT INTO public.river_reviews (river_id, username, review_date, stars, body, is_seed) VALUES ('vermilion_il', 'chicago_paddler', 'Apr 2025', 5, 'Vermilion at 500 cfs — actual whitewater in Illinois. Sandstone canyons and Class III ledges. Worth the drive from Chicago.', true);
INSERT INTO public.river_reviews (river_id, username, review_date, stars, body, is_seed) VALUES ('vermilion_il', 'il_surprise', 'May 2025', 4, 'Never expected real rapids in this state. The Vermilion canyon section is legit.', true);
INSERT INTO public.river_outfitters (river_id, name, description, link, is_seed) VALUES ('vermilion_il', 'Heritage Harbor Sports', 'Vermilion River kayak rentals, Ottawa IL', 'heritageharborsports.com', true);
INSERT INTO public.rivers (id, state_key, name, county, length, class, optimal_cfs, usgs_gauge, avg_cfs, hist_flow, map_x, map_y, description, designations, sections, filter_flags) VALUES ('cache_il', 'il', 'Cache River', 'Johnson / Pulaski Co.', '60 mi', 'I', '100–500', '03612000', 380, 340, 580, 230, 'An ancient cypress swamp in southern Illinois — the Cache River Natural Area contains 1,000-year-old bald cypress trees and is a National Natural Landmark. Flatwater paddling through a landscape that looks more like Louisiana than the Midwest. One of the most ecologically significant wetlands in the interior United States.', 'National Natural Landmark · Ramsar Wetland of International Importance · Cache River State Natural Area', ARRAY['Lower Cache — Cypress swamp, prime paddling','Heron Pond — old-growth bald cypress, walk-in only'], '{"ww":false,"scenic":true,"flat":true}') ON CONFLICT (id) DO NOTHING;
INSERT INTO public.river_history (river_id, era, year, title, body, source, sort_order) VALUES ('cache_il', 'native', 'Pre-contact', 'Mississippian Culture — Southern Illinois Wetlands', 'The Cache River basin was part of the broader Mississippian culture zone. The rich wetlands supported large populations. Nearby Kincaid Mounds (900–1400 CE) was one of the largest Mississippian settlements north of Cahokia.', 'Illinois State Museum; Kincaid Mounds State Historic Site', 0);
INSERT INTO public.river_history (river_id, era, year, title, body, source, sort_order) VALUES ('cache_il', 'modern', '1996', 'Ramsar Wetland of International Importance', 'The Cache River wetlands were designated a Ramsar Wetland of International Importance, recognizing the ancient cypress swamp ecosystem as globally significant.', 'Ramsar Convention; IDNR', 1);
INSERT INTO public.river_reviews (river_id, username, review_date, stars, body, is_seed) VALUES ('cache_il', 'swamp_paddler_il', 'Oct 2025', 5, 'Lower Cache through the cypress swamp at 200 cfs — thousand-year-old trees rising from black water. Illinois has a bayou and nobody knows.', true);
INSERT INTO public.river_reviews (river_id, username, review_date, stars, body, is_seed) VALUES ('cache_il', 'nature_kayaker', 'Nov 2025', 4, 'Flatwater through the cypress at low flow — prothonotary warblers and barred owls. Magical place.', true);
INSERT INTO public.river_outfitters (river_id, name, description, link, is_seed) VALUES ('cache_il', 'Shawnee Forest Outfitters', 'Cache River paddle tours, seasonal', 'shawneeforestoutfitters.com', true);
INSERT INTO public.rivers (id, state_key, name, county, length, class, optimal_cfs, usgs_gauge, avg_cfs, hist_flow, map_x, map_y, description, designations, sections, filter_flags) VALUES ('kankakee', 'il', 'Kankakee River', 'Kankakee Co.', '90 mi', 'I–II', '500–3000', '05527500', 2200, 1980, 580, 230, 'The best paddling river near Chicago. The Kankakee flows through Kankakee River State Park where sandstone canyons, waterfalls, and Class I–II rapids create a surprisingly scenic experience just 60 miles south of the city. Once called the Everglades of the North before 19th-century draining destroyed the vast marshes.', 'Kankakee River State Park · Illinois Scenic River', ARRAY['Momence to Aroma Park — Class I, prairie river','Kankakee River SP — Class I–II, canyon section, best stretch','State park to Wilmington — Class I, wider river'], '{"ww":false,"scenic":true,"flat":true}') ON CONFLICT (id) DO NOTHING;
INSERT INTO public.river_history (river_id, era, year, title, body, source, sort_order) VALUES ('kankakee', 'native', 'Pre-contact', 'Potawatomi Homeland — Everglades of the North', 'The Kankakee River once flowed through a vast 500,000-acre marsh that the Potawatomi people used for fishing, trapping, and gathering. It was one of the greatest freshwater wetlands in North America before drainage.', 'Kankakee County Historical Society; The Kankakee Marsh by Al Swain', 0);
INSERT INTO public.river_history (river_id, era, year, title, body, source, sort_order) VALUES ('kankakee', 'logging', '1853–1917', 'The Great Kankakee Marsh Destroyed', 'Between 1853 and 1917, the 500,000-acre Kankakee Marsh was systematically drained for agriculture. Over 240 miles of river was channelized into straight ditches — one of the greatest ecological losses in Midwestern history.', 'Indiana DNR; Kankakee River Basin Commission', 1);
INSERT INTO public.river_reviews (river_id, username, review_date, stars, body, is_seed) VALUES ('kankakee', 'chicago_escape_paddler', 'Jun 2025', 5, 'Kankakee River SP at 1,500 cfs — sandstone canyon with waterfalls on the tributaries. Best day trip from Chicago.', true);
INSERT INTO public.river_reviews (river_id, username, review_date, stars, body, is_seed) VALUES ('kankakee', 'kankakee_regular', 'Jul 2025', 4, 'Momence to the state park at 1,800 cfs — easy float, great birding, surprisingly pretty for this close to the city.', true);
INSERT INTO public.river_outfitters (river_id, name, description, link, is_seed) VALUES ('kankakee', 'Reed''s Canoe Trips', 'Kankakee River State Park area, Kankakee IL', 'reedscanoetrips.com', true);
INSERT INTO public.river_outfitters (river_id, name, description, link, is_seed) VALUES ('kankakee', 'Chicagoland Canoe Base', 'Kankakee trip planning and gear', 'chicagolandcanoebase.com', true);
INSERT INTO public.rivers (id, state_key, name, county, length, class, optimal_cfs, usgs_gauge, avg_cfs, hist_flow, map_x, map_y, description, designations, sections, filter_flags) VALUES ('androscoggin', 'nh', 'Androscoggin River', 'Coos Co.', '80 mi', 'I–III', '800–4000', '01054200', 2800, 2520, 845, 115, 'The Androscoggin flows through the White Mountains in a broad valley of exceptional beauty. The Thirteen Mile Woods section is one of New England''s premier wilderness canoe trips — moose, eagles, and unbroken boreal forest. Below Errol, Class II–III whitewater adds excitement through Pontook Reservoir to Milan.', 'New Hampshire Rivers Management & Protection Program · White Mountain National Forest', ARRAY['Thirteen Mile Woods — 13 mi, wilderness canoe classic','Errol to Milan — Class II–III, whitewater section','Milan to Berlin — Class I–II, valley run'], '{"ww":true,"scenic":true,"wild":true}') ON CONFLICT (id) DO NOTHING;
INSERT INTO public.river_history (river_id, era, year, title, body, source, sort_order) VALUES ('androscoggin', 'native', 'Pre-contact', 'Abenaki Homeland — The Northern Forests', 'The Androscoggin watershed was Abenaki territory. The name derives from an Abenaki word meaning ''river of rock shelters.'' The Abenaki used the river as a major travel corridor through the White Mountains.', 'Abenaki Nation; New Hampshire Historical Society', 0);
INSERT INTO public.river_history (river_id, era, year, title, body, source, sort_order) VALUES ('androscoggin', 'logging', '1850–1960', 'Paper Mills and Pollution — Berlin''s Industrial Legacy', 'The Androscoggin was one of the most polluted rivers in America by the mid-20th century, fouled by paper mills in Berlin, NH and Rumford, ME. The Clean Water Act transformed it from an open sewer to one of New England''s finest paddling rivers.', 'NH DES; Androscoggin River Watershed Council', 1);
INSERT INTO public.river_reviews (river_id, username, review_date, stars, body, is_seed) VALUES ('androscoggin', 'nh_moose_paddler', 'Sep 2025', 5, 'Thirteen Mile Woods at 1,500 cfs — four moose in one day. Camped on a gravel bar with no one else for miles. New England wilderness at its best.', true);
INSERT INTO public.river_reviews (river_id, username, review_date, stars, body, is_seed) VALUES ('androscoggin', 'whitemtn_kayaker', 'Jun 2025', 4, 'Errol to Pontook at 2,200 cfs — continuous Class II–III with White Mountain views. Excellent.', true);
INSERT INTO public.river_outfitters (river_id, name, description, link, is_seed) VALUES ('androscoggin', 'Saco Bound / Northern Waters', 'Androscoggin canoe trips from Errol', 'sacobound.com', true);
INSERT INTO public.rivers (id, state_key, name, county, length, class, optimal_cfs, usgs_gauge, avg_cfs, hist_flow, map_x, map_y, description, designations, sections, filter_flags) VALUES ('saco', 'nh', 'Saco River', 'Carroll Co.', '84 mi', 'I–III', '400–2000', '01064500', 1800, 1620, 845, 115, 'The most popular canoe river in New England. The Saco flows from Crawford Notch through the Mount Washington Valley, offering sandy beaches, warm summer swimming, and gentle Class I–III rapids through the White Mountains. Multi-day camping trips on river sandbars are a New England rite of passage.', 'New Hampshire Rivers Management Program · White Mountain National Forest', ARRAY['Crawford Notch to North Conway — Class II–III, mountain headwaters','North Conway to Fryeburg ME — Class I, sandbar camping classic','Fryeburg to Hiram ME — Class I, lower river'], '{"ww":false,"scenic":true,"wild":false}') ON CONFLICT (id) DO NOTHING;
INSERT INTO public.river_history (river_id, era, year, title, body, source, sort_order) VALUES ('saco', 'native', 'Pre-contact', 'Pequawket Abenaki — Saco Valley People', 'The Saco River valley was home to the Pequawket band of the Abenaki. The name ''Saco'' derives from an Abenaki word meaning ''flowing out.'' The devastating raid on the Pequawket village at Fryeburg in 1725 (Lovewell''s War) effectively ended Abenaki presence in the valley.', 'NH Historical Society; Fryeburg Historical Society', 0);
INSERT INTO public.river_history (river_id, era, year, title, body, source, sort_order) VALUES ('saco', 'modern', '2023', 'River Stewardship — Saco Watershed Council', 'The Saco River Corridor Commission has protected the river''s recreational character for decades, managing camping impacts and preserving public access on the most heavily used river in New England.', 'Saco River Corridor Commission; AMC', 1);
INSERT INTO public.river_documents (river_id, title, source, year, doc_type, pages, url) VALUES ('saco', 'Saco River Corridor Management Plan', 'Saco River Corridor Commission', 2015, 'Recreation', 95, 'https://www.des.nh.gov/sites/g/files/ehbemt341/files/documents/saco-swift-plan.pdf');
INSERT INTO public.river_reviews (river_id, username, review_date, stars, body, is_seed) VALUES ('saco', 'new_england_tradition', 'Jul 2025', 5, 'Three days from North Conway to Fryeburg — sandbar camping, swimming, Mt. Washington views. The New England river trip.', true);
INSERT INTO public.river_reviews (river_id, username, review_date, stars, body, is_seed) VALUES ('saco', 'saco_summer', 'Aug 2025', 4, 'Center Conway to Fryeburg at 1,200 cfs — warm water, sandy beaches, and covered bridges. Brought the whole family.', true);
INSERT INTO public.river_outfitters (river_id, name, description, link, is_seed) VALUES ('saco', 'Saco Bound', 'New England canoe institution since 1969, Center Conway', 'sacobound.com', true);
INSERT INTO public.river_outfitters (river_id, name, description, link, is_seed) VALUES ('saco', 'Canal Bridge Canoes', 'Saco River trips from North Conway', 'canalbridgecanoes.com', true);
INSERT INTO public.rivers (id, state_key, name, county, length, class, optimal_cfs, usgs_gauge, avg_cfs, hist_flow, map_x, map_y, description, designations, sections, filter_flags) VALUES ('pemi', 'nh', 'Pemigewasset River', 'Grafton Co.', '65 mi', 'I–III', '400–2000', '01076500', 1400, 1260, 845, 115, 'The Pemigewasset flows from the Franconia Notch through the heart of the White Mountain National Forest. Class I–III whitewater through forested granite gorges with views of the Franconia Ridge. The Pemi merges with the Winnipesaukee to form the Merrimack — New England''s greatest industrial river.', 'White Mountain National Forest · NH Rivers Management Program', ARRAY['Franconia Notch — Class II–III, mountain headwaters','Lincoln to Woodstock — Class II, popular section','Plymouth to Bristol — Class I–II, lower valley'], '{"ww":true,"scenic":true,"wild":false}') ON CONFLICT (id) DO NOTHING;
INSERT INTO public.river_history (river_id, era, year, title, body, source, sort_order) VALUES ('pemi', 'native', 'Pre-contact', 'Pemigewasset Abenaki — People of the Crooked Place', 'The Pemigewasset takes its name from the Abenaki word meaning ''crooked place'' or ''rapid current.'' The Pemigewasset band of the Abenaki inhabited the river valley and used the Franconia Notch as a seasonal travel corridor.', 'NH Historical Society; White Mountain History Project', 0);
INSERT INTO public.river_history (river_id, era, year, title, body, source, sort_order) VALUES ('pemi', 'logging', '1880–1920', 'J.E. Henry and the East Branch — Clearcutting the Pemigewasset Wilderness', 'Lumber baron J.E. Henry built a logging railroad up the East Branch and clear-cut the entire Pemigewasset Wilderness. A devastating forest fire in 1907 burned the slash, creating a moonscape. The area has since recovered into the 45,000-acre Pemigewasset Wilderness — the largest in New Hampshire.', 'USFS White Mountain NF; NH Historical Society', 1);
INSERT INTO public.river_documents (river_id, title, source, year, doc_type, pages, url) VALUES ('pemi', 'Pemigewasset River Corridor Assessment', 'NH DES', 2012, 'Survey', 85, 'https://lakesrpc.nh.gov/wp-content/uploads/2025/08/Pemi-River-Corridor-Mgment-Plan-2013.pdf');
INSERT INTO public.river_reviews (river_id, username, review_date, stars, body, is_seed) VALUES ('pemi', 'whitemtn_paddler', 'May 2025', 5, 'Lincoln to Woodstock at 1,200 cfs during spring runoff — Franconia Ridge towers above Class II rapids. Peak New Hampshire.', true);
INSERT INTO public.river_reviews (river_id, username, review_date, stars, body, is_seed) VALUES ('pemi', 'pemi_local', 'Jun 2025', 4, 'Plymouth section at 900 cfs — easy Class I–II through farm country with mountain views. Great after-work run.', true);
INSERT INTO public.river_outfitters (river_id, name, description, link, is_seed) VALUES ('pemi', 'Outback Kayak', 'Pemigewasset and Merrimack River trips, Lincoln NH', 'outbackkayak.com', true);
INSERT INTO public.rivers (id, state_key, name, county, length, class, optimal_cfs, usgs_gauge, avg_cfs, hist_flow, map_x, map_y, description, designations, sections, filter_flags) VALUES ('connecticut_nh', 'nh', 'Connecticut River', 'Grafton / Coos Co.', '270 mi', 'I–II', '2000–10000', '01138500', 6200, 5580, 845, 115, 'The longest river in New England forms the entire western border of New Hampshire. The Connecticut flows 270 miles along the NH/VT boundary through pastoral valley farmland, covered bridges, and Dartmouth College country. Class I–II paddling with big water volume and sweeping mountain views make this the premier multi-day canoe trip in northern New England.', 'Connecticut River National Blueway · Silvio O. Conte National Fish & Wildlife Refuge', ARRAY['Pittsburg to Lancaster — remote upper valley, moose country','Lancaster to Hanover — pastoral farmland, Dartmouth country','Hanover to Charlestown — Class I–II, covered bridges'], '{"ww":false,"scenic":true,"wild":false}') ON CONFLICT (id) DO NOTHING;
INSERT INTO public.river_history (river_id, era, year, title, body, source, sort_order) VALUES ('connecticut_nh', 'native', 'Pre-contact', 'Abenaki Highway — Kwenitekw (Long River)', 'The Connecticut River — ''Kwenitekw'' in Abenaki, meaning ''long river'' — was the central travel and trade corridor of the Western Abenaki. Villages lined both banks from the headwaters to southern New England. The river provided abundant salmon, shad, and lamprey runs that sustained communities for thousands of years.', 'Abenaki Nation; New Hampshire Historical Society', 0);
INSERT INTO public.river_history (river_id, era, year, title, body, source, sort_order) VALUES ('connecticut_nh', 'survey', '2012', 'America''s First National Blueway', 'The Connecticut River was designated America''s first National Blueway by the Department of the Interior in 2012, recognizing 410 miles of paddling heritage from the Canadian border to Long Island Sound.', 'Department of the Interior; Connecticut River Conservancy', 1);
INSERT INTO public.river_reviews (river_id, username, review_date, stars, body, is_seed) VALUES ('connecticut_nh', 'upper_valley_paddler', 'Jul 2025', 5, 'Three days from Woodsville to Hanover at 5,000 cfs — big gentle river, covered bridges, Dartmouth on the banks. Peak New England canoe tripping.', true);
INSERT INTO public.river_reviews (river_id, username, review_date, stars, body, is_seed) VALUES ('connecticut_nh', 'nh_vt_border_run', 'Aug 2025', 4, 'Lancaster section at 4,000 cfs — pastoral farmland, eagle sightings, and the White Mountains in the distance. Effortless paddling.', true);
INSERT INTO public.river_outfitters (river_id, name, description, link, is_seed) VALUES ('connecticut_nh', 'North Star Canoe Rentals', 'Connecticut River trips from Cornish NH, multi-day specialists', '', true);
INSERT INTO public.rivers (id, state_key, name, county, length, class, optimal_cfs, usgs_gauge, avg_cfs, hist_flow, map_x, map_y, description, designations, sections, filter_flags) VALUES ('merrimack', 'nh', 'Merrimack River', 'Hillsborough / Merrimack Co.', '117 mi', 'I–II', '1000–6000', '01092000', 3400, 3060, 845, 115, 'New Hampshire''s great central river flows 117 miles from Franklin through Concord and Manchester to the Massachusetts border. The Merrimack powered America''s textile revolution and has since recovered into one of southern New Hampshire''s best paddling corridors — Class I–II water through the state capital and the largest city in northern New England.', 'Merrimack River Watershed Council · New Hampshire Rivers Management Program', ARRAY['Franklin to Concord — Class I–II, upper valley','Concord to Manchester — Class I, capital city run','Manchester to Nashua — Class I–II, urban corridor'], '{"ww":false,"scenic":true,"wild":false}') ON CONFLICT (id) DO NOTHING;
INSERT INTO public.river_history (river_id, era, year, title, body, source, sort_order) VALUES ('merrimack', 'native', 'Pre-contact', 'Pennacook Homeland — Merrimack Valley', 'The Merrimack River valley was the homeland of the Pennacook Confederacy, an Abenaki-speaking people whose name means ''at the bottom of the hill.'' The Pennacook chief Passaconaway led the confederacy through early European contact. The river''s name derives from an Abenaki word meaning ''swift water place.''', 'New Hampshire Historical Society; Penacook Place', 0);
INSERT INTO public.river_history (river_id, era, year, title, body, source, sort_order) VALUES ('merrimack', 'logging', '1820–1920', 'Textile Revolution — America''s Industrial River', 'The Merrimack powered the American textile revolution. Mills at Lowell, Lawrence, and Manchester transformed the river into the most industrialized waterway in America. By the mid-20th century, the Merrimack was severely polluted — the Clean Water Act sparked a remarkable recovery.', 'Manchester Historic Association; Lowell NHP', 1);
INSERT INTO public.river_reviews (river_id, username, review_date, stars, body, is_seed) VALUES ('merrimack', 'concord_paddler', 'Jun 2025', 4, 'Concord to Hooksett at 2,500 cfs — paddled right past the State House dome. Class I riffles and recovering urban river. Surprisingly scenic.', true);
INSERT INTO public.river_reviews (river_id, username, review_date, stars, body, is_seed) VALUES ('merrimack', 'merrimack_comeback', 'Jul 2025', 4, 'Manchester section at 3,000 cfs — the old mill city looks great from the river. Eagles and osprey where there used to be nothing but pollution.', true);
INSERT INTO public.river_outfitters (river_id, name, description, link, is_seed) VALUES ('merrimack', 'Merrimack River Watershed Council', 'Guided paddles and access information, Concord NH', '', true);
INSERT INTO public.rivers (id, state_key, name, county, length, class, optimal_cfs, usgs_gauge, avg_cfs, hist_flow, map_x, map_y, description, designations, sections, filter_flags) VALUES ('swift_nh', 'nh', 'Swift River', 'Carroll Co.', '25 mi', 'I–III', '200–1200', '01064801', 420, 378, 845, 115, 'A White Mountain gem flowing alongside the Kancamagus Highway — one of America''s most scenic drives. The Swift River delivers Class I–III whitewater through pristine mountain forest with swimming holes, covered bridges, and granite gorges. Rocky Gorge and Lower Falls are iconic New Hampshire destinations.', 'White Mountain National Forest · Kancamagus Scenic Byway corridor', ARRAY['Bear Notch to Rocky Gorge — Class II–III, mountain headwaters','Rocky Gorge to Conway — Class I–II, lower valley run'], '{"ww":true,"scenic":true,"wild":false}') ON CONFLICT (id) DO NOTHING;
INSERT INTO public.river_history (river_id, era, year, title, body, source, sort_order) VALUES ('swift_nh', 'native', 'Pre-contact', 'Abenaki Travel Corridor — Kancamagus Pass', 'The Swift River valley served as an important Abenaki travel route through the White Mountains. The Kancamagus Highway follows this ancient path, named for the last sagamore of the Pennacook Confederacy who led resistance against English settlement in the 1680s.', 'White Mountain History Project; NH Historical Society', 0);
INSERT INTO public.river_history (river_id, era, year, title, body, source, sort_order) VALUES ('swift_nh', 'logging', '1870–1910', 'Swift River Railroad — Harvesting the White Mountains', 'A logging railroad ran up the Swift River valley, clear-cutting the mountain slopes. The devastating fires that followed prompted creation of the White Mountain National Forest in 1918, preserving the watershed for future generations.', 'USFS White Mountain NF; Conway Historical Society', 1);
INSERT INTO public.river_reviews (river_id, username, review_date, stars, body, is_seed) VALUES ('swift_nh', 'kanc_kayaker', 'May 2025', 5, 'Bear Notch to Albany at 600 cfs after rain — continuous Class II–III with Kancamagus scenery. Swimming at Lower Falls afterward. Perfect White Mountain day.', true);
INSERT INTO public.river_reviews (river_id, username, review_date, stars, body, is_seed) VALUES ('swift_nh', 'swift_swimmer', 'Jul 2025', 4, 'Rocky Gorge section at 400 cfs — granite swimming holes and easy rapids. Families everywhere but still beautiful.', true);
INSERT INTO public.river_outfitters (river_id, name, description, link, is_seed) VALUES ('swift_nh', 'Saco Bound', 'Swift River access and White Mountain paddle trips', '', true);
INSERT INTO public.rivers (id, state_key, name, county, length, class, optimal_cfs, usgs_gauge, avg_cfs, hist_flow, map_x, map_y, description, designations, sections, filter_flags) VALUES ('ellis', 'nh', 'Ellis River', 'Coos Co.', '15 mi', 'II–III', '200–800', '01064801', 280, 252, 845, 115, 'A compact White Mountain whitewater run through the covered bridge village of Jackson, New Hampshire. The Ellis River delivers Class II–III rapids through granite-walled channels with views of Wildcat Mountain and the Presidential Range. Historic covered bridges span the river at several points — Jackson''s Honeymoon Bridge is one of the most photographed in New England.', 'White Mountain National Forest · Jackson NH Covered Bridge corridor', ARRAY['Pinkham Notch to Jackson — Class II–III, mountain run','Jackson to Glen — Class I–II, covered bridge section'], '{"ww":true,"scenic":true,"wild":false}') ON CONFLICT (id) DO NOTHING;
INSERT INTO public.river_history (river_id, era, year, title, body, source, sort_order) VALUES ('ellis', 'native', 'Pre-contact', 'Abenaki Mountain Corridor', 'The Ellis River valley was an Abenaki travel route through the Presidential Range. The steep granite gorges provided seasonal fishing camps where brook trout gathered in cold mountain pools.', 'NH Historical Society; White Mountain History Project', 0);
INSERT INTO public.river_history (river_id, era, year, title, body, source, sort_order) VALUES ('ellis', 'modern', '2011', 'Tropical Storm Irene — Devastating Floods', 'Tropical Storm Irene in August 2011 turned the Ellis River into a destructive torrent, washing out roads and covered bridges in Jackson. The flood reshaped the river channel and prompted major flood resilience investments in the village.', 'Town of Jackson; NH DES', 1);
INSERT INTO public.river_reviews (river_id, username, review_date, stars, body, is_seed) VALUES ('ellis', 'jackson_local', 'May 2025', 5, 'Pinkham to Jackson at 500 cfs — steep Class III drops with covered bridges and mountain views. Short but intense White Mountain paddling.', true);
INSERT INTO public.river_reviews (river_id, username, review_date, stars, body, is_seed) VALUES ('ellis', 'ww_new_england', 'Apr 2025', 4, 'Spring melt at 700 cfs — continuous Class II–III through granite. Cold water, fast action. Bring a drysuit in April.', true);
INSERT INTO public.river_outfitters (river_id, name, description, link, is_seed) VALUES ('ellis', 'Jackson Ski Touring Foundation', 'Local river access info and seasonal conditions, Jackson NH', '', true);
INSERT INTO public.rivers (id, state_key, name, county, length, class, optimal_cfs, usgs_gauge, avg_cfs, hist_flow, map_x, map_y, description, designations, sections, filter_flags) VALUES ('contoocook', 'nh', 'Contoocook River', 'Hillsborough / Merrimack Co.', '80 mi', 'I–II', '200–1200', '01089000', 620, 558, 845, 115, 'Central New Hampshire''s classic canoe river flows 80 miles through covered bridge country from Jaffrey to the Merrimack. The Contoocook passes through quintessential New England — white steepled churches, stone walls, and eight covered bridges including the last remaining Contoocook Railroad Bridge. Gentle Class I–II water perfect for family paddling.', 'New Hampshire Rivers Management Program · Covered Bridge Scenic Byway', ARRAY['Jaffrey to Peterborough — Class I, upper headwaters','Peterborough to Henniker — Class I–II, covered bridge corridor','Henniker to Penacook — Class I, lower river to Merrimack confluence'], '{"ww":false,"scenic":true,"wild":false}') ON CONFLICT (id) DO NOTHING;
INSERT INTO public.river_history (river_id, era, year, title, body, source, sort_order) VALUES ('contoocook', 'native', 'Pre-contact', 'Pennacook Territory — Central New Hampshire', 'The Contoocook River valley was Pennacook territory. The name derives from an Abenaki word meaning ''nut trees river'' or ''river of the pines.'' The Pennacook used the gentle river as a travel and fishing corridor through central New Hampshire.', 'NH Historical Society; Henniker Historical Society', 0);
INSERT INTO public.river_history (river_id, era, year, title, body, source, sort_order) VALUES ('contoocook', 'modern', '2004', 'Contoocook River Greenway — Conservation Corridor', 'Local conservation groups established the Contoocook River Greenway to protect riparian habitat and public access along the river, preserving eight covered bridges and numerous put-in points for paddlers.', 'Contoocook River Local Advisory Committee; NH DES', 1);
INSERT INTO public.river_reviews (river_id, username, review_date, stars, body, is_seed) VALUES ('contoocook', 'nh_covered_bridge', 'Jun 2025', 5, 'Peterborough to Henniker at 400 cfs — paddled under four covered bridges in one day. Gentle current, beautiful New England scenery. Family favorite.', true);
INSERT INTO public.river_reviews (river_id, username, review_date, stars, body, is_seed) VALUES ('contoocook', 'contoocook_local', 'Jul 2025', 4, 'Henniker section at 300 cfs — easy Class I through farm country. Stopped at the Railroad Bridge for lunch. Classic central NH.', true);
INSERT INTO public.river_outfitters (river_id, name, description, link, is_seed) VALUES ('contoocook', 'Contoocook River Canoe Company', 'Canoe and kayak rentals, Henniker NH', '', true);
INSERT INTO public.rivers (id, state_key, name, county, length, class, optimal_cfs, usgs_gauge, avg_cfs, hist_flow, map_x, map_y, description, designations, sections, filter_flags) VALUES ('west_river', 'vt', 'West River', 'Windham Co.', '36 mi', 'II–IV', '400–1500', '01155500', 680, 610, 835, 125, 'Vermont''s premier dam-release whitewater classic. The West River below Ball Mountain Dam delivers powerful Class II–IV rapids during scheduled fall releases that draw paddlers from across the Northeast. The annual West River Race is one of the oldest whitewater competitions in America.', 'Army Corps Ball Mountain Dam Recreation Area · Vermont Scenic River candidate', ARRAY['Ball Mountain Dam to Jamaica — Class III–IV, the release run','Jamaica to Brattleboro — Class I–II, lower river'], '{"ww":true,"scenic":false}') ON CONFLICT (id) DO NOTHING;
INSERT INTO public.river_history (river_id, era, year, title, body, source, sort_order) VALUES ('west_river', 'native', 'Pre-contact', 'Abenaki Territory — Connecticut River Tributary', 'The West River watershed was Western Abenaki territory. The river served as a travel route from the Green Mountains to the Connecticut River valley.', 'Vermont Historical Society; Abenaki Heritage Commission', 0);
INSERT INTO public.river_history (river_id, era, year, title, body, source, sort_order) VALUES ('west_river', 'modern', '1979', 'West River Race — New England Whitewater Institution', 'The West River Race, held during scheduled dam releases, became one of the defining events of northeastern whitewater culture. Paddlers from six states converge for the fall releases.', 'American Whitewater; Vermont Paddlers Club', 1);
INSERT INTO public.river_reviews (river_id, username, review_date, stars, body, is_seed) VALUES ('west_river', 'vt_ww_classic', 'Sep 2025', 5, 'West River release at 1,200 cfs — Jamaica section was firing. Class III–IV waves big enough to surf. The fall classic.', true);
INSERT INTO public.river_reviews (river_id, username, review_date, stars, body, is_seed) VALUES ('west_river', 'northeast_kayaker', 'Oct 2025', 4, 'Fall release weekend at 900 cfs — perfect intermediate run with peak Vermont foliage on every bank.', true);
INSERT INTO public.river_outfitters (river_id, name, description, link, is_seed) VALUES ('west_river', 'Vermont Canoe & Kayak', 'West River release weekends, rentals and shuttles', 'vermontcanoe.com', true);
INSERT INTO public.rivers (id, state_key, name, county, length, class, optimal_cfs, usgs_gauge, avg_cfs, hist_flow, map_x, map_y, description, designations, sections, filter_flags) VALUES ('lamoille', 'vt', 'Lamoille River', 'Lamoille Co.', '85 mi', 'I–III', '400–2000', '04292000', 1400, 1260, 835, 125, 'Vermont''s best all-around paddling river. The Lamoille flows 85 miles from the Green Mountains to Lake Champlain through quintessential Vermont — covered bridges, dairy farms, and forested gorges. The Fairfax Gorge section delivers Class III whitewater in a spectacular setting.', 'Vermont Rivers Management Program · Green Mountain National Forest (headwaters)', ARRAY['Morrisville to Johnson — Class I–II, mountain valley','Johnson to Fairfax — Class II–III, Fairfax Gorge'], '{"ww":true,"scenic":true}') ON CONFLICT (id) DO NOTHING;
INSERT INTO public.river_history (river_id, era, year, title, body, source, sort_order) VALUES ('lamoille', 'native', 'Pre-contact', 'Western Abenaki — Green Mountain Corridor', 'The Lamoille River valley was an important Western Abenaki travel corridor connecting the Green Mountains to Lake Champlain. The river name may derive from the French ''la mouette'' (seagull).', 'Vermont Historical Society; Abenaki Heritage Commission', 0);
INSERT INTO public.river_history (river_id, era, year, title, body, source, sort_order) VALUES ('lamoille', 'modern', '2011', 'Hurricane Irene — Transforming Vermont Rivers', 'Tropical Storm Irene in August 2011 caused catastrophic flooding on the Lamoille and nearly every Vermont river, destroying bridges and roads. The flood reshaped river channels and led to major investments in flood resilience across the state.', 'Vermont Agency of Natural Resources; USGS', 1);
INSERT INTO public.river_documents (river_id, title, source, year, doc_type, pages, url) VALUES ('lamoille', 'Lamoille River Corridor Assessment', 'VT ANR', 2014, 'Survey', 110, 'https://dec.vermont.gov/sites/dec/files/wsm/mapp/docs/pl_basin7.finalplan.pdf');
INSERT INTO public.river_reviews (river_id, username, review_date, stars, body, is_seed) VALUES ('lamoille', 'vt_river_paddler', 'Jun 2025', 5, 'Morrisville to Johnson at 1,000 cfs — covered bridges, dairy farms, Green Mountain views. Vermont in a canoe.', true);
INSERT INTO public.river_reviews (river_id, username, review_date, stars, body, is_seed) VALUES ('lamoille', 'fairfax_gorge_fan', 'May 2025', 4, 'Fairfax Gorge at 1,400 cfs — legitimate Class III whitewater in a beautiful gorge. Best spring run in Vermont.', true);
INSERT INTO public.river_outfitters (river_id, name, description, link, is_seed) VALUES ('lamoille', 'Umiak Outdoor Outfitters', 'Lamoille River canoe and kayak trips, Stowe', 'umiak.com', true);
INSERT INTO public.rivers (id, state_key, name, county, length, class, optimal_cfs, usgs_gauge, avg_cfs, hist_flow, map_x, map_y, description, designations, sections, filter_flags) VALUES ('white_vt', 'vt', 'White River', 'Windsor / Orange Co.', '55 mi', 'I–III', '400–2500', '01144000', 1100, 990, 835, 125, 'Vermont''s best all-around paddling river, flowing 55 miles through the Green Mountain foothills past covered bridges, hill farms, and classic New England villages. The White River delivers everything from gentle Class I floats to pushy Class III whitewater depending on section and flow.', 'Green Mountain National Forest (headwaters) · Vermont Scenic River candidate', ARRAY['Granville to Rochester — Class II–III, mountain headwaters','Rochester to Bethel — Class I–II, covered bridge country'], '{"ww":true,"scenic":true}') ON CONFLICT (id) DO NOTHING;
INSERT INTO public.river_history (river_id, era, year, title, body, source, sort_order) VALUES ('white_vt', 'native', 'Pre-contact', 'Western Abenaki — Green Mountain Interior', 'The White River valley was an important Western Abenaki corridor connecting the Green Mountains to the Connecticut River. The watershed provided seasonal fishing and hunting grounds. Rogers'' Rangers devastated Abenaki settlements in the valley during the 1759 raid on Odanak.', 'Vermont Historical Society; Abenaki Heritage Commission', 0);
INSERT INTO public.river_history (river_id, era, year, title, body, source, sort_order) VALUES ('white_vt', 'modern', '2011', 'Hurricane Irene — Catastrophic Flooding', 'Tropical Storm Irene in August 2011 turned the White River into a destructive torrent, washing out Route 107 and devastating towns along its course. The flood reshaped the river channel and spurred major investments in Vermont flood resilience.', 'Vermont Agency of Natural Resources; USGS', 1);
INSERT INTO public.river_documents (river_id, title, source, year, doc_type, pages, url) VALUES ('white_vt', 'White River Watershed Assessment', 'White River Partnership', 2015, 'Ecology', 125, 'https://dec.vermont.gov/sites/dec/files/documents/mp_WaterQualityAssessmentReport_Basin9_WhiteRiver_2016-12.pdf');
INSERT INTO public.river_reviews (river_id, username, review_date, stars, body, is_seed) VALUES ('white_vt', 'vt_paddler_life', 'May 2025', 5, 'Rochester to Bethel at 900 cfs — covered bridges, dairy farms, Green Mountain views. The quintessential Vermont paddle.', true);
INSERT INTO public.river_reviews (river_id, username, review_date, stars, body, is_seed) VALUES ('white_vt', 'white_river_local', 'Jun 2025', 4, 'Granville section at 1,400 cfs after rain — pushy Class III with mountain scenery. Best spring run in central Vermont.', true);
INSERT INTO public.river_outfitters (river_id, name, description, link, is_seed) VALUES ('white_vt', 'Clearwater Sports', 'White River canoe and kayak rentals, Waitsfield', 'clearwatersports.com', true);
INSERT INTO public.river_outfitters (river_id, name, description, link, is_seed) VALUES ('white_vt', 'Umiak Outdoor Outfitters', 'Multi-river Vermont trips including the White', 'umiak.com', true);
INSERT INTO public.rivers (id, state_key, name, county, length, class, optimal_cfs, usgs_gauge, avg_cfs, hist_flow, map_x, map_y, description, designations, sections, filter_flags) VALUES ('winooski', 'vt', 'Winooski River', 'Washington / Chittenden Co.', '90 mi', 'I–III', '500–4000', '04289000', 1800, 1620, 835, 125, 'Vermont''s most dynamic river flows 90 miles from Cabot through Montpelier and the Green Mountains to Lake Champlain at Burlington. The Winooski carves through dramatic gorges with Class I–III rapids, passing the state capital and Vermont''s largest city. The river''s recovery from severe industrial pollution is one of New England''s great environmental success stories.', 'Vermont Rivers Management Program · Winooski Valley Park District', ARRAY['Montpelier to Waterbury — Class I–II, capital corridor','Waterbury to Bolton — Class II–III, Green Mountain gorges','Bolton to Burlington — Class I–II, Lake Champlain approach'], '{"ww":true,"scenic":true}') ON CONFLICT (id) DO NOTHING;
INSERT INTO public.river_history (river_id, era, year, title, body, source, sort_order) VALUES ('winooski', 'native', 'Pre-contact', 'Western Abenaki — Winooskituk (Onion River)', 'The Winooski — ''Winooskituk'' in Abenaki, meaning ''wild onion river'' for the leeks growing along its banks — was a critical Western Abenaki travel corridor through the Green Mountains to Lake Champlain. The river provided passage between the Connecticut River valley and Champlain lowlands.', 'Vermont Historical Society; Abenaki Heritage Commission', 0);
INSERT INTO public.river_history (river_id, era, year, title, body, source, sort_order) VALUES ('winooski', 'modern', '2011', 'Hurricane Irene — Montpelier Underwater', 'Tropical Storm Irene in August 2011 caused catastrophic flooding on the Winooski, inundating downtown Montpelier under several feet of water. The flood caused over $100 million in damage and fundamentally reshaped Vermont''s approach to flood resilience.', 'Vermont Agency of Natural Resources; USGS', 1);
INSERT INTO public.river_reviews (river_id, username, review_date, stars, body, is_seed) VALUES ('winooski', 'vt_capital_paddler', 'Jun 2025', 5, 'Waterbury to Bolton at 1,500 cfs — Class II–III through gorgeous Green Mountain gorges. Best whitewater day trip near Burlington.', true);
INSERT INTO public.river_reviews (river_id, username, review_date, stars, body, is_seed) VALUES ('winooski', 'winooski_local', 'Jul 2025', 4, 'Montpelier section at 800 cfs — paddled past the golden dome of the State House. Urban paddling Vermont-style.', true);
INSERT INTO public.river_outfitters (river_id, name, description, link, is_seed) VALUES ('winooski', 'Umiak Outdoor Outfitters', 'Winooski River trips and rentals, Stowe area', '', true);
INSERT INTO public.rivers (id, state_key, name, county, length, class, optimal_cfs, usgs_gauge, avg_cfs, hist_flow, map_x, map_y, description, designations, sections, filter_flags) VALUES ('battenkill', 'vt', 'Battenkill', 'Bennington Co.', '59 mi', 'I–II', '200–1000', '01334500', 480, 432, 835, 125, 'The legendary Battenkill is America''s most storied fly fishing river — home to Orvis headquarters in Manchester, Vermont since 1856. Crystal-clear water flows through covered bridges, marble quarry country, and the Taconic Mountains. Class I–II paddling through pastoral Vermont at its finest, with wild brown and brook trout visible in the gin-clear water.', 'Vermont Scenic River candidate · Battenkill Conservancy', ARRAY['Manchester to Arlington — Class I–II, Orvis country','Arlington to NY border — Class I, lower valley run'], '{"ww":false,"scenic":true}') ON CONFLICT (id) DO NOTHING;
INSERT INTO public.river_history (river_id, era, year, title, body, source, sort_order) VALUES ('battenkill', 'native', 'Pre-contact', 'Mahican Territory — Taconic Foothills', 'The Battenkill valley was Mahican territory, part of the broader Algonquian-speaking peoples of the Taconic and Green Mountain foothills. The river provided abundant fishing and the valley served as a travel corridor between the Hudson and Connecticut River watersheds.', 'Vermont Historical Society; Bennington Museum', 0);
INSERT INTO public.river_history (river_id, era, year, title, body, source, sort_order) VALUES ('battenkill', 'modern', '1856', 'Orvis — America''s Fly Fishing Heritage', 'Charles F. Orvis founded the Orvis Company in Manchester, Vermont in 1856, establishing the Battenkill as the spiritual home of American fly fishing. The Orvis rod shop and American Museum of Fly Fishing remain in Manchester today.', 'Orvis Company; American Museum of Fly Fishing', 1);
INSERT INTO public.river_reviews (river_id, username, review_date, stars, body, is_seed) VALUES ('battenkill', 'battenkill_angler', 'Jun 2025', 5, 'Manchester to Arlington at 350 cfs — crystal water over marble and gravel. Caught three wild browns on dries. The most beautiful trout stream in America.', true);
INSERT INTO public.river_reviews (river_id, username, review_date, stars, body, is_seed) VALUES ('battenkill', 'vt_scenic_paddler', 'Jul 2025', 4, 'Canoed the Arlington section at 300 cfs — covered bridges, dairy farms, Norman Rockwell country. Idyllic Vermont.', true);
INSERT INTO public.river_outfitters (river_id, name, description, link, is_seed) VALUES ('battenkill', 'Battenkill Canoe', 'Battenkill canoe trips and inn-to-inn paddling, Arlington VT', '', true);
INSERT INTO public.rivers (id, state_key, name, county, length, class, optimal_cfs, usgs_gauge, avg_cfs, hist_flow, map_x, map_y, description, designations, sections, filter_flags) VALUES ('missisquoi', 'vt', 'Missisquoi River', 'Orleans / Franklin Co.', '80 mi', 'I–II', '300–2000', '04294000', 1200, 1080, 835, 125, 'Northern Vermont''s great canoe river flows 80 miles through the Northeast Kingdom and into Lake Champlain. The Missisquoi winds through remote dairy country, covered bridges, and the Missisquoi National Wildlife Refuge — one of the finest birding destinations in New England. Class I–II water with a genuine sense of northern wilderness.', 'Missisquoi National Wildlife Refuge · Vermont Rivers Management Program', ARRAY['Lowell to Troy — Class I–II, Northeast Kingdom headwaters','Troy to Richford — Class I, border country','Richford to Swanton — Class I, wildlife refuge approach'], '{"ww":false,"scenic":true}') ON CONFLICT (id) DO NOTHING;
INSERT INTO public.river_history (river_id, era, year, title, body, source, sort_order) VALUES ('missisquoi', 'native', 'Pre-contact', 'Western Abenaki — Mazipskwik (Flint Place)', 'The Missisquoi — ''Mazipskwik'' in Abenaki, meaning ''place of the flint'' — was a vital Western Abenaki homeland. The Missisquoi Abenaki maintained year-round settlements at the river''s mouth on Lake Champlain. The tribe continues to seek federal recognition today.', 'Missisquoi Abenaki Tribe; Vermont Historical Society', 0);
INSERT INTO public.river_history (river_id, era, year, title, body, source, sort_order) VALUES ('missisquoi', 'modern', '1943', 'Missisquoi National Wildlife Refuge', 'The U.S. Fish & Wildlife Service established the Missisquoi NWR at the river''s delta on Lake Champlain, protecting 6,729 acres of wetland habitat critical to migratory waterfowl on the Atlantic Flyway.', 'USFWS Missisquoi NWR; Vermont Audubon', 1);
INSERT INTO public.river_reviews (river_id, username, review_date, stars, body, is_seed) VALUES ('missisquoi', 'kingdom_paddler', 'Jul 2025', 5, 'Richford to Swanton at 800 cfs — two days through dairy country to the wildlife refuge. Great blue herons everywhere. Northern Vermont at its finest.', true);
INSERT INTO public.river_reviews (river_id, username, review_date, stars, body, is_seed) VALUES ('missisquoi', 'birder_paddler_vt', 'Jun 2025', 4, 'Missisquoi delta section — osprey, bitterns, and nesting bald eagles. Best birding paddle in Vermont.', true);
INSERT INTO public.river_outfitters (river_id, name, description, link, is_seed) VALUES ('missisquoi', 'Vermont Canoe & Kayak', 'Missisquoi River trips and northern Vermont paddling', '', true);
INSERT INTO public.rivers (id, state_key, name, county, length, class, optimal_cfs, usgs_gauge, avg_cfs, hist_flow, map_x, map_y, description, designations, sections, filter_flags) VALUES ('mad_vt', 'vt', 'Mad River', 'Washington Co.', '30 mi', 'I–III', '200–1200', '04288000', 380, 342, 835, 125, 'A Green Mountain classic flowing through the Mad River Valley — home to Sugarbush and Mad River Glen ski areas. The Mad River delivers Class I–III whitewater through covered bridges and ski country. Warren and Waitsfield anchor a valley that''s equal parts ski culture and river tradition. The annual Mad Dash canoe race is a spring institution.', 'Green Mountain National Forest (headwaters) · Vermont Rivers Management Program', ARRAY['Warren to Waitsfield — Class II–III, mountain run','Waitsfield to Moretown — Class I–II, valley section'], '{"ww":true,"scenic":true}') ON CONFLICT (id) DO NOTHING;
INSERT INTO public.river_history (river_id, era, year, title, body, source, sort_order) VALUES ('mad_vt', 'native', 'Pre-contact', 'Western Abenaki — Green Mountain Interior', 'The Mad River valley was Western Abenaki territory, used as a seasonal hunting and fishing corridor through the Green Mountains. The steep valley provided shelter and abundant brook trout.', 'Vermont Historical Society; Abenaki Heritage Commission', 0);
INSERT INTO public.river_history (river_id, era, year, title, body, source, sort_order) VALUES ('mad_vt', 'modern', '2011', 'Hurricane Irene — Valley Devastation', 'Tropical Storm Irene devastated the Mad River Valley in August 2011, destroying roads, bridges, and homes along the river corridor. The flood reshaped the channel and prompted a complete rethinking of floodplain management in the valley.', 'Town of Waitsfield; Vermont Agency of Natural Resources', 1);
INSERT INTO public.river_reviews (river_id, username, review_date, stars, body, is_seed) VALUES ('mad_vt', 'mad_river_local', 'May 2025', 5, 'Warren to Waitsfield at 600 cfs after spring rain — Class II–III through covered bridges with ski trails visible on the ridgeline. Peak Vermont.', true);
INSERT INTO public.river_reviews (river_id, username, review_date, stars, body, is_seed) VALUES ('mad_vt', 'vt_ww_spring', 'Apr 2025', 4, 'Spring melt at 900 cfs — continuous Class III through the gorge section. Cold but worth it. Mad River Glen was still open on the mountain above.', true);
INSERT INTO public.river_outfitters (river_id, name, description, link, is_seed) VALUES ('mad_vt', 'Clearwater Sports', 'Mad River Valley paddle trips and rentals, Waitsfield', '', true);
INSERT INTO public.rivers (id, state_key, name, county, length, class, optimal_cfs, usgs_gauge, avg_cfs, hist_flow, map_x, map_y, description, designations, sections, filter_flags) VALUES ('otter_creek', 'vt', 'Otter Creek', 'Rutland / Addison Co.', '112 mi', 'I', '200–1500', '04282000', 860, 774, 835, 125, 'Vermont''s longest river at 112 miles, flowing north through the Champlain Valley from Dorset to Lake Champlain at Ferrisburgh. Otter Creek is the quintessential Vermont flatwater paddle — gentle Class I current through dairy farms, covered bridges, and the historic marble city of Rutland. The creek''s extensive wetlands support exceptional wildlife habitat.', 'Otter Creek Natural Area · Vermont Rivers Management Program', ARRAY['Rutland to Brandon — Class I, marble country','Brandon to Middlebury — Class I, college town approach','Middlebury to Vergennes — Class I, Lake Champlain lowlands'], '{"ww":false,"scenic":true}') ON CONFLICT (id) DO NOTHING;
INSERT INTO public.river_history (river_id, era, year, title, body, source, sort_order) VALUES ('otter_creek', 'native', 'Pre-contact', 'Western Abenaki — Champlain Valley Corridor', 'Otter Creek''s broad valley was an important Western Abenaki travel and settlement corridor in the Champlain lowlands. The creek''s extensive marshes provided rich fishing, waterfowl hunting, and wild rice harvesting grounds.', 'Vermont Historical Society; Lake Champlain Maritime Museum', 0);
INSERT INTO public.river_history (river_id, era, year, title, body, source, sort_order) VALUES ('otter_creek', 'logging', '1840–1900', 'Vermont Marble — Otter Creek Industry', 'The marble quarries of Rutland and Proctor made Otter Creek the center of Vermont''s marble industry. Vermont marble built the U.S. Supreme Court building and the Lincoln Memorial. The quarry heritage shapes the landscape along the creek today.', 'Vermont Marble Museum; Rutland Historical Society', 1);
INSERT INTO public.river_reviews (river_id, username, review_date, stars, body, is_seed) VALUES ('otter_creek', 'vt_flatwater_paddler', 'Jun 2025', 5, 'Brandon to Middlebury at 500 cfs — gentle current through dairy farms with Green Mountain views. Stopped at Middlebury Falls for lunch. Classic Vermont.', true);
INSERT INTO public.river_reviews (river_id, username, review_date, stars, body, is_seed) VALUES ('otter_creek', 'otter_creek_birder', 'Jul 2025', 4, 'Lower section through the wetlands — great blue herons, osprey, and beaver lodges. Best flatwater birding paddle in Vermont.', true);
INSERT INTO public.river_outfitters (river_id, name, description, link, is_seed) VALUES ('otter_creek', 'Vermont Canoe & Kayak', 'Otter Creek paddle trips from Middlebury', '', true);
INSERT INTO public.rivers (id, state_key, name, county, length, class, optimal_cfs, usgs_gauge, avg_cfs, hist_flow, map_x, map_y, description, designations, sections, filter_flags) VALUES ('housatonic', 'ct', 'Housatonic River', 'Litchfield Co.', '139 mi', 'I–III', '400–2000', '01199000', 2200, 1980, 830, 195, 'Western Connecticut''s premier paddling river. The Housatonic flows through the Litchfield Hills with Class I–III rapids, covered bridges, and the dramatic Bull''s Bridge gorge — one of New England''s most iconic whitewater runs. The upper river in Massachusetts is flat and pastoral; the Connecticut sections deliver the action.', 'Bull''s Bridge Recreation Area · Appalachian Trail corridor · Connecticut Scenic River', ARRAY['Bull''s Bridge Gorge — Class III, signature whitewater','Kent to Cornwall Bridge — Class I–II, covered bridge country'], '{"ww":true,"scenic":true}') ON CONFLICT (id) DO NOTHING;
INSERT INTO public.river_history (river_id, era, year, title, body, source, sort_order) VALUES ('housatonic', 'native', 'Pre-contact', 'Schaghticoke and Mohican Territory', 'The Housatonic valley was Schaghticoke and Mohican territory. The Schaghticoke Tribal Nation maintains a reservation at the confluence of the Housatonic and Ten Mile River in Kent — one of the oldest continuously inhabited sites in Connecticut.', 'Schaghticoke Tribal Nation; Connecticut Historical Society', 0);
INSERT INTO public.river_history (river_id, era, year, title, body, source, sort_order) VALUES ('housatonic', 'modern', '2000', 'GE PCB Cleanup — New England''s Largest Superfund Project', 'The Housatonic has been the subject of one of New England''s largest environmental cleanups after General Electric discharged PCBs from its Pittsfield, MA plant for decades. The EPA-ordered restoration continues today.', 'EPA Housatonic River Site; CT DEEP', 1);
INSERT INTO public.river_documents (river_id, title, source, year, doc_type, pages, url) VALUES ('housatonic', 'Housatonic River Watershed Management Plan', 'Housatonic Valley Association', 2012, 'Ecology', 160, 'https://rivers.gov/sites/rivers/files/2023-01/housatonic-study.pdf');
INSERT INTO public.river_reviews (river_id, username, review_date, stars, body, is_seed) VALUES ('housatonic', 'litchfield_paddler', 'May 2025', 5, 'Bull''s Bridge at 1,200 cfs — Class III gorge with the covered bridge above you. Connecticut''s best whitewater day.', true);
INSERT INTO public.river_reviews (river_id, username, review_date, stars, body, is_seed) VALUES ('housatonic', 'ct_scenic_paddler', 'Jun 2025', 4, 'Kent to Cornwall at 800 cfs — pastoral perfection. Covered bridges and Litchfield Hills scenery.', true);
INSERT INTO public.river_outfitters (river_id, name, description, link, is_seed) VALUES ('housatonic', 'Clarke Outdoors', 'Housatonic canoe and kayak since 1978, West Cornwall', 'clarkeoutdoors.com', true);
INSERT INTO public.rivers (id, state_key, name, county, length, class, optimal_cfs, usgs_gauge, avg_cfs, hist_flow, map_x, map_y, description, designations, sections, filter_flags) VALUES ('farmington', 'ct', 'Farmington River', 'Hartford Co.', '81 mi', 'I–III', '200–1000', '01189995', 680, 610, 830, 195, 'The upper Farmington is Connecticut''s only National Wild and Scenic River — 14 miles of dam-release whitewater and world-class fly fishing through the Farmington Valley. The Tariffville Gorge section delivers Class III rapids minutes from Hartford, making it the most accessible serious paddling in the state.', 'National Wild & Scenic River (upper, 1994) · Connecticut Blue-Blazed Trail', ARRAY['Upper Farmington — Class I–III, Wild & Scenic section','Tariffville Gorge — Class III, Hartford-area whitewater'], '{"ww":true,"scenic":true}') ON CONFLICT (id) DO NOTHING;
INSERT INTO public.river_history (river_id, era, year, title, body, source, sort_order) VALUES ('farmington', 'native', 'Pre-contact', 'Tunxis Territory — Farmington Valley', 'The Farmington River valley was Tunxis territory. The town of Farmington was established on a Tunxis village site. The Tunxis used the river for fishing, particularly the annual shad runs.', 'Connecticut Historical Society; Farmington Historical Society', 0);
INSERT INTO public.river_history (river_id, era, year, title, body, source, sort_order) VALUES ('farmington', 'survey', '1994', 'National Wild & Scenic Designation — Upper Farmington', 'Congress designated the upper 14 miles of the Farmington as a National Wild & Scenic River in 1994, protecting the premier trout stream and paddling corridor in Connecticut.', 'NPS; Farmington River Watershed Association', 1);
INSERT INTO public.river_documents (river_id, title, source, year, doc_type, pages, url) VALUES ('farmington', 'Farmington River Wild & Scenic Management Plan', 'Farmington River Coordinating Committee', 2011, 'Federal', 88, 'https://rivers.gov/carp/apps/sites/rivers/files/documents/plans/farmington-upper-plan.pdf');
INSERT INTO public.river_reviews (river_id, username, review_date, stars, body, is_seed) VALUES ('farmington', 'ct_fly_paddle', 'Jun 2025', 5, 'Upper Farmington at 400 cfs — Wild & Scenic section with brown trout rising everywhere. Paddled and fished the same day.', true);
INSERT INTO public.river_reviews (river_id, username, review_date, stars, body, is_seed) VALUES ('farmington', 'tariffville_regular', 'Apr 2025', 4, 'Tariffville Gorge at 700 cfs — real Class III whitewater 20 minutes from Hartford. After-work sessions all spring.', true);
INSERT INTO public.river_outfitters (river_id, name, description, link, is_seed) VALUES ('farmington', 'Collinsville Canoe & Kayak', 'Farmington River rentals and lessons, Canton', 'collinsvillecanoe.com', true);
INSERT INTO public.rivers (id, state_key, name, county, length, class, optimal_cfs, usgs_gauge, avg_cfs, hist_flow, map_x, map_y, description, designations, sections, filter_flags) VALUES ('connecticut', 'ct', 'Connecticut River', 'Hartford / Middlesex Co.', '410 mi', 'I–II', '5000–25000', '01184000', 16000, 14400, 830, 195, 'The longest river in New England at 410 miles, flowing from the Canadian border to Long Island Sound. The Connecticut River defines the state that bears its name, offering broad Class I–II paddling through tidelands, riverside farms, and historic river towns from Hartford to the sea.', 'Connecticut River National Blueway · Silvio O. Conte National Fish & Wildlife Refuge', ARRAY['Hartford to Middletown — Class I, tidal freshwater','Middletown to Old Saybrook — Class I, tidelands to Long Island Sound'], '{"ww":false,"scenic":true}') ON CONFLICT (id) DO NOTHING;
INSERT INTO public.river_history (river_id, era, year, title, body, source, sort_order) VALUES ('connecticut', 'native', 'Pre-contact', 'Algonquian Homeland — Quinatucquet (Long Tidal River)', 'The Connecticut River takes its name from the Mohegan-Pequot word ''Quinatucquet'' meaning ''beside the long tidal river.'' Numerous Algonquian peoples including the Wangunk, Mattabesett, and Podunk inhabited the Connecticut valley for thousands of years.', 'Connecticut Historical Society; Mashantucket Pequot Museum', 0);
INSERT INTO public.river_history (river_id, era, year, title, body, source, sort_order) VALUES ('connecticut', 'survey', '2012', 'Connecticut River National Blueway — First in America', 'The Connecticut River was designated America''s first National Blueway in 2012, recognizing 410 miles of paddling heritage from the Canadian border to Long Island Sound.', 'Department of the Interior; Connecticut River Conservancy', 1);
INSERT INTO public.river_reviews (river_id, username, review_date, stars, body, is_seed) VALUES ('connecticut', 'ct_river_paddler', 'Jun 2025', 5, 'Hartford to Middletown at 12,000 cfs — big wide river, osprey everywhere, historic river towns on every bend. Iconic New England paddling.', true);
INSERT INTO public.river_reviews (river_id, username, review_date, stars, body, is_seed) VALUES ('connecticut', 'tidelands_kayaker', 'Jul 2025', 4, 'Essex to Old Saybrook on the tide — salt marsh, herons, Long Island Sound. Bring a tide chart and sunscreen.', true);
INSERT INTO public.river_outfitters (river_id, name, description, link, is_seed) VALUES ('connecticut', 'Hurd State Park Canoe/Kayak', 'Connecticut River access and camping, East Hampton', 'ct.gov/deep', true);
INSERT INTO public.river_outfitters (river_id, name, description, link, is_seed) VALUES ('connecticut', 'Connecticut River Expeditions', 'Guided paddle tours, Essex', 'ctriverquest.com', true);
INSERT INTO public.rivers (id, state_key, name, county, length, class, optimal_cfs, usgs_gauge, avg_cfs, hist_flow, map_x, map_y, description, designations, sections, filter_flags) VALUES ('salmon_ct', 'ct', 'Salmon River', 'Middlesex Co.', '21 mi', 'I–II', '100–600', '01193500', 240, 216, 830, 195, 'A hidden gem of central Connecticut — the Salmon River flows through Day Pond State Park and past the historic Comstock Covered Bridge, one of the last remaining covered bridges in the state. Class I–II paddling through surprisingly wild forest just 20 minutes from Hartford. The river supports Connecticut''s best Atlantic salmon restoration efforts.', 'Salmon River State Forest · Day Pond State Park', ARRAY['Day Pond to Comstock Bridge — Class I–II, forest run','Comstock Bridge to Connecticut River — Class I, lower valley'], '{"ww":false,"scenic":true}') ON CONFLICT (id) DO NOTHING;
INSERT INTO public.river_history (river_id, era, year, title, body, source, sort_order) VALUES ('salmon_ct', 'native', 'Pre-contact', 'Wangunk Territory — Salmon Runs', 'The Salmon River watershed was Wangunk territory. The river''s annual Atlantic salmon runs were a critical food source for the Wangunk people. The river is one of the few Connecticut tributaries where salmon restoration has been attempted.', 'Connecticut Historical Society; CT DEEP Fisheries', 0);
INSERT INTO public.river_history (river_id, era, year, title, body, source, sort_order) VALUES ('salmon_ct', 'modern', '1991', 'Atlantic Salmon Restoration', 'The Connecticut River Atlantic Salmon Commission launched restoration efforts on the Salmon River, stocking fry and improving fish passage. Though full restoration remains elusive, the river supports seasonal returns of sea-run Atlantic salmon.', 'CT DEEP; Connecticut River Atlantic Salmon Commission', 1);
INSERT INTO public.river_reviews (river_id, username, review_date, stars, body, is_seed) VALUES ('salmon_ct', 'ct_hidden_gem', 'May 2025', 5, 'Day Pond to Comstock Bridge at 200 cfs — paddled under the last covered bridge in the area. Surprisingly wild for central Connecticut.', true);
INSERT INTO public.river_reviews (river_id, username, review_date, stars, body, is_seed) VALUES ('salmon_ct', 'salmon_river_angler', 'Oct 2025', 4, 'Fall run at 300 cfs — Atlantic salmon stacking below the dam. Incredible sight in Connecticut.', true);
INSERT INTO public.river_outfitters (river_id, name, description, link, is_seed) VALUES ('salmon_ct', 'Main Stream Canoe Corporation', 'Salmon River and Connecticut River trips', '', true);
INSERT INTO public.rivers (id, state_key, name, county, length, class, optimal_cfs, usgs_gauge, avg_cfs, hist_flow, map_x, map_y, description, designations, sections, filter_flags) VALUES ('quinnipiac', 'ct', 'Quinnipiac River', 'New Haven Co.', '38 mi', 'I', '100–600', '01196500', 320, 288, 830, 195, 'Central Connecticut''s urban-to-wild river flows 38 miles from the Hanging Hills of Meriden past Sleeping Giant State Park to New Haven Harbor. The Quinnipiac has undergone a remarkable environmental recovery — once severely polluted, it now supports paddling, fishing, and wildlife viewing through an increasingly green corridor. Sleeping Giant''s traprock ridge towers above the river.', 'Quinnipiac River Linear Trail · Sleeping Giant State Park', ARRAY['Meriden to Wallingford — Class I, upper valley','Wallingford to North Haven — Class I, Sleeping Giant section'], '{"ww":false,"scenic":true}') ON CONFLICT (id) DO NOTHING;
INSERT INTO public.river_history (river_id, era, year, title, body, source, sort_order) VALUES ('quinnipiac', 'native', 'Pre-contact', 'Quinnipiac People — Long Water Land', 'The Quinnipiac River takes its name from the Quinnipiac people, an Algonquian-speaking tribe whose name means ''long water land.'' The tribe''s homeland centered on the river and New Haven Harbor. The Quinnipiac signed a treaty with English settlers in 1638.', 'New Haven Museum; Connecticut Historical Society', 0);
INSERT INTO public.river_history (river_id, era, year, title, body, source, sort_order) VALUES ('quinnipiac', 'modern', '2015', 'River Revival — Quinnipiac Watershed Association', 'Decades of cleanup efforts transformed the Quinnipiac from one of Connecticut''s most polluted rivers to a viable recreation corridor. The Quinnipiac River Watershed Association leads ongoing restoration and water quality monitoring.', 'Quinnipiac River Watershed Association; CT DEEP', 1);
INSERT INTO public.river_reviews (river_id, username, review_date, stars, body, is_seed) VALUES ('quinnipiac', 'ct_urban_paddler', 'Jun 2025', 4, 'Wallingford to North Haven at 200 cfs — Sleeping Giant rising above the river. The cleanup is working — herons and osprey everywhere.', true);
INSERT INTO public.river_reviews (river_id, username, review_date, stars, body, is_seed) VALUES ('quinnipiac', 'quinnipiac_local', 'Jul 2025', 4, 'Upper section at 150 cfs — gentle paddle through recovering riparian habitat. Not pristine, but getting better every year.', true);
INSERT INTO public.river_outfitters (river_id, name, description, link, is_seed) VALUES ('quinnipiac', 'Quinnipiac River Watershed Association', 'Guided paddle events and river access info', '', true);
INSERT INTO public.rivers (id, state_key, name, county, length, class, optimal_cfs, usgs_gauge, avg_cfs, hist_flow, map_x, map_y, description, designations, sections, filter_flags) VALUES ('natchaug', 'ct', 'Natchaug River', 'Windham Co.', '30 mi', 'I–II', '100–600', '01122000', 280, 252, 830, 195, 'The gem of Connecticut''s Quiet Corner — the Natchaug flows through Natchaug State Forest in eastern Connecticut with Class I–II rapids, swimming holes, and the legendary Diana Pool. The river''s hemlock-shaded gorges and clean water make it feel more like northern New England than southern Connecticut.', 'Natchaug State Forest · Connecticut Blue-Blazed Trail', ARRAY['Phoenixville to Diana Pool — Class I–II, state forest run','Diana Pool to Willimantic — Class I, lower river'], '{"ww":false,"scenic":true}') ON CONFLICT (id) DO NOTHING;
INSERT INTO public.river_history (river_id, era, year, title, body, source, sort_order) VALUES ('natchaug', 'native', 'Pre-contact', 'Nipmuc Territory — Quiet Corner Streams', 'The Natchaug watershed was Nipmuc territory. The name ''Natchaug'' derives from a Nipmuc word meaning ''land between the rivers.'' The Nipmuc people used the forested headwaters for hunting and the streams for fishing.', 'Connecticut Historical Society; Windham Historical Society', 0);
INSERT INTO public.river_history (river_id, era, year, title, body, source, sort_order) VALUES ('natchaug', 'logging', '1880–1930', 'Thread City Mills — Willimantic Industry', 'The Natchaug and its tributaries powered textile mills in Willimantic — known as ''Thread City'' for the American Thread Company. The mills shaped the region''s economy for a century before declining in the mid-20th century.', 'Windham Textile & History Museum; Connecticut Historical Society', 1);
INSERT INTO public.river_reviews (river_id, username, review_date, stars, body, is_seed) VALUES ('natchaug', 'quiet_corner_paddler', 'May 2025', 5, '''Natchaug State Forest section at 250 cfs — hemlock gorges and swimming holes. Diana Pool is magical. Connecticut''s best-kept secret.', true);
INSERT INTO public.river_reviews (river_id, username, review_date, stars, body, is_seed) VALUES ('natchaug', 'ct_east_kayaker', 'Jun 2025', 4, 'Spring run at 400 cfs — Class I–II through the forest with no one around. Feels like Vermont in eastern Connecticut.', true);
INSERT INTO public.river_outfitters (river_id, name, description, link, is_seed) VALUES ('natchaug', 'Scott''s Yankee Farmer', 'Local info and Natchaug State Forest access', '', true);
INSERT INTO public.rivers (id, state_key, name, county, length, class, optimal_cfs, usgs_gauge, avg_cfs, hist_flow, map_x, map_y, description, designations, sections, filter_flags) VALUES ('shepaug', 'ct', 'Shepaug River', 'Litchfield Co.', '26 mi', 'I–II', '100–500', '01203000', 180, 162, 830, 195, 'A Litchfield Hills treasure flowing through Washington, Connecticut — one of New England''s most picturesque towns. The Shepaug is best known for its wintering bald eagle population, one of the largest concentrations in the Northeast. Class I–II paddling through forested valleys with covered bridges and colonial-era stone walls.', 'Shepaug Eagle Observation Area · Steep Rock Preserve', ARRAY['Washington to Roxbury — Class I–II, eagle country','Roxbury to Southbury — Class I, lower valley'], '{"ww":false,"scenic":true}') ON CONFLICT (id) DO NOTHING;
INSERT INTO public.river_history (river_id, era, year, title, body, source, sort_order) VALUES ('shepaug', 'native', 'Pre-contact', 'Pootatuck Territory — Litchfield Hills', 'The Shepaug River valley was Pootatuck territory. The name ''Shepaug'' derives from an Algonquian word meaning ''rocky water.'' The Pootatuck people used the river''s fish runs and the surrounding hills for seasonal hunting.', 'Connecticut Historical Society; Institute for American Indian Studies', 0);
INSERT INTO public.river_history (river_id, era, year, title, body, source, sort_order) VALUES ('shepaug', 'modern', '1987', 'Bald Eagle Wintering — Shepaug Dam', 'The Shepaug Dam tailwater became one of the Northeast''s most important bald eagle wintering sites. Connecticut DEEP established a regulated viewing area that hosts thousands of visitors each winter to observe eagles fishing below the dam.', 'CT DEEP Wildlife Division; Connecticut Audubon Society', 1);
INSERT INTO public.river_reviews (river_id, username, review_date, stars, body, is_seed) VALUES ('shepaug', 'litchfield_explorer', 'Apr 2025', 5, 'Washington section at 180 cfs — bald eagles soaring above, covered bridge ahead, Litchfield Hills all around. Connecticut at its most beautiful.', true);
INSERT INTO public.river_reviews (river_id, username, review_date, stars, body, is_seed) VALUES ('shepaug', 'shepaug_birder', 'Feb 2025', 4, 'Winter eagle viewing below the dam — counted 14 bald eagles in one afternoon. Incredible wildlife spectacle in Connecticut.', true);
INSERT INTO public.river_outfitters (river_id, name, description, link, is_seed) VALUES ('shepaug', 'Clarke Outdoors', 'Shepaug River and Litchfield Hills paddle trips', '', true);
INSERT INTO public.rivers (id, state_key, name, county, length, class, optimal_cfs, usgs_gauge, avg_cfs, hist_flow, map_x, map_y, description, designations, sections, filter_flags) VALUES ('bantam', 'ct', 'Bantam River', 'Litchfield Co.', '15 mi', 'I', '50–200', '01201500', 120, 108, 830, 195, 'Connecticut''s premier nature paddle — the Bantam River flows from Bantam Lake through the White Memorial Conservation Center, the state''s largest nature center and wildlife sanctuary. Gentle Class I water winds through marshes, beaver ponds, and old-growth forest. The White Memorial Foundation protects 4,000 acres of habitat along the river — birding, wildlife viewing, and solitude minutes from Litchfield village.', 'White Memorial Conservation Center · Bantam River Wildlife Management Area', ARRAY['Bantam Lake to White Memorial — Class I, conservation center','White Memorial to Shepaug confluence — Class I, marsh and meadow'], '{"ww":false,"scenic":true}') ON CONFLICT (id) DO NOTHING;
INSERT INTO public.river_history (river_id, era, year, title, body, source, sort_order) VALUES ('bantam', 'native', 'Pre-contact', 'Bantam Tribe — Litchfield Hills People', 'The Bantam River takes its name from the Bantam tribe, a small Algonquian-speaking group that inhabited the Litchfield Hills. Bantam Lake — Connecticut''s largest natural lake — and the surrounding wetlands provided abundant resources.', 'Connecticut Historical Society; White Memorial Conservation Center', 0);
INSERT INTO public.river_history (river_id, era, year, title, body, source, sort_order) VALUES ('bantam', 'modern', '1913', 'White Memorial Foundation — Connecticut''s Conservation Pioneer', 'Alain and May White established the White Memorial Foundation in 1913, protecting 4,000 acres of forest and wetland along the Bantam River. It remains Connecticut''s largest nature center and one of the oldest conservation organizations in New England.', 'White Memorial Conservation Center; Litchfield Historical Society', 1);
INSERT INTO public.river_reviews (river_id, username, review_date, stars, body, is_seed) VALUES ('bantam', 'ct_nature_paddler', 'Jun 2025', 5, '''White Memorial section at 80 cfs — beaver lodges, great blue herons, painted turtles on every log. Connecticut''s finest nature paddle.', true);
INSERT INTO public.river_reviews (river_id, username, review_date, stars, body, is_seed) VALUES ('bantam', 'bantam_birder', 'May 2025', 4, 'Spring paddle at 120 cfs through the marsh — prothonotary warblers and wood ducks. Binoculars essential, not optional.', true);
INSERT INTO public.river_outfitters (river_id, name, description, link, is_seed) VALUES ('bantam', 'White Memorial Conservation Center', 'Bantam River access, nature programs, and trail maps', '', true);
INSERT INTO public.rivers (id, state_key, name, county, length, class, optimal_cfs, usgs_gauge, avg_cfs, hist_flow, map_x, map_y, description, designations, sections, filter_flags) VALUES ('wood_ri', 'ri', 'Wood River', 'Washington Co.', '24 mi', 'I–II', '100–400', '01117800', 180, 160, 860, 200, 'The best paddling in Rhode Island. The Wood River flows through Arcadia Management Area — the largest contiguous forest in the state — with Class I–II rapids over granite ledges, tea-colored water, and a surprising sense of wilderness for the nation''s smallest state.', 'Arcadia Management Area · Rhode Island Scenic River', ARRAY['Arcadia to Woodville — Class I–II, forest run','Woodville to Alton — Class I, lower river'], '{"scenic":true,"flat":false}') ON CONFLICT (id) DO NOTHING;
INSERT INTO public.river_history (river_id, era, year, title, body, source, sort_order) VALUES ('wood_ri', 'native', 'Pre-contact', 'Narragansett Territory — Woodland Streams', 'The Wood River watershed was Narragansett territory. The Narragansett people used the river for fishing and the surrounding Arcadia forests for hunting. King Philip''s War (1675–76) devastated the Narragansett in this region.', 'Narragansett Indian Tribe; RI Historical Society', 0);
INSERT INTO public.river_history (river_id, era, year, title, body, source, sort_order) VALUES ('wood_ri', 'modern', '1985', 'Wood-Pawcatuck Wild & Scenic Study', 'The Wood and Pawcatuck rivers were studied for National Wild & Scenic designation, recognizing their ecological significance as the best remaining examples of southern New England river habitat.', 'NPS Wild & Scenic Rivers Program; Wood-Pawcatuck Watershed Association', 1);
INSERT INTO public.river_reviews (river_id, username, review_date, stars, body, is_seed) VALUES ('wood_ri', 'ri_paddle_small', 'May 2025', 5, 'Arcadia section at 150 cfs — tight and technical Class I–II through old-growth forest. Rhode Island wilderness is real.', true);
INSERT INTO public.river_reviews (river_id, username, review_date, stars, body, is_seed) VALUES ('wood_ri', 'smallest_state_paddler', 'Jun 2025', 4, 'Wood River spring run at 200 cfs — best paddling in RI. Tea-colored water over granite ledges. Short but sweet.', true);
INSERT INTO public.river_outfitters (river_id, name, description, link, is_seed) VALUES ('wood_ri', 'Quaker Lane Bait & Tackle', 'Local info and gear for Wood River access', 'quakerlanebait.com', true);
INSERT INTO public.rivers (id, state_key, name, county, length, class, optimal_cfs, usgs_gauge, avg_cfs, hist_flow, map_x, map_y, description, designations, sections, filter_flags) VALUES ('pawcatuck', 'ri', 'Pawcatuck River', 'Washington Co.', '35 mi', 'I–II', '200–600', '01118500', 380, 340, 860, 200, 'The Pawcatuck River forms the Rhode Island / Connecticut border, flowing from freshwater swamps to tidal estuary at Westerly. Gentle Class I–II paddling through diverse habitats — cedar swamp, deciduous forest, salt marsh. One of the most ecologically varied short river trips in New England.', 'National Wild & Scenic River (2019) · Pawcatuck Borderlands', ARRAY['Upper Pawcatuck — Class I–II, freshwater swamp to forest','Westerly to Watch Hill — tidal, estuary paddling'], '{"scenic":true,"flat":true}') ON CONFLICT (id) DO NOTHING;
INSERT INTO public.river_history (river_id, era, year, title, body, source, sort_order) VALUES ('pawcatuck', 'native', 'Pre-contact', 'Narragansett and Pequot Borderland', 'The Pawcatuck River formed the boundary between Narragansett territory to the east and Pequot territory to the west — a border that continues today as the RI/CT state line.', 'Narragansett Indian Tribe; Mashantucket Pequot Museum', 0);
INSERT INTO public.river_history (river_id, era, year, title, body, source, sort_order) VALUES ('pawcatuck', 'survey', '2019', 'National Wild & Scenic Designation', 'The Pawcatuck and Wood rivers were designated National Wild & Scenic Rivers in 2019 as part of the Wood-Pawcatuck Watershed Protection Act, protecting over 60 miles of river corridor in southern New England.', 'NPS; Senator Jack Reed Office', 1);
INSERT INTO public.river_documents (river_id, title, source, year, doc_type, pages, url) VALUES ('pawcatuck', 'Wood-Pawcatuck Wild & Scenic River Management Plan', 'NPS / Wood-Pawcatuck Wild & Scenic Rivers', 2021, 'Federal', 120, 'https://rivers.gov/sites/rivers/files/documents/plans/wood-pawcatuck-plan.pdf');
INSERT INTO public.river_reviews (river_id, username, review_date, stars, body, is_seed) VALUES ('pawcatuck', 'ri_ct_border_paddler', 'Jun 2025', 4, 'Upper Pawcatuck at 300 cfs — cedar swamps to open meadows. Start in RI, end in CT. Charming little Wild & Scenic gem.', true);
INSERT INTO public.river_reviews (river_id, username, review_date, stars, body, is_seed) VALUES ('pawcatuck', 'estuary_kayaker', 'Jul 2025', 4, 'Tidal section from Westerly — osprey, herons, salt marsh channels. Bring a tide chart.', true);
INSERT INTO public.river_outfitters (river_id, name, description, link, is_seed) VALUES ('pawcatuck', 'Kayak Centre of Rhode Island', 'Pawcatuck and coastal RI paddle tours', 'kayakcentre.com', true);
INSERT INTO public.rivers (id, state_key, name, county, length, class, optimal_cfs, usgs_gauge, avg_cfs, hist_flow, map_x, map_y, description, designations, sections, filter_flags) VALUES ('blackstone', 'ri', 'Blackstone River', 'Providence Co.', '48 mi', 'I–II', '200–1200', '01112500', 580, 520, 860, 200, 'The birthplace of the American Industrial Revolution. The Blackstone flows 48 miles from Worcester, MA to Narragansett Bay, past the historic Slater Mill where Samuel Slater launched American textile manufacturing in 1793. The Blackstone Valley National Heritage Corridor preserves this industrial landscape for paddlers and historians alike.', 'Blackstone River Valley National Historical Park · Blackstone Heritage Corridor', ARRAY['Woonsocket to Central Falls — Class I–II, mill corridor','Central Falls to Narragansett Bay — Class I, tidal approach'], '{"scenic":true,"flat":true}') ON CONFLICT (id) DO NOTHING;
INSERT INTO public.river_history (river_id, era, year, title, body, source, sort_order) VALUES ('blackstone', 'native', 'Pre-contact', 'Narragansett and Nipmuc Territory', 'The Blackstone River watershed was shared territory of the Narragansett and Nipmuc peoples. The river provided abundant fish runs including shad and herring before industrialization blocked passage.', 'Narragansett Indian Tribe; RI Historical Society', 0);
INSERT INTO public.river_history (river_id, era, year, title, body, source, sort_order) VALUES ('blackstone', 'logging', '1793', 'Slater Mill — American Industrial Revolution Begins', 'Samuel Slater built the first successful water-powered textile mill in America on the Blackstone River at Pawtucket in 1793. The river powered over 100 mills by the 1830s, transforming the valley into the cradle of American industry.', 'NPS Blackstone River Valley NHP; Slater Mill Historic Site', 1);
INSERT INTO public.river_reviews (river_id, username, review_date, stars, body, is_seed) VALUES ('blackstone', 'ri_heritage_paddler', 'May 2025', 4, 'Woonsocket to Central Falls at 500 cfs — old mills and dams every mile. Paddling through the Industrial Revolution.', true);
INSERT INTO public.river_reviews (river_id, username, review_date, stars, body, is_seed) VALUES ('blackstone', 'blackstone_local', 'Jun 2025', 4, 'Spring run at 800 cfs — the river has come a long way. Clean enough for paddling now, herons and osprey returning.', true);
INSERT INTO public.river_outfitters (river_id, name, description, link, is_seed) VALUES ('blackstone', 'Blackstone Valley Tourism Council', 'Paddle guides and river access information', 'blackstonevalleytourismcouncil.com', true);
INSERT INTO public.river_outfitters (river_id, name, description, link, is_seed) VALUES ('blackstone', 'Blackstone Valley Paddle Club', 'Group trips and community paddles', 'bvpaddle.org', true);
INSERT INTO public.rivers (id, state_key, name, county, length, class, optimal_cfs, usgs_gauge, avg_cfs, hist_flow, map_x, map_y, description, designations, sections, filter_flags) VALUES ('chipuxet', 'ri', 'Chipuxet River', 'Washington Co.', '10 mi', 'I', '30–150', '01117420', 60, 54, 860, 200, 'A tiny gem flowing through the Great Swamp — Rhode Island''s largest freshwater wetland. The Chipuxet is a short but magical paddle through cedar swamp and marsh near the University of Rhode Island campus. Class I flatwater winds through habitat that supported the decisive Great Swamp Fight of King Philip''s War in 1675.', 'Great Swamp Management Area · URI Environmental Research', ARRAY['Great Swamp to Worden Pond — Class I, wetland paddle'], '{"scenic":true,"flat":true}') ON CONFLICT (id) DO NOTHING;
INSERT INTO public.river_history (river_id, era, year, title, body, source, sort_order) VALUES ('chipuxet', 'native', 'Pre-contact', 'Narragansett Homeland — Great Swamp', 'The Chipuxet River and Great Swamp were central Narragansett territory. The devastating Great Swamp Fight of December 1675 — King Philip''s War — took place in the swamp, when colonial forces attacked and destroyed a fortified Narragansett village, killing hundreds.', 'Narragansett Indian Tribe; RI Historical Society', 0);
INSERT INTO public.river_history (river_id, era, year, title, body, source, sort_order) VALUES ('chipuxet', 'modern', '1988', 'Great Swamp Management Area — Wetland Protection', 'Rhode Island DEM expanded protection of the Great Swamp, recognizing 3,349 acres as the state''s most important freshwater wetland ecosystem. The Chipuxet flows through the heart of this protected landscape.', 'RI DEM; URI Department of Natural Resources', 1);
INSERT INTO public.river_reviews (river_id, username, review_date, stars, body, is_seed) VALUES ('chipuxet', 'ri_swamp_paddler', 'May 2025', 4, 'Great Swamp section at 50 cfs — tiny stream through vast wetland. Wood ducks and painted turtles. Short but unique.', true);
INSERT INTO public.river_reviews (river_id, username, review_date, stars, body, is_seed) VALUES ('chipuxet', 'uri_kayaker', 'Jun 2025', 4, 'Chipuxet near campus at low flow — beautiful wetland paddle minutes from URI. Rhode Island wilderness in miniature.', true);
INSERT INTO public.river_outfitters (river_id, name, description, link, is_seed) VALUES ('chipuxet', 'Kayak Centre of Rhode Island', 'Chipuxet and southern RI paddle info', '', true);
INSERT INTO public.rivers (id, state_key, name, county, length, class, optimal_cfs, usgs_gauge, avg_cfs, hist_flow, map_x, map_y, description, designations, sections, filter_flags) VALUES ('hunt', 'ri', 'Hunt River', 'Kent Co.', '14 mi', 'I', '30–200', '01117100', 50, 45, 860, 200, 'A suburban escape in East Greenwich — the Hunt River is a small, clean stream flowing through surprisingly intact forest habitat in Kent County. Class I paddling through wooded corridors with occasional small dams and stone remnants of colonial-era mills. A peaceful half-day paddle that proves even Rhode Island''s developed areas hide natural treasures.', 'Hunt River Watershed · East Greenwich Conservation Area', ARRAY['Frenchtown to Potowomut — Class I, suburban forest corridor'], '{"scenic":true,"flat":false}') ON CONFLICT (id) DO NOTHING;
INSERT INTO public.river_history (river_id, era, year, title, body, source, sort_order) VALUES ('hunt', 'native', 'Pre-contact', 'Narragansett Territory — Coastal Streams', 'The Hunt River watershed was Narragansett territory. The small coastal streams of Kent County provided seasonal herring runs and freshwater fishing that supplemented the Narragansett''s primary coastal shellfish and fishing economy.', 'Narragansett Indian Tribe; East Greenwich Preservation Society', 0);
INSERT INTO public.river_history (river_id, era, year, title, body, source, sort_order) VALUES ('hunt', 'logging', '1750–1850', 'Colonial Mills — Water-Powered Industry', 'Small water-powered mills lined the Hunt River during the colonial era — grist mills, sawmills, and textile operations. Stone dam remnants and mill foundations remain visible along the stream today.', 'East Greenwich Preservation Society; RI Historical Society', 1);
INSERT INTO public.river_reviews (river_id, username, review_date, stars, body, is_seed) VALUES ('hunt', 'east_greenwich_paddler', 'May 2025', 4, 'Hunt River at 60 cfs — peaceful Class I through suburban forest. Old mill dams and stone walls. A nice surprise in developed Kent County.', true);
INSERT INTO public.river_reviews (river_id, username, review_date, stars, body, is_seed) VALUES ('hunt', 'ri_micro_paddle', 'Jun 2025', 3, 'Low flow at 30 cfs — dragged a bit in spots but the forest canopy is lovely. Best as a spring run after rain.', true);
INSERT INTO public.river_outfitters (river_id, name, description, link, is_seed) VALUES ('hunt', 'Rhode Island Canoe & Kayak Association', 'Hunt River trip info and local paddle community', '', true);
INSERT INTO public.rivers (id, state_key, name, county, length, class, optimal_cfs, usgs_gauge, avg_cfs, hist_flow, map_x, map_y, description, designations, sections, filter_flags) VALUES ('pawtuxet', 'ri', 'Pawtuxet River', 'Kent / Providence Co.', '26 mi', 'I–II', '100–600', '01116500', 340, 306, 860, 200, 'Rhode Island''s industrial heritage river flows 26 miles through Cranston and Warwick to Narragansett Bay. The Pawtuxet powered dozens of textile mills in the 19th century — many now converted to apartments and shops. Class I–II paddling past historic mill villages, stone dams, and an increasingly green urban corridor. The Gaspee Affair of 1772, when colonists burned a British revenue ship at the river''s mouth, was a precursor to the American Revolution.', 'Pawtuxet River Authority · Gaspee Point Historic District', ARRAY['West Warwick to Cranston — Class I–II, mill corridor','Cranston to Pawtuxet Village — Class I, tidal approach'], '{"scenic":true,"flat":true}') ON CONFLICT (id) DO NOTHING;
INSERT INTO public.river_history (river_id, era, year, title, body, source, sort_order) VALUES ('pawtuxet', 'native', 'Pre-contact', 'Narragansett Territory — Bay Tributaries', 'The Pawtuxet River — ''little falls'' in the Narragansett language — was a fishing and travel corridor for the Narragansett people. The river''s falls and rapids provided productive fishing sites, particularly during spring herring runs.', 'Narragansett Indian Tribe; Warwick Historical Society', 0);
INSERT INTO public.river_history (river_id, era, year, title, body, source, sort_order) VALUES ('pawtuxet', 'modern', '1772', 'Gaspee Affair — Prelude to Revolution', 'In June 1772, Rhode Island colonists boarded and burned the British revenue schooner HMS Gaspee at the mouth of the Pawtuxet River — one of the first acts of violent resistance against British rule and a direct precursor to the American Revolution.', 'Gaspee Days Committee; RI Historical Society', 1);
INSERT INTO public.river_reviews (river_id, username, review_date, stars, body, is_seed) VALUES ('pawtuxet', 'ri_history_paddler', 'Jun 2025', 4, 'West Warwick to Cranston at 250 cfs — old mills and stone dams every half mile. Paddling through Rhode Island history.', true);
INSERT INTO public.river_reviews (river_id, username, review_date, stars, body, is_seed) VALUES ('pawtuxet', 'pawtuxet_local', 'Jul 2025', 4, 'Lower section at 200 cfs — ends at Pawtuxet Village where they burned the Gaspee. History lesson on the water.', true);
INSERT INTO public.river_outfitters (river_id, name, description, link, is_seed) VALUES ('pawtuxet', 'Rhode Island Canoe & Kayak Association', 'Pawtuxet River paddle guides and group trips', '', true);
INSERT INTO public.rivers (id, state_key, name, county, length, class, optimal_cfs, usgs_gauge, avg_cfs, hist_flow, map_x, map_y, description, designations, sections, filter_flags) VALUES ('ten_mile', 'ri', 'Ten Mile River', 'Providence Co.', '15 mi', 'I', '50–300', '01109403', 120, 108, 860, 200, 'An urban-to-tidal paddle in East Providence — the Ten Mile River flows from Massachusetts through suburban Rhode Island to tidal waters at the Seekonk River. Class I flatwater through a recovering urban corridor with increasing wildlife as restoration efforts take hold. The tidal section offers views of the Providence skyline.', 'Ten Mile River Greenway · East Providence Conservation Commission', ARRAY['Pawtucket to East Providence — Class I, urban greenway','East Providence to Seekonk River — Class I, tidal section'], '{"scenic":true,"flat":true}') ON CONFLICT (id) DO NOTHING;
INSERT INTO public.river_history (river_id, era, year, title, body, source, sort_order) VALUES ('ten_mile', 'native', 'Pre-contact', 'Wampanoag and Narragansett Borderland', 'The Ten Mile River watershed was borderland between Wampanoag territory to the east and Narragansett territory to the west. The river''s tidal reach provided productive shellfish beds and fishing grounds at the head of Narragansett Bay.', 'RI Historical Society; Haffenreffer Museum of Anthropology', 0);
INSERT INTO public.river_history (river_id, era, year, title, body, source, sort_order) VALUES ('ten_mile', 'modern', '2010', 'Ten Mile River Greenway', 'East Providence and the state of Rhode Island developed the Ten Mile River Greenway, combining a multi-use trail with river restoration to create a recreational corridor through the city''s urban core.', 'City of East Providence; RI DEM', 1);
INSERT INTO public.river_reviews (river_id, username, review_date, stars, body, is_seed) VALUES ('ten_mile', 'ep_local_paddler', 'Jun 2025', 3, 'Ten Mile at 100 cfs — nice greenway paddle through East Providence. Not wilderness but the tidal section has good birding.', true);
INSERT INTO public.river_reviews (river_id, username, review_date, stars, body, is_seed) VALUES ('ten_mile', 'ri_tidal_kayaker', 'Jul 2025', 4, 'Tidal section at high tide — Providence skyline views and great egrets in the marsh. Urban nature paddling.', true);
INSERT INTO public.river_outfitters (river_id, name, description, link, is_seed) VALUES ('ten_mile', 'Narrow River Kayaks', 'East Bay and tidal river paddle tours', '', true);
INSERT INTO public.rivers (id, state_key, name, county, length, class, optimal_cfs, usgs_gauge, avg_cfs, hist_flow, map_x, map_y, description, designations, sections, filter_flags) VALUES ('woonasquatucket', 'ri', 'Woonasquatucket River', 'Providence Co.', '18 mi', 'I', '50–300', '01114000', 100, 90, 860, 200, 'Providence''s renaissance river — the Woonasquatucket flows 18 miles from North Smithfield through downtown Providence, where it meets the Moshassuck to form the Providence River at Waterplace Park. The famous WaterFire art installation illuminates the river on summer evenings. Once one of the most polluted rivers in New England, the Woonasquatucket''s ongoing cleanup is a model of urban river revival.', 'Woonasquatucket River Watershed Council · WaterFire Providence', ARRAY['North Smithfield to Johnston — Class I, suburban corridor','Johnston to Providence — Class I, urban revival section'], '{"scenic":true,"flat":true}') ON CONFLICT (id) DO NOTHING;
INSERT INTO public.river_history (river_id, era, year, title, body, source, sort_order) VALUES ('woonasquatucket', 'native', 'Pre-contact', 'Narragansett Territory — Providence Confluence', 'The Woonasquatucket — a Narragansett word meaning ''at the head of the tidal river'' — was part of the waterway network that made Providence a natural gathering and trading place. Roger Williams founded Providence at the confluence of the Woonasquatucket and Moshassuck in 1636.', 'Narragansett Indian Tribe; RI Historical Society', 0);
INSERT INTO public.river_history (river_id, era, year, title, body, source, sort_order) VALUES ('woonasquatucket', 'modern', '1994', 'WaterFire — Urban River Renaissance', 'Artist Barnaby Evans created WaterFire in 1994 — bonfires floating on the Woonasquatucket and Providence rivers in downtown Providence. The installation became an international sensation, symbolizing the city''s renaissance and the river''s recovery from industrial pollution.', 'WaterFire Providence; Providence Foundation', 1);
INSERT INTO public.river_reviews (river_id, username, review_date, stars, body, is_seed) VALUES ('woonasquatucket', 'pvd_river_paddler', 'Jul 2025', 4, 'Johnston to downtown Providence at 80 cfs — paddled right into WaterFire setup at Waterplace Park. Urban river paddling at its most unique.', true);
INSERT INTO public.river_reviews (river_id, username, review_date, stars, body, is_seed) VALUES ('woonasquatucket', 'woonasquatucket_local', 'Jun 2025', 4, 'Upper section at 100 cfs — the cleanup is remarkable. Fish and herons where there used to be nothing. Providence should be proud.', true);
INSERT INTO public.river_outfitters (river_id, name, description, link, is_seed) VALUES ('woonasquatucket', 'Providence Kayak Company', 'Downtown Providence and Woonasquatucket paddle tours', '', true);
INSERT INTO public.rivers (id, state_key, name, county, length, class, optimal_cfs, usgs_gauge, avg_cfs, hist_flow, map_x, map_y, description, designations, sections, filter_flags) VALUES ('delaware_gap', 'nj', 'Delaware River — Delaware Water Gap', 'Warren / Sussex Co.', '40 mi', 'I–III', '3000–10000', '01438500', 6800, 6120, 810, 225, 'Forty miles of the Delaware River through Delaware Water Gap National Recreation Area — the largest unit of the National Park System in the Northeast. Class I–III rapids through the dramatic Water Gap where the river cuts through the Appalachian Ridge. The most popular canoe destination within driving range of New York City.', 'Delaware Water Gap National Recreation Area (NPS) · National Scenic & Recreational River', ARRAY['Dingmans to Bushkill — Class I–II, NRA corridor','Bushkill to the Gap — Class I–III, Water Gap proper'], '{"ww":true,"flat":false}') ON CONFLICT (id) DO NOTHING;
INSERT INTO public.river_history (river_id, era, year, title, body, source, sort_order) VALUES ('delaware_gap', 'native', 'Pre-contact', 'Lenape Homeland — Lenapehoking', 'The Delaware Water Gap region was the heart of Lenape (Delaware) territory — Lenapehoking. The Minsi band of the Lenape inhabited the upper Delaware valley. The river itself is named for the Lenape (via Lord De La Warr).', 'Lenape Nation of Pennsylvania; NPS DEWA', 0);
INSERT INTO public.river_history (river_id, era, year, title, body, source, sort_order) VALUES ('delaware_gap', 'survey', '1965', 'Tocks Island Dam Defeated — NRA Created Instead', 'The proposed Tocks Island Dam would have flooded 37 miles of the Delaware valley. Massive public opposition defeated the project, and Congress created the Delaware Water Gap NRA in 1965 instead — a landmark conservation victory.', 'NPS DEWA; Delaware River Basin Commission', 1);
INSERT INTO public.river_reviews (river_id, username, review_date, stars, body, is_seed) VALUES ('delaware_gap', 'nyc_escape_paddler', 'Jul 2025', 5, 'Dingmans to Bushkill at 5,000 cfs — two days on the Delaware with NPS campgrounds. Best weekend escape from NYC.', true);
INSERT INTO public.river_reviews (river_id, username, review_date, stars, body, is_seed) VALUES ('delaware_gap', 'gap_paddler_nj', 'Jun 2025', 4, 'Through the Water Gap at 4,500 cfs — Class II–III where the river punches through Kittatinny Ridge. Dramatic.', true);
INSERT INTO public.river_outfitters (river_id, name, description, link, is_seed) VALUES ('delaware_gap', 'Adventure Sports', 'Delaware Water Gap canoe and raft trips since 1975', 'adventuresport.com', true);
INSERT INTO public.river_outfitters (river_id, name, description, link, is_seed) VALUES ('delaware_gap', 'Kittatinny Canoes', 'Largest Delaware River outfitter, multiple bases', 'kittatinny.com', true);
INSERT INTO public.rivers (id, state_key, name, county, length, class, optimal_cfs, usgs_gauge, avg_cfs, hist_flow, map_x, map_y, description, designations, sections, filter_flags) VALUES ('wharton', 'nj', 'Pine Barrens — Batona Trail Rivers', 'Burlington Co.', '30 mi', 'I', '80–300', '01410000', 180, 160, 810, 225, 'Tea-colored cedar water through the heart of the New Jersey Pine Barrens — Wharton State Forest protects 115,000 acres of this unique ecosystem. The Mullica, Batsto, and Wading rivers wind through Atlantic white cedar swamps and pygmy pine forests. A landscape unlike anything else on the Eastern Seaboard.', 'Wharton State Forest · Pinelands National Reserve · National Wild & Scenic River (Mullica)', ARRAY['Batsto River — Class I, cedar swamp classic','Wading River — Class I, wider and sandier'], '{"ww":false,"flat":true}') ON CONFLICT (id) DO NOTHING;
INSERT INTO public.river_history (river_id, era, year, title, body, source, sort_order) VALUES ('wharton', 'native', 'Pre-contact', 'Lenape Territory — The Pine Barrens', 'The Pine Barrens were Lenape territory, though the sandy, acidic soil made permanent settlement less common than along the Delaware and coast. The Lenape used the region for seasonal hunting and gathering.', 'Pinelands Preservation Alliance; NJ State Museum', 0);
INSERT INTO public.river_history (river_id, era, year, title, body, source, sort_order) VALUES ('wharton', 'logging', '1766–1850', 'Batsto Iron Works — Revolution-Era Industry', 'Batsto Village operated iron furnaces fueled by Pine Barrens charcoal from 1766 through the American Revolution, producing munitions for the Continental Army. The restored village is now a state historic site within Wharton State Forest.', 'NJ State Parks; Batsto Citizens Committee', 1);
INSERT INTO public.river_documents (river_id, title, source, year, doc_type, pages, url) VALUES ('wharton', 'Pinelands Comprehensive Management Plan', 'Pinelands Commission', 2014, 'Federal', 450, 'https://www.nj.gov/pinelands/cmp/CMP.pdf');
INSERT INTO public.river_reviews (river_id, username, review_date, stars, body, is_seed) VALUES ('wharton', 'pinelands_paddler', 'May 2025', 5, 'Batsto River at 120 cfs — black tea water through white cedar cathedral. One of the most unique paddles on the East Coast.', true);
INSERT INTO public.river_reviews (river_id, username, review_date, stars, body, is_seed) VALUES ('wharton', 'nj_nature_kayaker', 'Jun 2025', 4, 'Wading River on a Tuesday — not a soul. Pine Barrens wilderness 60 miles from Philadelphia.', true);
INSERT INTO public.river_outfitters (river_id, name, description, link, is_seed) VALUES ('wharton', 'Pinelands Adventures', 'Wharton State Forest paddle tours, official concessionaire', 'pinelandsadventures.com', true);
INSERT INTO public.rivers (id, state_key, name, county, length, class, optimal_cfs, usgs_gauge, avg_cfs, hist_flow, map_x, map_y, description, designations, sections, filter_flags) VALUES ('mullica', 'nj', 'Mullica River', 'Burlington / Atlantic Co.', '51 mi', 'I', '100–600', '01410000', 280, 250, 810, 225, 'The crown jewel of the New Jersey Pine Barrens — 51 miles of pristine cedar water flowing through Wharton State Forest to the Great Bay estuary. The Mullica is the largest river entirely within the Pinelands National Reserve, its tea-colored water filtered through ancient sand aquifers that produce some of the purest surface water on the East Coast.', 'National Wild & Scenic River · Pinelands National Reserve · Wharton State Forest', ARRAY['Atsion to Pleasant Mills — Class I, cedar swamp classic','Pleasant Mills to Great Bay — tidal estuary'], '{"ww":false,"flat":true}') ON CONFLICT (id) DO NOTHING;
INSERT INTO public.river_history (river_id, era, year, title, body, source, sort_order) VALUES ('mullica', 'native', 'Pre-contact', 'Lenape Territory — Pine Barrens Interior', 'The Mullica River watershed was Lenape territory. The river is named for Eric Mullica, a Finnish settler, but the Lenape had used the cedar-water streams of the Pine Barrens for fishing and travel for thousands of years.', 'Pinelands Preservation Alliance; NJ State Museum', 0);
INSERT INTO public.river_history (river_id, era, year, title, body, source, sort_order) VALUES ('mullica', 'logging', '1750–1830', 'Pine Barrens Iron and Glass — Colonial Industry', 'The Mullica River corridor supported iron furnaces and glassworks powered by Pine Barrens charcoal and sand. Batsto and Atsion villages were centers of Revolution-era munitions production. The restored villages are now Wharton State Forest historic sites.', 'NJ State Parks; Batsto Citizens Committee', 1);
INSERT INTO public.river_documents (river_id, title, source, year, doc_type, pages, url) VALUES ('mullica', 'Mullica River Watershed Management Plan', 'Pinelands Commission', 2014, 'Ecology', 160, 'https://www.nj.gov/pinelands/infor/reports/Mullica%20River%20Basin%20Report.pdf');
INSERT INTO public.river_reviews (river_id, username, review_date, stars, body, is_seed) VALUES ('mullica', 'pinebarrens_purist', 'May 2025', 5, 'Atsion to Pleasant Mills at 200 cfs — black tea water through white cedar cathedral. Pristine. One of the most unique paddles on the East Coast.', true);
INSERT INTO public.river_reviews (river_id, username, review_date, stars, body, is_seed) VALUES ('mullica', 'nj_wild_rivers', 'Apr 2025', 4, 'Spring run at 350 cfs — river moves well, no crowds on a weekday. Pine Barrens solitude an hour from Philadelphia.', true);
INSERT INTO public.river_outfitters (river_id, name, description, link, is_seed) VALUES ('mullica', 'Pinelands Adventures', 'Mullica River paddle tours, Wharton State Forest', 'pinelandsadventures.com', true);
INSERT INTO public.river_outfitters (river_id, name, description, link, is_seed) VALUES ('mullica', 'Mick-a-Do Canoe Rental', 'Mullica and Wading River trips', 'mickado.com', true);
INSERT INTO public.rivers (id, state_key, name, county, length, class, optimal_cfs, usgs_gauge, avg_cfs, hist_flow, map_x, map_y, description, designations, sections, filter_flags) VALUES ('paulins_kill', 'nj', 'Paulins Kill', 'Sussex / Warren Co.', '41 mi', 'I–II', '100–600', '01443500', 320, 288, 810, 225, 'Northwest New Jersey''s finest canoe stream — the Paulins Kill flows 41 miles through rolling farmland and limestone spring country to the Delaware River. Spring-fed and unusually clear for a New Jersey river, the Paulins Kill supports wild brown trout in its upper reaches. Class I–II paddling through a pastoral landscape that feels more like Pennsylvania Dutch country than the Garden State.', 'Paulins Kill Valley Trail · Kittatinny Valley State Park', ARRAY['Newton to Blairstown — Class I–II, limestone valley','Blairstown to Delaware River — Class I, lower valley'], '{"ww":false,"flat":true}') ON CONFLICT (id) DO NOTHING;
INSERT INTO public.river_history (river_id, era, year, title, body, source, sort_order) VALUES ('paulins_kill', 'native', 'Pre-contact', 'Lenape Territory — Kittatinny Valley', 'The Paulins Kill watershed was Lenape (Delaware) territory. The limestone-rich valley provided productive fishing and farming land. The name ''kill'' derives from the Dutch word for stream — a legacy of New Netherland settlement in the region.', 'NJ State Museum; Sussex County Historical Society', 0);
INSERT INTO public.river_history (river_id, era, year, title, body, source, sort_order) VALUES ('paulins_kill', 'modern', '2002', 'Paulins Kill Valley Trail — Rail-to-Trail', 'The abandoned New York, Susquehanna & Western rail corridor along the Paulins Kill was converted to a 27-mile multi-use trail, providing paddle access and connecting communities along the river valley.', 'Kittatinny Valley State Park; NJ DEP', 1);
INSERT INTO public.river_reviews (river_id, username, review_date, stars, body, is_seed) VALUES ('paulins_kill', 'nw_nj_paddler', 'May 2025', 5, 'Newton to Blairstown at 250 cfs — spring-fed and crystal clear. Class I–II through limestone country. This is not the New Jersey you imagine.', true);
INSERT INTO public.river_reviews (river_id, username, review_date, stars, body, is_seed) VALUES ('paulins_kill', 'paulinskill_trout', 'Jun 2025', 4, 'Upper section at 200 cfs — wild browns in clear water. Best trout stream and paddle combo in New Jersey.', true);
INSERT INTO public.river_outfitters (river_id, name, description, link, is_seed) VALUES ('paulins_kill', 'Kittatinny Canoes', 'Paulins Kill and Delaware River trips, Blairstown area', '', true);
INSERT INTO public.rivers (id, state_key, name, county, length, class, optimal_cfs, usgs_gauge, avg_cfs, hist_flow, map_x, map_y, description, designations, sections, filter_flags) VALUES ('raritan', 'nj', 'Raritan River', 'Somerset / Middlesex Co.', '85 mi', 'I', '300–3000', '01402000', 1800, 1620, 810, 225, 'Central New Jersey''s great river flows 85 miles through the heart of the state from the Highlands to Raritan Bay. The Raritan is the longest river entirely within New Jersey and anchors one of the most ambitious urban canoe trail projects in the Northeast. Class I paddling through surprisingly green corridors past Revolutionary War sites, colonial villages, and recovering riparian habitat.', 'Raritan River Greenway · Delaware & Raritan Canal State Park', ARRAY['Three Bridges to Raritan — Class I, upper valley','Raritan to New Brunswick — Class I, D&R Canal corridor','New Brunswick to Raritan Bay — tidal, estuary'], '{"ww":false,"flat":true}') ON CONFLICT (id) DO NOTHING;
INSERT INTO public.river_history (river_id, era, year, title, body, source, sort_order) VALUES ('raritan', 'native', 'Pre-contact', 'Lenape Homeland — Raritan Valley', 'The Raritan River valley was homeland of the Raritan band of the Lenape (Delaware) people. The name ''Raritan'' derives from a Lenape word meaning ''forked river'' or ''stream overflows.'' The rich floodplain supported large permanent settlements.', 'NJ State Museum; Rutgers University Special Collections', 0);
INSERT INTO public.river_history (river_id, era, year, title, body, source, sort_order) VALUES ('raritan', 'survey', '1834', 'Delaware & Raritan Canal — Engineering Marvel', 'The Delaware & Raritan Canal, completed in 1834, paralleled the Raritan River for much of its course, connecting the Delaware River to New Brunswick. The canal operated until 1932 and is now a state park and greenway.', 'D&R Canal State Park; NJ DEP', 1);
INSERT INTO public.river_reviews (river_id, username, review_date, stars, body, is_seed) VALUES ('raritan', 'central_nj_paddler', 'Jun 2025', 4, 'Raritan to New Brunswick at 1,000 cfs — the urban canoe trail is legit. Osprey, herons, and surprisingly green banks through the suburbs.', true);
INSERT INTO public.river_reviews (river_id, username, review_date, stars, body, is_seed) VALUES ('raritan', 'raritan_greenway', 'Jul 2025', 4, 'D&R Canal section — flat water, towpath for biking, Revolutionary War history. Central Jersey has more to offer than the Turnpike.', true);
INSERT INTO public.river_outfitters (river_id, name, description, link, is_seed) VALUES ('raritan', 'Raritan Riverkeeper', 'Guided paddle events and river access information', '', true);
INSERT INTO public.rivers (id, state_key, name, county, length, class, optimal_cfs, usgs_gauge, avg_cfs, hist_flow, map_x, map_y, description, designations, sections, filter_flags) VALUES ('maurice', 'nj', 'Maurice River', 'Cumberland Co.', '50 mi', 'I', '100–800', '01411500', 420, 378, 810, 225, 'New Jersey''s Wild and Scenic gem — the Maurice River flows 50 miles through Cumberland County to the Delaware Bay, passing through one of the most important shorebird staging areas in the Western Hemisphere. Each May, millions of shorebirds descend on Delaware Bay to feast on horseshoe crab eggs — the Maurice River corridor is ground zero for this spectacle. Class I paddling through pine-oak forest, salt marsh, and tidal estuary.', 'National Wild & Scenic River (1993) · Delaware Bay Shorebird Reserve', ARRAY['Millville to Port Norris — Class I, forest to estuary','Port Norris to Delaware Bay — tidal, shorebird country'], '{"ww":false,"flat":true}') ON CONFLICT (id) DO NOTHING;
INSERT INTO public.river_history (river_id, era, year, title, body, source, sort_order) VALUES ('maurice', 'native', 'Pre-contact', 'Lenape Territory — Delaware Bay Coast', 'The Maurice River watershed was Lenape territory. The river''s tidal marshes and the adjacent Delaware Bay shoreline provided extraordinary shellfish, fish, and waterfowl resources that supported permanent settlements.', 'NJ State Museum; Nanticoke Lenni-Lenape Tribal Nation', 0);
INSERT INTO public.river_history (river_id, era, year, title, body, source, sort_order) VALUES ('maurice', 'survey', '1993', 'National Wild & Scenic Designation', 'Congress designated the Maurice River and tributaries as a National Wild & Scenic River in 1993, recognizing exceptional ecological values including the globally significant Delaware Bay shorebird migration.', 'NPS; Citizens United to Protect the Maurice River', 1);
INSERT INTO public.river_reviews (river_id, username, review_date, stars, body, is_seed) VALUES ('maurice', 'shorebird_paddler', 'May 2025', 5, 'Maurice to Delaware Bay during shorebird week — millions of red knots and semipalmated sandpipers on the beach. Best wildlife paddle in New Jersey, maybe the East Coast.', true);
INSERT INTO public.river_reviews (river_id, username, review_date, stars, body, is_seed) VALUES ('maurice', 'south_jersey_nature', 'Jun 2025', 4, '''Millville to Port Norris at 300 cfs — Wild & Scenic river with herons, eagles, and tidal marsh. Southern New Jersey''s finest.', true);
INSERT INTO public.river_outfitters (river_id, name, description, link, is_seed) VALUES ('maurice', 'Citizens United to Protect the Maurice River', 'Guided paddle tours and river stewardship events', '', true);
INSERT INTO public.rivers (id, state_key, name, county, length, class, optimal_cfs, usgs_gauge, avg_cfs, hist_flow, map_x, map_y, description, designations, sections, filter_flags) VALUES ('musconetcong', 'nj', 'Musconetcong River', 'Morris / Warren Co.', '42 mi', 'I–II', '100–500', '01457000', 240, 216, 810, 225, 'New Jersey''s Wild and Scenic trout stream — the Musconetcong flows 42 miles from Lake Hopatcong through the Highlands to the Delaware River. Class I–II paddling through forested gorges and farmland with one of New Jersey''s finest wild trout populations. The Musconetcong is the poster child for New Jersey river conservation — designated Wild & Scenic in 2006 after decades of grassroots advocacy.', 'National Wild & Scenic River (2006) · Musconetcong Watershed Association', ARRAY['Lake Hopatcong to Hackettstown — Class I–II, Highland headwaters','Hackettstown to Delaware River — Class I, valley run'], '{"ww":false,"flat":true}') ON CONFLICT (id) DO NOTHING;
INSERT INTO public.river_history (river_id, era, year, title, body, source, sort_order) VALUES ('musconetcong', 'native', 'Pre-contact', 'Lenape Territory — Highland Streams', 'The Musconetcong — a Lenape word meaning ''rapidly running stream'' — was Lenape territory. The river''s cold, spring-fed waters supported native brook trout that sustained communities in the New Jersey Highlands.', 'NJ State Museum; Morris County Historical Society', 0);
INSERT INTO public.river_history (river_id, era, year, title, body, source, sort_order) VALUES ('musconetcong', 'survey', '2006', 'National Wild & Scenic Designation', 'Congress designated the Musconetcong a National Wild & Scenic River in 2006 — the result of decades of advocacy by the Musconetcong Watershed Association and local communities. The designation protects 24 miles of the river from development.', 'NPS; Musconetcong Watershed Association', 1);
INSERT INTO public.river_reviews (river_id, username, review_date, stars, body, is_seed) VALUES ('musconetcong', 'nj_trout_paddler', 'May 2025', 5, '''Hackettstown section at 200 cfs — wild browns in clear water, Class I–II riffles. New Jersey''s best trout stream and paddle combined.', true);
INSERT INTO public.river_reviews (river_id, username, review_date, stars, body, is_seed) VALUES ('musconetcong', 'musconetcong_local', 'Jun 2025', 4, 'Upper section at 150 cfs — Wild & Scenic river through the Highlands. Proof that New Jersey has legitimate natural treasures.', true);
INSERT INTO public.river_outfitters (river_id, name, description, link, is_seed) VALUES ('musconetcong', 'Musconetcong Watershed Association', 'River access guides and conservation paddle events', '', true);
INSERT INTO public.rivers (id, state_key, name, county, length, class, optimal_cfs, usgs_gauge, avg_cfs, hist_flow, map_x, map_y, description, designations, sections, filter_flags) VALUES ('great_egg', 'nj', 'Great Egg Harbor River', 'Atlantic / Camden Co.', '57 mi', 'I', '100–600', '01411000', 360, 324, 810, 225, 'A Wild and Scenic river through the New Jersey Pine Barrens — the Great Egg Harbor flows 57 miles from Camden County to the Atlantic Ocean at Ocean City. Tea-colored water winds through Atlantic white cedar swamps, pitch pine forests, and tidal salt marsh. One of the cleanest rivers on the Eastern Seaboard, filtered through the Kirkwood-Cohansey Aquifer that underlies the Pine Barrens.', 'National Wild & Scenic River (1992) · Pinelands National Reserve', ARRAY['New Brooklyn to Penny Pot — Class I, Pine Barrens cedar water','Penny Pot to Mays Landing — Class I, widening river','Mays Landing to Ocean City — tidal estuary'], '{"ww":false,"flat":true}') ON CONFLICT (id) DO NOTHING;
INSERT INTO public.river_history (river_id, era, year, title, body, source, sort_order) VALUES ('great_egg', 'native', 'Pre-contact', 'Lenape Territory — Pine Barrens Coast', 'The Great Egg Harbor watershed was Lenape territory. The name derives from the Dutch ''Eyren Haven'' (Egg Harbor), for the abundance of shorebird and waterfowl eggs found along the bay. The Lenape harvested the estuary''s rich shellfish beds.', 'NJ State Museum; Atlantic County Historical Society', 0);
INSERT INTO public.river_history (river_id, era, year, title, body, source, sort_order) VALUES ('great_egg', 'survey', '1992', 'National Wild & Scenic Designation', 'Congress designated the Great Egg Harbor River and 17 tributaries as a National Wild & Scenic River in 1992, protecting 129 miles of pristine Pine Barrens waterway — one of the largest Wild & Scenic designations in the East.', 'NPS; Great Egg Harbor Watershed Association', 1);
INSERT INTO public.river_reviews (river_id, username, review_date, stars, body, is_seed) VALUES ('great_egg', 'pinebarrens_explorer', 'May 2025', 5, 'New Brooklyn to Penny Pot at 200 cfs — black tea water through white cedar cathedral. Wild & Scenic and it shows. Pine Barrens perfection.', true);
INSERT INTO public.river_reviews (river_id, username, review_date, stars, body, is_seed) VALUES ('great_egg', 'great_egg_paddler', 'Jun 2025', 4, 'Mays Landing section at 300 cfs — wider river with osprey and eagle nests. The tidal transition to salt marsh is beautiful.', true);
INSERT INTO public.river_outfitters (river_id, name, description, link, is_seed) VALUES ('great_egg', 'Palace Restaurant & Kayak Rentals', 'Great Egg Harbor River trips from Mays Landing', '', true);
INSERT INTO public.rivers (id, state_key, name, county, length, class, optimal_cfs, usgs_gauge, avg_cfs, hist_flow, map_x, map_y, description, designations, sections, filter_flags) VALUES ('brandywine', 'de', 'Brandywine Creek', 'New Castle Co.', '30 mi', 'I–III', '200–800', '01481500', 480, 430, 810, 250, 'Delaware''s best paddling creek. The Brandywine flows through the rolling Wyeth country of the Brandywine Valley — Class I–III rapids over piedmont bedrock past historic du Pont estates, covered bridges, and the site of the Battle of Brandywine (1777). Andrew Wyeth painted these banks for six decades.', 'Brandywine Creek State Park · First State National Historical Park', ARRAY['Chadds Ford PA to Wilmington — Class I–III, piedmont rapids','Wilmington to the Christina — Class I, tidal approach'], '{"scenic":true,"tidal":false}') ON CONFLICT (id) DO NOTHING;
INSERT INTO public.river_history (river_id, era, year, title, body, source, sort_order) VALUES ('brandywine', 'native', 'Pre-contact', 'Lenape Territory — Brandywine Valley', 'The Brandywine valley was Lenape territory. The name may derive from the Swedish ''Brandvijn'' (brandy wine) or a Lenape word. William Penn''s treaty with the Lenape (1682) ceded much of this watershed.', 'Lenape Nation of Pennsylvania; Delaware Historical Society', 0);
INSERT INTO public.river_history (river_id, era, year, title, body, source, sort_order) VALUES ('brandywine', 'logging', '1777', 'Battle of Brandywine — Largest Engagement of the Revolution', 'The Battle of Brandywine on September 11, 1777 was the largest single-day engagement of the American Revolution. British forces under Howe flanked Washington''s army along the creek, leading to the fall of Philadelphia.', 'Brandywine Battlefield State Park; NPS', 1);
INSERT INTO public.river_documents (river_id, title, source, year, doc_type, pages, url) VALUES ('brandywine', 'Brandywine Creek Watershed Assessment', 'Brandywine Conservancy', 2018, 'Ecology', 110, 'https://documents.dnrec.delaware.gov/Watershed/Wetlands/Assessments/Brandywine-Watershed-Condition-Report.pdf');
INSERT INTO public.river_reviews (river_id, username, review_date, stars, body, is_seed) VALUES ('brandywine', 'wyeth_country_paddler', 'Apr 2025', 5, 'Chadds Ford section at 400 cfs — Class II ledges through Wyeth''s landscape. Paddling through American art history.', true);
INSERT INTO public.river_reviews (river_id, username, review_date, stars, body, is_seed) VALUES ('brandywine', 'de_creek_runner', 'Mar 2025', 4, 'Brandywine at 600 cfs after rain — pushy Class III over bedrock ledges. Short but excellent.', true);
INSERT INTO public.river_outfitters (river_id, name, description, link, is_seed) VALUES ('brandywine', 'Wilderness Canoe Trips', 'Brandywine Creek kayak and canoe rentals', 'wildernesscanoetrips.com', true);
INSERT INTO public.rivers (id, state_key, name, county, length, class, optimal_cfs, usgs_gauge, avg_cfs, hist_flow, map_x, map_y, description, designations, sections, filter_flags) VALUES ('st_jones', 'de', 'St. Jones River', 'Kent Co.', '25 mi', 'I', '50–200', '01483700', 120, 108, 810, 250, 'A tidal estuary flowing through the heart of Dover and the Dover Greenway. The St. Jones offers gentle flatwater paddling through salt marsh, tidal creeks, and wildlife refuges. Shorebirds, horseshoe crabs, and the annual red knot migration make this an ecological treasure of the Delaware Bay.', 'St. Jones Reserve (NOAA) · Dover Greenway · Ted Harvey Conservation Area', ARRAY['Lebanon to Dover — freshwater to tidal transition','Dover to Delaware Bay — tidal estuary, salt marsh'], '{"scenic":false,"tidal":true}') ON CONFLICT (id) DO NOTHING;
INSERT INTO public.river_history (river_id, era, year, title, body, source, sort_order) VALUES ('st_jones', 'native', 'Pre-contact', 'Lenape Territory — Delaware Bay', 'The St. Jones watershed was Lenape territory. The tidal estuary and Delaware Bay shores provided rich shellfish and fishing resources. The annual horseshoe crab spawn — which still draws hundreds of thousands of shorebirds — was a Lenape food source.', 'Lenape Indian Tribe of Delaware; Delaware State Museums', 0);
INSERT INTO public.river_history (river_id, era, year, title, body, source, sort_order) VALUES ('st_jones', 'modern', '1993', 'St. Jones Reserve — NOAA Estuarine Research', 'The St. Jones Reserve was designated a NOAA National Estuarine Research Reserve, recognizing the tidal river as a critical research site for understanding Delaware Bay estuary ecology.', 'NOAA NERRS; Delaware DNREC', 1);
INSERT INTO public.river_documents (river_id, title, source, year, doc_type, pages, url) VALUES ('st_jones', 'St. Jones River Watershed Management Plan', 'Delaware DNREC', 2015, 'Ecology', 85, 'https://documents.dnrec.delaware.gov/swc/district/Documents/NPS/St-Jones-Watershed-Plan.pdf');
INSERT INTO public.river_reviews (river_id, username, review_date, stars, body, is_seed) VALUES ('st_jones', 'de_estuary_paddler', 'May 2025', 4, 'St. Jones tidal section at high tide — horseshoe crabs spawning, red knots everywhere. Paddle through a nature documentary.', true);
INSERT INTO public.river_reviews (river_id, username, review_date, stars, body, is_seed) VALUES ('st_jones', 'dover_kayaker', 'Jun 2025', 3, 'Dover Greenway section — mellow tidal paddle. Time it with the tide or you are walking.', true);
INSERT INTO public.river_outfitters (river_id, name, description, link, is_seed) VALUES ('st_jones', 'First State Paddle', 'Dover Greenway and St. Jones guided tours', 'firststatepaddle.com', true);
INSERT INTO public.rivers (id, state_key, name, county, length, class, optimal_cfs, usgs_gauge, avg_cfs, hist_flow, map_x, map_y, description, designations, sections, filter_flags) VALUES ('christina', 'de', 'Christina River', 'New Castle Co.', '35 mi', 'I', '200–1000', '01478000', 420, 380, 810, 250, 'The Christina River flows through the heart of Wilmington to its confluence with the Brandywine, passing the historic mill district where the du Pont family built their gunpowder empire. The tidal lower river offers gentle urban paddling past First State Heritage Park and the revitalized Wilmington Riverfront.', 'First State Heritage Park · Wilmington Riverfront · Hagley Museum', ARRAY['Newark to Wilmington — Class I, piedmont creek','Wilmington Riverfront — tidal, urban heritage paddle'], '{"scenic":true,"tidal":true}') ON CONFLICT (id) DO NOTHING;
INSERT INTO public.river_history (river_id, era, year, title, body, source, sort_order) VALUES ('christina', 'native', 'Pre-contact', 'Lenape Territory — Christina (Minquas Kill)', 'The Christina River watershed was Lenape territory. The river was known as the Minquas Kill by early Swedish settlers. Fort Christina, established in 1638 at the river''s mouth, was the first European settlement in the Delaware Valley.', 'Delaware Historical Society; Kalmar Nyckel Foundation', 0);
INSERT INTO public.river_history (river_id, era, year, title, body, source, sort_order) VALUES ('christina', 'logging', '1802', 'Du Pont Gunpowder Mills — Industrial Dynasty Begins', 'E.I. du Pont established his gunpowder works along the Brandywine at its confluence with the Christina in 1802, founding the industrial dynasty that would shape Delaware for two centuries. The Hagley Museum preserves the original mill complex.', 'Hagley Museum and Library; Delaware Historical Society', 1);
INSERT INTO public.river_documents (river_id, title, source, year, doc_type, pages, url) VALUES ('christina', 'Christina River Watershed Management Plan', 'Delaware DNREC', 2016, 'Ecology', 95, 'https://documents.dnrec.delaware.gov/swc/district/Documents/Plans-and-Strategies/A-I-Plans/Christina-Watershed-Plan.pdf');
INSERT INTO public.river_reviews (river_id, username, review_date, stars, body, is_seed) VALUES ('christina', 'de_urban_paddler', 'May 2025', 4, 'Wilmington Riverfront section at high tide — surprisingly pleasant urban paddle past the old mills and new development. First State heritage on the water.', true);
INSERT INTO public.river_reviews (river_id, username, review_date, stars, body, is_seed) VALUES ('christina', 'christina_kayaker', 'Jun 2025', 3, 'Newark to Wilmington at 350 cfs — mellow Class I through suburbs. Not wilderness but historically interesting with Hagley Museum as the takeout.', true);
INSERT INTO public.river_outfitters (river_id, name, description, link, is_seed) VALUES ('christina', 'Wilderness Canoe Trips', 'Christina and Brandywine Creek rentals', 'wildernesscanoetrips.com', true);
INSERT INTO public.rivers (id, state_key, name, county, length, class, optimal_cfs, usgs_gauge, avg_cfs, hist_flow, map_x, map_y, description, designations, sections, filter_flags) VALUES ('yough_md', 'md', 'Youghiogheny River — Maryland Section', 'Garrett Co.', '25 mi', 'IV–V', '400–1200', '03075500', 680, 610, 780, 265, 'The Upper Yough from Sang Run to Friendsville is the premier Class IV–V run in the Mid-Atlantic — 11 miles of continuous expert whitewater through a remote Appalachian gorge. Dam releases from Deep Creek Lake provide reliable flows. The mandatory portage around Swallow Falls and the 18-foot Meat Cleaver drop define this as serious paddling.', 'Swallow Falls State Park · Deep Creek Lake Recreation Area · Maryland Scenic River', ARRAY['Upper Yough — Sang Run to Friendsville, Class IV–V, the marquee run','Below Friendsville — Class II–III, lower canyon'], '{"ww":true,"scenic":false}') ON CONFLICT (id) DO NOTHING;
INSERT INTO public.river_history (river_id, era, year, title, body, source, sort_order) VALUES ('yough_md', 'native', 'Pre-contact', 'Shawnee and Seneca Borderlands', 'Garrett County''s Youghiogheny watershed was contested territory between Shawnee, Seneca, and earlier Monongahela peoples. The name ''Youghiogheny'' derives from a Lenape word meaning ''stream flowing in a roundabout course.''', 'Maryland Historical Trust; Garrett County Historical Society', 0);
INSERT INTO public.river_history (river_id, era, year, title, body, source, sort_order) VALUES ('yough_md', 'modern', '1985', 'Upper Yough — Birth of Eastern Creek Boating', 'The Upper Yough became the crucible of eastern U.S. expert kayaking in the 1980s. Precision Rafting and other outfitters pioneered commercial Class V trips, and the run became the training ground for a generation of world-class paddlers.', 'American Whitewater; Garrett County Chamber of Commerce', 1);
INSERT INTO public.river_reviews (river_id, username, review_date, stars, body, is_seed) VALUES ('yough_md', 'upperyough_devotee', 'May 2025', 5, 'Upper Yough at 800 cfs — Meat Cleaver, National Falls, Triple Drop all sending. Best Class IV–V east of the Rockies.', true);
INSERT INTO public.river_reviews (river_id, username, review_date, stars, body, is_seed) VALUES ('yough_md', 'md_ww_paddler', 'Apr 2025', 5, 'Sang Run release at 600 cfs — more technical at lower water, every move precise. This run demands respect.', true);
INSERT INTO public.river_outfitters (river_id, name, description, link, is_seed) VALUES ('yough_md', 'Precision Rafting', 'Upper Yough specialists since 1985, Friendsville', 'precisionrafting.com', true);
INSERT INTO public.rivers (id, state_key, name, county, length, class, optimal_cfs, usgs_gauge, avg_cfs, hist_flow, map_x, map_y, description, designations, sections, filter_flags) VALUES ('potomac', 'md', 'Potomac River — Great Falls', 'Montgomery Co.', '14 mi', 'II–V', '2000–12000', '01638500', 8200, 7380, 780, 265, 'Class II–V whitewater within sight of the Washington Monument. The Potomac drops through Great Falls — a thundering 76-foot cascade — then through Mather Gorge in a setting that defies its location minutes from the capital. The most dramatic urban whitewater in America.', 'Great Falls Park (NPS) · C&O Canal National Historical Park · Potomac Heritage Trail', ARRAY['Great Falls — Class V, expert portage-and-run','Mather Gorge to Carderock — Class II–III, popular run'], '{"ww":true,"scenic":true}') ON CONFLICT (id) DO NOTHING;
INSERT INTO public.river_history (river_id, era, year, title, body, source, sort_order) VALUES ('potomac', 'native', 'Pre-contact', 'Piscataway Territory — Falls of the Potomac', 'Great Falls was a major fishing site for the Piscataway (Conoy) people. The falls were a natural barrier to navigation, making the area a gathering and portage point for thousands of years. Captain John Smith documented the Piscataway at the falls in 1608.', 'Piscataway Conoy Confederacy; NPS Great Falls Park', 0);
INSERT INTO public.river_history (river_id, era, year, title, body, source, sort_order) VALUES ('potomac', 'logging', '1785', 'George Washington''s Patowmack Canal — First American Canal', 'George Washington founded the Patowmack Company in 1785 to build canals around Great Falls — one of the first infrastructure projects in the new nation. The canal ruins are visible from the Virginia side today.', 'NPS Great Falls Park; George Washington Papers, Library of Congress', 1);
INSERT INTO public.river_documents (river_id, title, source, year, doc_type, pages, url) VALUES ('potomac', 'Potomac River Comprehensive Plan', 'Interstate Commission on the Potomac River Basin', 2018, 'Federal', 280, 'https://www.potomacriver.org/wp-content/uploads/2018/06/Potomac_Comprehensive_Plan.pdf');
INSERT INTO public.river_reviews (river_id, username, review_date, stars, body, is_seed) VALUES ('potomac', 'dc_whitewater', 'Apr 2025', 5, 'Mather Gorge at 6,000 cfs — Class III big water with the DC skyline downstream. Most surreal paddling location in America.', true);
INSERT INTO public.river_reviews (river_id, username, review_date, stars, body, is_seed) VALUES ('potomac', 'greatfalls_expert', 'Mar 2025', 5, 'Ran the falls line at 4,500 cfs — the Spout, S-Turn, Charlie Horse. World-class whitewater 15 minutes from the White House.', true);
INSERT INTO public.river_outfitters (river_id, name, description, link, is_seed) VALUES ('potomac', 'Liquid Adventures', 'Potomac kayak instruction and Great Falls trips', 'liquidadventures.com', true);
INSERT INTO public.river_outfitters (river_id, name, description, link, is_seed) VALUES ('potomac', 'Calleva', 'Potomac River kayak and canoe programs, Poolesville', 'calleva.org', true);
INSERT INTO public.rivers (id, state_key, name, county, length, class, optimal_cfs, usgs_gauge, avg_cfs, hist_flow, map_x, map_y, description, designations, sections, filter_flags) VALUES ('savage', 'md', 'Savage River', 'Garrett Co.', '27 mi', 'IV–V', '350–800', '01596500', 180, 160, 780, 265, 'Site of the 1989 ICF Whitewater World Championships — the only time the Worlds have been held on a natural river channel in the United States. The Savage River delivers 5 miles of continuous expert Class IV–V whitewater through a remote Appalachian gorge in Garrett County, with dam releases from Savage River Reservoir providing scheduled flows.', 'Savage River State Forest · Maryland Wild River', ARRAY['Savage River below dam — Class IV–V, 5-mile expert creek run','Savage to North Branch Potomac — Class II, lower river'], '{"ww":true,"scenic":false}') ON CONFLICT (id) DO NOTHING;
INSERT INTO public.river_history (river_id, era, year, title, body, source, sort_order) VALUES ('savage', 'native', 'Pre-contact', 'Shawnee Borderlands — Appalachian Headwaters', 'The Savage River watershed in the Allegheny highlands was contested hunting territory among Shawnee, Seneca, and earlier peoples. The remote gorge remained largely uninhabited due to its rugged terrain.', 'Maryland Historical Trust; Garrett County Historical Society', 0);
INSERT INTO public.river_history (river_id, era, year, title, body, source, sort_order) VALUES ('savage', 'modern', '1989', 'ICF Whitewater World Championships — Savage River', 'The Savage River hosted the 1989 ICF Canoe Slalom World Championships, putting this remote Maryland creek on the international whitewater map. The course remains a training site for U.S. Olympic slalom paddlers.', 'International Canoe Federation; American Canoe Association', 1);
INSERT INTO public.river_reviews (river_id, username, review_date, stars, body, is_seed) VALUES ('savage', 'md_expert_creek', 'Apr 2025', 5, 'Savage at 500 cfs release — continuous Class IV–V through a remote gorge. World Championship course lives up to the reputation.', true);
INSERT INTO public.river_reviews (river_id, username, review_date, stars, body, is_seed) VALUES ('savage', 'savage_slalom', 'May 2025', 5, 'Release day at 400 cfs — technical and relentless. Best expert creek run in the Mid-Atlantic outside the Upper Yough.', true);
INSERT INTO public.river_outfitters (river_id, name, description, link, is_seed) VALUES ('savage', 'Precision Rafting', 'Savage River guided trips during releases, Friendsville', 'precisionrafting.com', true);
INSERT INTO public.rivers (id, state_key, name, county, length, class, optimal_cfs, usgs_gauge, avg_cfs, hist_flow, map_x, map_y, description, designations, sections, filter_flags) VALUES ('deerfield', 'ma', 'Deerfield River', 'Franklin Co.', '65 mi', 'II–IV', '400–1500', '01170000', 1400, 1260, 840, 185, 'New England''s premier dam-release whitewater river. The Deerfield delivers Class II–IV rapids through the Berkshire Hills on scheduled releases from Fife Brook Dam — the most reliable whitewater in Massachusetts. The Dryway section pushes Class IV during high releases. Below Charlemont, the river mellows through covered-bridge farm country.', 'Mohawk Trail State Forest · Berkshire Natural Resources Council', ARRAY['Fife Brook — Class II–III, dam-release section','Dryway — Class III–IV, expert release run','Charlemont to Shelburne Falls — Class I–II, scenic valley'], '{"ww":true,"scenic":true}') ON CONFLICT (id) DO NOTHING;
INSERT INTO public.river_history (river_id, era, year, title, body, source, sort_order) VALUES ('deerfield', 'native', 'Pre-contact', 'Pocumtuck Territory — Connecticut River Tributary', 'The Deerfield River watershed was Pocumtuck territory. The 1704 Deerfield Raid — French and Native forces attacking the English settlement — was one of the most significant events of the colonial frontier wars.', 'Memorial Hall Museum, Deerfield; Pocumtuck Valley Memorial Association', 0);
INSERT INTO public.river_history (river_id, era, year, title, body, source, sort_order) VALUES ('deerfield', 'modern', '1990', 'Whitewater Releases Negotiated — FERC Relicensing', 'Scheduled whitewater releases on the Deerfield were negotiated during the FERC dam relicensing process in the 1990s, guaranteeing recreational flows that transformed the Deerfield into New England''s most reliable whitewater destination.', 'American Whitewater; New England FLOW', 1);
INSERT INTO public.river_documents (river_id, title, source, year, doc_type, pages, url) VALUES ('deerfield', 'Deerfield River Watershed Assessment', 'Franklin Regional Council of Governments', 2014, 'Ecology', 130, 'https://frcog.org/wp-content/uploads/2018/01/Deerfield-Watershed-Based-Plan-part-1.pdf');
INSERT INTO public.river_reviews (river_id, username, review_date, stars, body, is_seed) VALUES ('deerfield', 'berkshire_paddler', 'Jul 2025', 5, 'Fife Brook release at 800 cfs — continuous Class II–III through the Berkshires. New England whitewater at its most reliable.', true);
INSERT INTO public.river_reviews (river_id, username, review_date, stars, body, is_seed) VALUES ('deerfield', 'dryway_devotee', 'May 2025', 5, 'Dryway at 1,200 cfs — serious Class IV in a gorgeous gorge. Best whitewater in Massachusetts.', true);
INSERT INTO public.river_outfitters (river_id, name, description, link, is_seed) VALUES ('deerfield', 'Zoar Outdoor', 'Deerfield River whitewater since 1990, Charlemont', 'zoaroutdoor.com', true);
INSERT INTO public.river_outfitters (river_id, name, description, link, is_seed) VALUES ('deerfield', 'Crab Apple Whitewater', 'Deerfield and Millers River trips', 'crabapplewhitewater.com', true);
INSERT INTO public.rivers (id, state_key, name, county, length, class, optimal_cfs, usgs_gauge, avg_cfs, hist_flow, map_x, map_y, description, designations, sections, filter_flags) VALUES ('westfield', 'ma', 'Westfield River', 'Hampden Co.', '78 mi', 'I–III', '300–1500', '01183500', 980, 880, 840, 185, 'Massachusetts''s first National Wild and Scenic River. The Westfield flows through the Berkshire foothills with Class I–III whitewater on multiple branches. The North Branch through Chesterfield Gorge is the signature section — a granite gorge with technical rapids in a state-managed forest.', 'National Wild & Scenic River (1993, first in MA) · Chesterfield Gorge', ARRAY['North Branch — Class II–III, Chesterfield Gorge, Wild & Scenic','West Branch — Class I–II, gentler alternative'], '{"ww":true,"scenic":true}') ON CONFLICT (id) DO NOTHING;
INSERT INTO public.river_history (river_id, era, year, title, body, source, sort_order) VALUES ('westfield', 'native', 'Pre-contact', 'Woronoco Territory — Berkshire Foothills', 'The Westfield River valley was territory of the Woronoco people, a band of the broader Pocumtuck/Connecticut Valley confederation. The city of Westfield takes its name from the river, not the other way around.', 'Massachusetts Historical Commission; Westfield Athenaeum', 0);
INSERT INTO public.river_history (river_id, era, year, title, body, source, sort_order) VALUES ('westfield', 'survey', '1993', 'Massachusetts''s First National Wild & Scenic River', 'Congress designated the Westfield River as the first National Wild & Scenic River in Massachusetts, protecting 45 miles of the North, Middle, and West branches.', 'NPS; Westfield River Wild & Scenic Advisory Committee', 1);
INSERT INTO public.river_documents (river_id, title, source, year, doc_type, pages, url) VALUES ('westfield', 'Westfield River Wild & Scenic Stewardship Plan', 'Westfield River Watershed Association', 2010, 'Federal', 95, 'https://westfieldriverwildscenic.org/files/custom/assets/pdfs/2-1-7-Westfield-River-Stewardship-Plan.pdf');
INSERT INTO public.river_reviews (river_id, username, review_date, stars, body, is_seed) VALUES ('westfield', 'chesterfield_gorge_paddler', 'Apr 2025', 5, 'North Branch through Chesterfield Gorge at 700 cfs — granite walls and Class III ledge drops. Best spring run in Massachusetts.', true);
INSERT INTO public.river_reviews (river_id, username, review_date, stars, body, is_seed) VALUES ('westfield', 'ma_wild_scenic', 'May 2025', 4, 'West Branch at 500 cfs — mellower than the North but beautiful Berkshire foothill scenery. Good intermediate run.', true);
INSERT INTO public.river_outfitters (river_id, name, description, link, is_seed) VALUES ('westfield', 'Berkshire East Canoe & Kayak', 'Westfield River trips and instruction, Charlemont', 'berkshireeast.com', true);
INSERT INTO public.rivers (id, state_key, name, county, length, class, optimal_cfs, usgs_gauge, avg_cfs, hist_flow, map_x, map_y, description, designations, sections, filter_flags) VALUES ('concord', 'ma', 'Concord River', 'Middlesex Co.', '16 mi', 'I', '100–600', '01099500', 320, 290, 840, 185, 'Henry David Thoreau paddled this river in 1839 and wrote about it in his first book. The Concord flows 16 miles through the literary and revolutionary heart of Massachusetts — past Old North Bridge, Minuteman National Historical Park, and the Great Meadows National Wildlife Refuge. A gentle flatwater paddle steeped in American history.', 'Minuteman National Historical Park · Great Meadows NWR · Concord Wild & Scenic River Study', ARRAY['Egg Rock to Old North Bridge — 5 mi, historic corridor','Great Meadows to Billerica — 8 mi, wildlife refuge'], '{"ww":false,"scenic":true}') ON CONFLICT (id) DO NOTHING;
INSERT INTO public.river_history (river_id, era, year, title, body, source, sort_order) VALUES ('concord', 'native', 'Pre-contact', 'Musketaquid — Grass-Ground River', 'The Concord River was called Musketaquid (''grass-ground river'') by the indigenous peoples who inhabited the valley for thousands of years. The broad meadows along the river provided rich agricultural land and were a center of Native settlement before English colonization in 1635.', 'Concord Museum; Massachusetts Historical Commission', 0);
INSERT INTO public.river_history (river_id, era, year, title, body, source, sort_order) VALUES ('concord', 'survey', '1839', 'Thoreau''s Week on the Concord and Merrimack Rivers', 'Henry David Thoreau and his brother John paddled the Concord and Merrimack rivers in 1839. Thoreau''s account, published in 1849 as ''A Week on the Concord and Merrimack Rivers,'' became one of the foundational texts of American nature writing.', 'Thoreau Society; Concord Free Public Library', 1);
INSERT INTO public.river_documents (river_id, title, source, year, doc_type, pages, url) VALUES ('concord', 'Concord River Assessment and Restoration Plan', 'OARS (Organization for the Assabet, Sudbury and Concord Rivers)', 2017, 'Ecology', 110, 'https://www.rivers.gov/sites/rivers/files/documents/plans/suasco-river-conservation-plan.pdf');
INSERT INTO public.river_reviews (river_id, username, review_date, stars, body, is_seed) VALUES ('concord', 'concord_literary_paddler', 'Jun 2025', 5, 'Egg Rock to Old North Bridge at 250 cfs — paddled where Thoreau paddled. Great blue herons, lily pads, and the bridge where the Revolution began. Transcendent.', true);
INSERT INTO public.river_reviews (river_id, username, review_date, stars, body, is_seed) VALUES ('concord', 'great_meadows_kayaker', 'Jul 2025', 4, 'Great Meadows NWR section at 200 cfs — flatwater through the refuge. Osprey, bitterns, and turtles on every log. Gentle and gorgeous.', true);
INSERT INTO public.river_outfitters (river_id, name, description, link, is_seed) VALUES ('concord', 'South Bridge Boat House', 'Concord River canoe and kayak rentals, downtown Concord', 'southbridgeboathouse.com', true);
INSERT INTO public.river_outfitters (river_id, name, description, link, is_seed) VALUES ('concord', 'OARS River Tours', 'Guided Concord River paddle trips', 'oars.org', true);

-- ══ FISHERIES ══
INSERT INTO public.river_species (river_id, name, species_type, is_primary, notes) VALUES ('ausable', 'Brown Trout', 'resident', true, NULL);
INSERT INTO public.river_species (river_id, name, species_type, is_primary, notes) VALUES ('ausable', 'Brook Trout', 'resident', true, NULL);
INSERT INTO public.river_species (river_id, name, species_type, is_primary, notes) VALUES ('ausable', 'Rainbow Trout', 'resident', false, NULL);
INSERT INTO public.river_species (river_id, name, species_type, is_primary, notes) VALUES ('ausable', 'Chinook Salmon', 'anadromous', false, 'Fall run from Lake Huron');
INSERT INTO public.river_species (river_id, name, species_type, is_primary, notes) VALUES ('ausable', 'Steelhead', 'anadromous', false, 'Spring and fall runs from Lake Huron');
INSERT INTO public.river_designations_fish (river_id, designation) VALUES ('ausable', 'Michigan Blue-Ribbon Trout Stream');
INSERT INTO public.river_designations_fish (river_id, designation) VALUES ('ausable', 'Catch & Release — flies only (Holy Water section)');
INSERT INTO public.river_spawning (river_id, species, season, notes) VALUES ('ausable', 'Brook Trout', 'September–November', 'Please avoid wading on redds');
INSERT INTO public.river_spawning (river_id, species, season, notes) VALUES ('ausable', 'Brown Trout', 'October–December', NULL);
INSERT INTO public.river_hatches (river_id, name, timing, notes, sort_order) VALUES ('ausable', 'Blue-Winged Olive (BWO)', 'March–April, September–October', NULL, 0);
INSERT INTO public.river_hatches (river_id, name, timing, notes, sort_order) VALUES ('ausable', 'Hendrickson Mayfly', 'Late April – Mid May', NULL, 1);
INSERT INTO public.river_hatches (river_id, name, timing, notes, sort_order) VALUES ('ausable', 'Caddis', 'April–June', NULL, 2);
INSERT INTO public.river_hatches (river_id, name, timing, notes, sort_order) VALUES ('ausable', 'March Brown / Grey Drake', 'May–June', NULL, 3);
INSERT INTO public.river_hatches (river_id, name, timing, notes, sort_order) VALUES ('ausable', 'Brown Drake', 'Late May – Mid June', NULL, 4);
INSERT INTO public.river_hatches (river_id, name, timing, notes, sort_order) VALUES ('ausable', 'Sulfur', 'Late May – June', NULL, 5);
INSERT INTO public.river_hatches (river_id, name, timing, notes, sort_order) VALUES ('ausable', 'Hex (Hexagenia limbata)', 'Late June – Early July', 'The legendary night hatch — largest mayfly in North America. Brings out trophy browns after dark.', 6);
INSERT INTO public.river_hatches (river_id, name, timing, notes, sort_order) VALUES ('ausable', 'Trico', 'July–September', 'Early morning spinner falls', 7);
INSERT INTO public.river_hatches (river_id, name, timing, notes, sort_order) VALUES ('ausable', 'White Fly', 'July–August', NULL, 8);
INSERT INTO public.river_hatches (river_id, name, timing, notes, sort_order) VALUES ('ausable', 'Terrestrials (hoppers, ants, beetles)', 'July–September', NULL, 9);
INSERT INTO public.river_runs (river_id, species, timing, peak, notes) VALUES ('ausable', 'Steelhead', 'March–May', 'April', 'Spring run from Lake Huron, lower river');
INSERT INTO public.river_runs (river_id, species, timing, peak, notes) VALUES ('ausable', 'Chinook Salmon', 'September–October', 'Early October', 'Fall run from Lake Huron');
INSERT INTO public.river_runs (river_id, species, timing, peak, notes) VALUES ('ausable', 'Steelhead', 'October–November', 'Late October', 'Fall run from Lake Huron');
INSERT INTO public.river_guides (river_id, name) VALUES ('ausable', 'Gates Au Sable Lodge');
INSERT INTO public.river_guides (river_id, name) VALUES ('ausable', 'Old Au Sable Fly Shop');
INSERT INTO public.river_guides (river_id, name) VALUES ('ausable', 'Streamside Orvis Shop');
INSERT INTO public.river_species (river_id, name, species_type, is_primary, notes) VALUES ('pine_mi', 'Brook Trout', 'resident', true, 'Wild, self-sustaining population');
INSERT INTO public.river_species (river_id, name, species_type, is_primary, notes) VALUES ('pine_mi', 'Brown Trout', 'resident', true, NULL);
INSERT INTO public.river_species (river_id, name, species_type, is_primary, notes) VALUES ('pine_mi', 'Rainbow Trout', 'resident', false, NULL);
INSERT INTO public.river_designations_fish (river_id, designation) VALUES ('pine_mi', 'Michigan Natural River');
INSERT INTO public.river_designations_fish (river_id, designation) VALUES ('pine_mi', 'National Wild & Scenic River');
INSERT INTO public.river_designations_fish (river_id, designation) VALUES ('pine_mi', 'Michigan Blue-Ribbon Trout Stream');
INSERT INTO public.river_spawning (river_id, species, season, notes) VALUES ('pine_mi', 'Brook Trout', 'September–November', NULL);
INSERT INTO public.river_spawning (river_id, species, season, notes) VALUES ('pine_mi', 'Brown Trout', 'October–December', NULL);
INSERT INTO public.river_hatches (river_id, name, timing, notes, sort_order) VALUES ('pine_mi', 'Blue-Winged Olive (BWO)', 'April–May, September–October', NULL, 0);
INSERT INTO public.river_hatches (river_id, name, timing, notes, sort_order) VALUES ('pine_mi', 'Hendrickson', 'Late April – Mid May', NULL, 1);
INSERT INTO public.river_hatches (river_id, name, timing, notes, sort_order) VALUES ('pine_mi', 'Caddis', 'May–June', NULL, 2);
INSERT INTO public.river_hatches (river_id, name, timing, notes, sort_order) VALUES ('pine_mi', 'Sulfur', 'Late May – June', NULL, 3);
INSERT INTO public.river_hatches (river_id, name, timing, notes, sort_order) VALUES ('pine_mi', 'Hex (Hexagenia limbata)', 'Late June – Early July', NULL, 4);
INSERT INTO public.river_hatches (river_id, name, timing, notes, sort_order) VALUES ('pine_mi', 'Terrestrials', 'July–September', NULL, 5);
INSERT INTO public.river_guides (river_id, name) VALUES ('pine_mi', 'Pine River Paddlesports Center');
INSERT INTO public.river_species (river_id, name, species_type, is_primary, notes) VALUES ('arkansas', 'Brown Trout', 'resident', true, 'Wild, self-sustaining — dominant species');
INSERT INTO public.river_species (river_id, name, species_type, is_primary, notes) VALUES ('arkansas', 'Rainbow Trout', 'resident', true, NULL);
INSERT INTO public.river_designations_fish (river_id, designation) VALUES ('arkansas', 'Colorado Gold Medal Water (102 miles)');
INSERT INTO public.river_designations_fish (river_id, designation) VALUES ('arkansas', 'Browns Canyon National Monument');
INSERT INTO public.river_spawning (river_id, species, season, notes) VALUES ('arkansas', 'Brown Trout', 'October–November', NULL);
INSERT INTO public.river_spawning (river_id, species, season, notes) VALUES ('arkansas', 'Rainbow Trout', 'March–May', NULL);
INSERT INTO public.river_hatches (river_id, name, timing, notes, sort_order) VALUES ('arkansas', 'Midge', 'Year-round, most important September–April', NULL, 0);
INSERT INTO public.river_hatches (river_id, name, timing, notes, sort_order) VALUES ('arkansas', 'Blue-Winged Olive (BWO)', 'March–May, September–November', 'Prolific spring and fall hatches', 1);
INSERT INTO public.river_hatches (river_id, name, timing, notes, sort_order) VALUES ('arkansas', 'Caddis (Mother''s Day Caddis)', 'May–June', 'Massive emergence in May', 2);
INSERT INTO public.river_hatches (river_id, name, timing, notes, sort_order) VALUES ('arkansas', 'Stonefly (Golden Stone, Salmonfly)', 'June–July', 'Big dry fly fishing', 3);
INSERT INTO public.river_hatches (river_id, name, timing, notes, sort_order) VALUES ('arkansas', 'Pale Morning Dun (PMD)', 'June–August', NULL, 4);
INSERT INTO public.river_hatches (river_id, name, timing, notes, sort_order) VALUES ('arkansas', 'Red Quill', 'July–August', NULL, 5);
INSERT INTO public.river_hatches (river_id, name, timing, notes, sort_order) VALUES ('arkansas', 'Terrestrials (hoppers, ants)', 'July–September', NULL, 6);
INSERT INTO public.river_guides (river_id, name) VALUES ('arkansas', 'Arkansas River Fly Shop');
INSERT INTO public.river_guides (river_id, name) VALUES ('arkansas', 'Dvorak Expeditions');
INSERT INTO public.river_species (river_id, name, species_type, is_primary, notes) VALUES ('salmon_ny', 'Chinook Salmon', 'anadromous', true, 'Fish exceeding 30 lbs run each fall');
INSERT INTO public.river_species (river_id, name, species_type, is_primary, notes) VALUES ('salmon_ny', 'Steelhead', 'anadromous', true, 'Washington and Skamania strains');
INSERT INTO public.river_species (river_id, name, species_type, is_primary, notes) VALUES ('salmon_ny', 'Coho Salmon', 'anadromous', false, NULL);
INSERT INTO public.river_species (river_id, name, species_type, is_primary, notes) VALUES ('salmon_ny', 'Brown Trout', 'resident', false, 'Lake-run browns in fall');
INSERT INTO public.river_designations_fish (river_id, designation) VALUES ('salmon_ny', 'New York State Recreation Area');
INSERT INTO public.river_designations_fish (river_id, designation) VALUES ('salmon_ny', 'NYSDEC Stocked Fishery');
INSERT INTO public.river_spawning (river_id, species, season, notes) VALUES ('salmon_ny', 'Chinook Salmon', 'October–November', NULL);
INSERT INTO public.river_spawning (river_id, species, season, notes) VALUES ('salmon_ny', 'Steelhead', 'March–April', NULL);
INSERT INTO public.river_runs (river_id, species, timing, peak, notes) VALUES ('salmon_ny', 'Chinook Salmon', 'September – November', 'Late September – Early October', 'Kings stage at river mouth late August, enter after Labor Day');
INSERT INTO public.river_runs (river_id, species, timing, peak, notes) VALUES ('salmon_ny', 'Coho Salmon', 'October – November', 'Late October', NULL);
INSERT INTO public.river_runs (river_id, species, timing, peak, notes) VALUES ('salmon_ny', 'Steelhead (fall run)', 'October – December', 'November', NULL);
INSERT INTO public.river_runs (river_id, species, timing, peak, notes) VALUES ('salmon_ny', 'Steelhead (spring run)', 'March – May', 'April', 'Drop-back fishing excellent in April');
INSERT INTO public.river_runs (river_id, species, timing, peak, notes) VALUES ('salmon_ny', 'Brown Trout (lake-run)', 'October – November', 'Late October', NULL);
INSERT INTO public.river_guides (river_id, name) VALUES ('salmon_ny', 'Whitaker''s Sport Store');
INSERT INTO public.river_guides (river_id, name) VALUES ('salmon_ny', 'Fat Nancy''s Tackle Shop');
INSERT INTO public.river_species (river_id, name, species_type, is_primary, notes) VALUES ('manistee', 'Brown Trout', 'resident', true, NULL);
INSERT INTO public.river_species (river_id, name, species_type, is_primary, notes) VALUES ('manistee', 'Steelhead', 'anadromous', true, 'World-class runs below Tippy Dam');
INSERT INTO public.river_species (river_id, name, species_type, is_primary, notes) VALUES ('manistee', 'Chinook Salmon', 'anadromous', true, 'Fall run below Tippy Dam');
INSERT INTO public.river_species (river_id, name, species_type, is_primary, notes) VALUES ('manistee', 'Brook Trout', 'resident', false, 'Upper river sections');
INSERT INTO public.river_designations_fish (river_id, designation) VALUES ('manistee', 'Michigan Blue-Ribbon Trout Stream');
INSERT INTO public.river_designations_fish (river_id, designation) VALUES ('manistee', 'National Scenic River');
INSERT INTO public.river_spawning (river_id, species, season, notes) VALUES ('manistee', 'Brown Trout', 'October–November', NULL);
INSERT INTO public.river_spawning (river_id, species, season, notes) VALUES ('manistee', 'Steelhead', 'March–April', NULL);
INSERT INTO public.river_hatches (river_id, name, timing, notes, sort_order) VALUES ('manistee', 'Hendrickson', 'Late April – Mid May', NULL, 0);
INSERT INTO public.river_hatches (river_id, name, timing, notes, sort_order) VALUES ('manistee', 'Caddis', 'May–June', NULL, 1);
INSERT INTO public.river_hatches (river_id, name, timing, notes, sort_order) VALUES ('manistee', 'Brown Drake', 'Late May – Mid June', NULL, 2);
INSERT INTO public.river_hatches (river_id, name, timing, notes, sort_order) VALUES ('manistee', 'Hex', 'Late June – Early July', NULL, 3);
INSERT INTO public.river_hatches (river_id, name, timing, notes, sort_order) VALUES ('manistee', 'Trico', 'July–September', NULL, 4);
INSERT INTO public.river_runs (river_id, species, timing, peak, notes) VALUES ('manistee', 'Chinook Salmon', 'September – October', 'Late September', '15,000+ steelhead return annually below Tippy Dam');
INSERT INTO public.river_runs (river_id, species, timing, peak, notes) VALUES ('manistee', 'Steelhead', 'October – April', 'November and March', NULL);
INSERT INTO public.river_guides (river_id, name) VALUES ('manistee', 'Schmidt Outfitters');
INSERT INTO public.river_guides (river_id, name) VALUES ('manistee', 'Orvis Streamside');
INSERT INTO public.river_species (river_id, name, species_type, is_primary, notes) VALUES ('gallatin', 'Rainbow Trout', 'resident', true, NULL);
INSERT INTO public.river_species (river_id, name, species_type, is_primary, notes) VALUES ('gallatin', 'Brown Trout', 'resident', true, NULL);
INSERT INTO public.river_species (river_id, name, species_type, is_primary, notes) VALUES ('gallatin', 'Cutthroat Trout', 'resident', false, 'Westslope cutthroat in upper reaches');
INSERT INTO public.river_species (river_id, name, species_type, is_primary, notes) VALUES ('gallatin', 'Mountain Whitefish', 'resident', false, NULL);
INSERT INTO public.river_designations_fish (river_id, designation) VALUES ('gallatin', 'Montana Blue-Ribbon Trout Stream');
INSERT INTO public.river_designations_fish (river_id, designation) VALUES ('gallatin', 'Yellowstone National Park headwaters');
INSERT INTO public.river_spawning (river_id, species, season, notes) VALUES ('gallatin', 'Rainbow Trout', 'April–June', NULL);
INSERT INTO public.river_spawning (river_id, species, season, notes) VALUES ('gallatin', 'Brown Trout', 'October–November', NULL);
INSERT INTO public.river_hatches (river_id, name, timing, notes, sort_order) VALUES ('gallatin', 'Blue-Winged Olive', 'March–May, September–November', NULL, 0);
INSERT INTO public.river_hatches (river_id, name, timing, notes, sort_order) VALUES ('gallatin', 'Skwala Stonefly', 'March–April', 'First big dry fly hatch of the year', 1);
INSERT INTO public.river_hatches (river_id, name, timing, notes, sort_order) VALUES ('gallatin', 'Caddis (Mother''s Day)', 'May–June', NULL, 2);
INSERT INTO public.river_hatches (river_id, name, timing, notes, sort_order) VALUES ('gallatin', 'Salmonfly / Golden Stone', 'June–July', NULL, 3);
INSERT INTO public.river_hatches (river_id, name, timing, notes, sort_order) VALUES ('gallatin', 'Pale Morning Dun', 'June–August', NULL, 4);
INSERT INTO public.river_hatches (river_id, name, timing, notes, sort_order) VALUES ('gallatin', 'Hopper/Dropper', 'July–September', 'Prime dry fly season', 5);
INSERT INTO public.river_hatches (river_id, name, timing, notes, sort_order) VALUES ('gallatin', 'October Caddis', 'September–October', NULL, 6);
INSERT INTO public.river_guides (river_id, name) VALUES ('gallatin', 'Montana Whitewater');
INSERT INTO public.river_guides (river_id, name) VALUES ('gallatin', 'Gallatin River Guides');
INSERT INTO public.river_species (river_id, name, species_type, is_primary, notes) VALUES ('blackfoot', 'Westslope Cutthroat Trout', 'resident', true, 'Native — conservation priority');
INSERT INTO public.river_species (river_id, name, species_type, is_primary, notes) VALUES ('blackfoot', 'Bull Trout', 'resident', true, 'Threatened species — catch and release only');
INSERT INTO public.river_species (river_id, name, species_type, is_primary, notes) VALUES ('blackfoot', 'Brown Trout', 'resident', true, NULL);
INSERT INTO public.river_species (river_id, name, species_type, is_primary, notes) VALUES ('blackfoot', 'Rainbow Trout', 'resident', false, NULL);
INSERT INTO public.river_designations_fish (river_id, designation) VALUES ('blackfoot', 'Montana Blue-Ribbon Trout Stream');
INSERT INTO public.river_designations_fish (river_id, designation) VALUES ('blackfoot', 'Blackfoot Challenge Conservation Area');
INSERT INTO public.river_designations_fish (river_id, designation) VALUES ('blackfoot', 'Bull Trout Critical Habitat (USFWS)');
INSERT INTO public.river_spawning (river_id, species, season, notes) VALUES ('blackfoot', 'Westslope Cutthroat', 'May–July', NULL);
INSERT INTO public.river_spawning (river_id, species, season, notes) VALUES ('blackfoot', 'Bull Trout', 'September–October', 'Must release all bull trout immediately');
INSERT INTO public.river_spawning (river_id, species, season, notes) VALUES ('blackfoot', 'Brown Trout', 'October–November', NULL);
INSERT INTO public.river_hatches (river_id, name, timing, notes, sort_order) VALUES ('blackfoot', 'Skwala Stonefly', 'March–April', NULL, 0);
INSERT INTO public.river_hatches (river_id, name, timing, notes, sort_order) VALUES ('blackfoot', 'Caddis', 'May–June', NULL, 1);
INSERT INTO public.river_hatches (river_id, name, timing, notes, sort_order) VALUES ('blackfoot', 'Salmonfly', 'June–July', NULL, 2);
INSERT INTO public.river_hatches (river_id, name, timing, notes, sort_order) VALUES ('blackfoot', 'PMD / Green Drake', 'June–August', NULL, 3);
INSERT INTO public.river_hatches (river_id, name, timing, notes, sort_order) VALUES ('blackfoot', 'Hopper/Dropper', 'July–September', NULL, 4);
INSERT INTO public.river_guides (river_id, name) VALUES ('blackfoot', 'Blackfoot River Outfitters');
INSERT INTO public.river_guides (river_id, name) VALUES ('blackfoot', 'Missoulian Angler');
INSERT INTO public.river_species (river_id, name, species_type, is_primary, notes) VALUES ('guadalupe', 'Rainbow Trout', 'resident', true, 'Stocked below Canyon Dam — southernmost trout fishery in central US');
INSERT INTO public.river_species (river_id, name, species_type, is_primary, notes) VALUES ('guadalupe', 'Brown Trout', 'resident', false, 'Some holdover fish below dam');
INSERT INTO public.river_species (river_id, name, species_type, is_primary, notes) VALUES ('guadalupe', 'Largemouth Bass', 'warmwater', true, 'Above Canyon Lake');
INSERT INTO public.river_species (river_id, name, species_type, is_primary, notes) VALUES ('guadalupe', 'Guadalupe Bass', 'warmwater', true, 'Texas state fish — endemic to Hill Country');
INSERT INTO public.river_species (river_id, name, species_type, is_primary, notes) VALUES ('guadalupe', 'Smallmouth Bass', 'warmwater', false, NULL);
INSERT INTO public.river_designations_fish (river_id, designation) VALUES ('guadalupe', 'Texas Paddling Trail');
INSERT INTO public.river_designations_fish (river_id, designation) VALUES ('guadalupe', 'TPWD Stocked Trout Fishery (below Canyon Dam)');
INSERT INTO public.river_spawning (river_id, species, season, notes) VALUES ('guadalupe', 'Guadalupe Bass', 'March–June', NULL);
INSERT INTO public.river_guides (river_id, name) VALUES ('guadalupe', 'Action Angler & Outdoor Center');
INSERT INTO public.river_guides (river_id, name) VALUES ('guadalupe', 'Living Waters Fly Fishing');
INSERT INTO public.river_species (river_id, name, species_type, is_primary, notes) VALUES ('nantahala', 'Rainbow Trout', 'resident', true, 'Stocked and wild fish below Fontana');
INSERT INTO public.river_species (river_id, name, species_type, is_primary, notes) VALUES ('nantahala', 'Brown Trout', 'resident', true, NULL);
INSERT INTO public.river_species (river_id, name, species_type, is_primary, notes) VALUES ('nantahala', 'Brook Trout', 'resident', false, 'Headwater tributaries only');
INSERT INTO public.river_designations_fish (river_id, designation) VALUES ('nantahala', 'Nantahala National Forest');
INSERT INTO public.river_designations_fish (river_id, designation) VALUES ('nantahala', 'NC Hatchery Supported Trout Waters');
INSERT INTO public.river_spawning (river_id, species, season, notes) VALUES ('nantahala', 'Brown Trout', 'October–December', NULL);
INSERT INTO public.river_spawning (river_id, species, season, notes) VALUES ('nantahala', 'Rainbow Trout', 'February–April', NULL);
INSERT INTO public.river_hatches (river_id, name, timing, notes, sort_order) VALUES ('nantahala', 'Blue-Winged Olive', 'March–April, October–November', NULL, 0);
INSERT INTO public.river_hatches (river_id, name, timing, notes, sort_order) VALUES ('nantahala', 'Quill Gordon', 'March–April', 'First major hatch of spring', 1);
INSERT INTO public.river_hatches (river_id, name, timing, notes, sort_order) VALUES ('nantahala', 'Caddis', 'April–June', NULL, 2);
INSERT INTO public.river_hatches (river_id, name, timing, notes, sort_order) VALUES ('nantahala', 'Light Cahill', 'May–June', NULL, 3);
INSERT INTO public.river_hatches (river_id, name, timing, notes, sort_order) VALUES ('nantahala', 'Terrestrials', 'July–September', NULL, 4);
INSERT INTO public.river_guides (river_id, name) VALUES ('nantahala', 'Nantahala Outdoor Center Fly Shop');
INSERT INTO public.river_species (river_id, name, species_type, is_primary, notes) VALUES ('deerfield', 'Brown Trout', 'resident', true, NULL);
INSERT INTO public.river_species (river_id, name, species_type, is_primary, notes) VALUES ('deerfield', 'Rainbow Trout', 'resident', true, NULL);
INSERT INTO public.river_species (river_id, name, species_type, is_primary, notes) VALUES ('deerfield', 'Brook Trout', 'resident', false, 'Upper tributaries');
INSERT INTO public.river_designations_fish (river_id, designation) VALUES ('deerfield', 'Massachusetts Catch & Release (Catch & Release section)');
INSERT INTO public.river_designations_fish (river_id, designation) VALUES ('deerfield', 'Dam-Release Controlled Flows');
INSERT INTO public.river_spawning (river_id, species, season, notes) VALUES ('deerfield', 'Brown Trout', 'October–November', NULL);
INSERT INTO public.river_hatches (river_id, name, timing, notes, sort_order) VALUES ('deerfield', 'Blue-Winged Olive', 'April–May, September–October', NULL, 0);
INSERT INTO public.river_hatches (river_id, name, timing, notes, sort_order) VALUES ('deerfield', 'Hendrickson', 'Late April – May', NULL, 1);
INSERT INTO public.river_hatches (river_id, name, timing, notes, sort_order) VALUES ('deerfield', 'Caddis', 'May–June', NULL, 2);
INSERT INTO public.river_hatches (river_id, name, timing, notes, sort_order) VALUES ('deerfield', 'Sulfur', 'May–June', NULL, 3);
INSERT INTO public.river_hatches (river_id, name, timing, notes, sort_order) VALUES ('deerfield', 'Isonychia', 'June–September', NULL, 4);
INSERT INTO public.river_guides (river_id, name) VALUES ('deerfield', 'Deerfield Fly Shop');
INSERT INTO public.river_species (river_id, name, species_type, is_primary, notes) VALUES ('saco', 'Brook Trout', 'resident', true, 'Wild brook trout in upper reaches');
INSERT INTO public.river_species (river_id, name, species_type, is_primary, notes) VALUES ('saco', 'Brown Trout', 'resident', true, NULL);
INSERT INTO public.river_species (river_id, name, species_type, is_primary, notes) VALUES ('saco', 'Rainbow Trout', 'resident', false, NULL);
INSERT INTO public.river_species (river_id, name, species_type, is_primary, notes) VALUES ('saco', 'Smallmouth Bass', 'warmwater', false, 'Lower river');
INSERT INTO public.river_designations_fish (river_id, designation) VALUES ('saco', 'New Hampshire Scenic River');
INSERT INTO public.river_spawning (river_id, species, season, notes) VALUES ('saco', 'Brook Trout', 'October–November', NULL);
INSERT INTO public.river_spawning (river_id, species, season, notes) VALUES ('saco', 'Brown Trout', 'October–November', NULL);
INSERT INTO public.river_hatches (river_id, name, timing, notes, sort_order) VALUES ('saco', 'Quill Gordon / Hendrickson', 'April–May', NULL, 0);
INSERT INTO public.river_hatches (river_id, name, timing, notes, sort_order) VALUES ('saco', 'Caddis', 'May–June', NULL, 1);
INSERT INTO public.river_hatches (river_id, name, timing, notes, sort_order) VALUES ('saco', 'Green Drake', 'Late May – June', NULL, 2);
INSERT INTO public.river_hatches (river_id, name, timing, notes, sort_order) VALUES ('saco', 'Sulfur', 'June', NULL, 3);
INSERT INTO public.river_hatches (river_id, name, timing, notes, sort_order) VALUES ('saco', 'Terrestrials', 'July–September', NULL, 4);
INSERT INTO public.river_guides (river_id, name) VALUES ('saco', 'North Country Angler');
INSERT INTO public.river_species (river_id, name, species_type, is_primary, notes) VALUES ('pere_marquette', 'Brown Trout', 'resident', true, 'Wild fish throughout upper river');
INSERT INTO public.river_species (river_id, name, species_type, is_primary, notes) VALUES ('pere_marquette', 'Rainbow Trout', 'resident', true, NULL);
INSERT INTO public.river_species (river_id, name, species_type, is_primary, notes) VALUES ('pere_marquette', 'Brook Trout', 'resident', false, 'Headwaters and tributaries');
INSERT INTO public.river_species (river_id, name, species_type, is_primary, notes) VALUES ('pere_marquette', 'Steelhead', 'anadromous', true, 'World-class runs from Lake Michigan');
INSERT INTO public.river_species (river_id, name, species_type, is_primary, notes) VALUES ('pere_marquette', 'Chinook Salmon', 'anadromous', true, 'Fall run from Lake Michigan');
INSERT INTO public.river_species (river_id, name, species_type, is_primary, notes) VALUES ('pere_marquette', 'Coho Salmon', 'anadromous', false, NULL);
INSERT INTO public.river_designations_fish (river_id, designation) VALUES ('pere_marquette', 'Michigan Blue-Ribbon Trout Stream');
INSERT INTO public.river_designations_fish (river_id, designation) VALUES ('pere_marquette', 'National Wild & Scenic River');
INSERT INTO public.river_designations_fish (river_id, designation) VALUES ('pere_marquette', 'Fly-Fishing-Only section (72nd St to Gleason''s Landing)');
INSERT INTO public.river_spawning (river_id, species, season, notes) VALUES ('pere_marquette', 'Brown Trout', 'October–November', NULL);
INSERT INTO public.river_spawning (river_id, species, season, notes) VALUES ('pere_marquette', 'Steelhead', 'March–April', NULL);
INSERT INTO public.river_spawning (river_id, species, season, notes) VALUES ('pere_marquette', 'Chinook Salmon', 'September–October', NULL);
INSERT INTO public.river_hatches (river_id, name, timing, notes, sort_order) VALUES ('pere_marquette', 'Blue-Winged Olive (BWO)', 'April–May, September–October', NULL, 0);
INSERT INTO public.river_hatches (river_id, name, timing, notes, sort_order) VALUES ('pere_marquette', 'Hendrickson', 'Late April – Mid May', NULL, 1);
INSERT INTO public.river_hatches (river_id, name, timing, notes, sort_order) VALUES ('pere_marquette', 'Caddis', 'May–June', NULL, 2);
INSERT INTO public.river_hatches (river_id, name, timing, notes, sort_order) VALUES ('pere_marquette', 'Sulfur', 'Late May – June', NULL, 3);
INSERT INTO public.river_hatches (river_id, name, timing, notes, sort_order) VALUES ('pere_marquette', 'Brown Drake', 'Late May – Mid June', NULL, 4);
INSERT INTO public.river_hatches (river_id, name, timing, notes, sort_order) VALUES ('pere_marquette', 'Hex (Hexagenia limbata)', 'Late June – Early July', 'Major night hatch on the PM', 5);
INSERT INTO public.river_hatches (river_id, name, timing, notes, sort_order) VALUES ('pere_marquette', 'Trico', 'July–September', NULL, 6);
INSERT INTO public.river_hatches (river_id, name, timing, notes, sort_order) VALUES ('pere_marquette', 'Terrestrials', 'July–September', NULL, 7);
INSERT INTO public.river_runs (river_id, species, timing, peak, notes) VALUES ('pere_marquette', 'Chinook Salmon', 'September – October', 'Late September', 'Kings run from Lake Michigan');
INSERT INTO public.river_runs (river_id, species, timing, peak, notes) VALUES ('pere_marquette', 'Coho Salmon', 'September – November', 'October', NULL);
INSERT INTO public.river_runs (river_id, species, timing, peak, notes) VALUES ('pere_marquette', 'Steelhead', 'October – April', 'November and March', 'Both fall and spring runs');
INSERT INTO public.river_guides (river_id, name) VALUES ('pere_marquette', 'Pere Marquette Lodge');
INSERT INTO public.river_guides (river_id, name) VALUES ('pere_marquette', 'Baldwin Creek Outfitters');
INSERT INTO public.river_species (river_id, name, species_type, is_primary, notes) VALUES ('muskegon', 'Steelhead', 'anadromous', true, 'Excellent runs below Croton Dam');
INSERT INTO public.river_species (river_id, name, species_type, is_primary, notes) VALUES ('muskegon', 'Chinook Salmon', 'anadromous', true, 'Fall run below Croton Dam');
INSERT INTO public.river_species (river_id, name, species_type, is_primary, notes) VALUES ('muskegon', 'Brown Trout', 'resident', true, NULL);
INSERT INTO public.river_species (river_id, name, species_type, is_primary, notes) VALUES ('muskegon', 'Walleye', 'warmwater', true, 'Strong population below Croton Dam');
INSERT INTO public.river_species (river_id, name, species_type, is_primary, notes) VALUES ('muskegon', 'Smallmouth Bass', 'warmwater', false, NULL);
INSERT INTO public.river_designations_fish (river_id, designation) VALUES ('muskegon', 'Michigan Blue-Ribbon Trout Stream (below Croton Dam)');
INSERT INTO public.river_spawning (river_id, species, season, notes) VALUES ('muskegon', 'Brown Trout', 'October–November', NULL);
INSERT INTO public.river_spawning (river_id, species, season, notes) VALUES ('muskegon', 'Steelhead', 'March–April', NULL);
INSERT INTO public.river_spawning (river_id, species, season, notes) VALUES ('muskegon', 'Walleye', 'March–April', NULL);
INSERT INTO public.river_hatches (river_id, name, timing, notes, sort_order) VALUES ('muskegon', 'Blue-Winged Olive (BWO)', 'April–May, September–October', NULL, 0);
INSERT INTO public.river_hatches (river_id, name, timing, notes, sort_order) VALUES ('muskegon', 'Caddis', 'May–June', NULL, 1);
INSERT INTO public.river_hatches (river_id, name, timing, notes, sort_order) VALUES ('muskegon', 'Hex (Hexagenia limbata)', 'Late June – Early July', NULL, 2);
INSERT INTO public.river_hatches (river_id, name, timing, notes, sort_order) VALUES ('muskegon', 'Terrestrials', 'July–September', NULL, 3);
INSERT INTO public.river_runs (river_id, species, timing, peak, notes) VALUES ('muskegon', 'Chinook Salmon', 'September – October', 'Late September', 'Large kings from Lake Michigan; Croton Dam blocks passage');
INSERT INTO public.river_runs (river_id, species, timing, peak, notes) VALUES ('muskegon', 'Steelhead', 'October – April', 'November and March', NULL);
INSERT INTO public.river_guides (river_id, name) VALUES ('muskegon', 'Muskegon River Fly Shop');
INSERT INTO public.river_guides (river_id, name) VALUES ('muskegon', 'Great Lakes Fly Fishing Company');
INSERT INTO public.river_species (river_id, name, species_type, is_primary, notes) VALUES ('boardman', 'Brown Trout', 'resident', true, 'Excellent wild brown trout fishery');
INSERT INTO public.river_species (river_id, name, species_type, is_primary, notes) VALUES ('boardman', 'Brook Trout', 'resident', false, 'Headwaters');
INSERT INTO public.river_species (river_id, name, species_type, is_primary, notes) VALUES ('boardman', 'Steelhead', 'anadromous', false, 'Passage improving with recent dam removals');
INSERT INTO public.river_designations_fish (river_id, designation) VALUES ('boardman', 'Michigan Natural River');
INSERT INTO public.river_designations_fish (river_id, designation) VALUES ('boardman', 'Michigan Blue-Ribbon Trout Stream');
INSERT INTO public.river_spawning (river_id, species, season, notes) VALUES ('boardman', 'Brown Trout', 'October–November', NULL);
INSERT INTO public.river_spawning (river_id, species, season, notes) VALUES ('boardman', 'Brook Trout', 'September–November', NULL);
INSERT INTO public.river_hatches (river_id, name, timing, notes, sort_order) VALUES ('boardman', 'Blue-Winged Olive (BWO)', 'April–May, September–October', NULL, 0);
INSERT INTO public.river_hatches (river_id, name, timing, notes, sort_order) VALUES ('boardman', 'Hendrickson', 'Late April – Mid May', NULL, 1);
INSERT INTO public.river_hatches (river_id, name, timing, notes, sort_order) VALUES ('boardman', 'Caddis', 'May–June', NULL, 2);
INSERT INTO public.river_hatches (river_id, name, timing, notes, sort_order) VALUES ('boardman', 'Sulfur', 'Late May – June', NULL, 3);
INSERT INTO public.river_hatches (river_id, name, timing, notes, sort_order) VALUES ('boardman', 'Hex (Hexagenia limbata)', 'Late June – Early July', NULL, 4);
INSERT INTO public.river_hatches (river_id, name, timing, notes, sort_order) VALUES ('boardman', 'Terrestrials', 'July–September', NULL, 5);
INSERT INTO public.river_guides (river_id, name) VALUES ('boardman', 'The Northern Angler');
INSERT INTO public.river_guides (river_id, name) VALUES ('boardman', 'Streamside Orvis Traverse City');
INSERT INTO public.river_species (river_id, name, species_type, is_primary, notes) VALUES ('jordan', 'Brook Trout', 'resident', true, 'Michigan''s premier wild brook trout stream');
INSERT INTO public.river_species (river_id, name, species_type, is_primary, notes) VALUES ('jordan', 'Brown Trout', 'resident', true, NULL);
INSERT INTO public.river_species (river_id, name, species_type, is_primary, notes) VALUES ('jordan', 'Rainbow Trout', 'resident', false, NULL);
INSERT INTO public.river_designations_fish (river_id, designation) VALUES ('jordan', 'Michigan''s first Natural River (1972)');
INSERT INTO public.river_designations_fish (river_id, designation) VALUES ('jordan', 'Michigan Blue-Ribbon Trout Stream');
INSERT INTO public.river_spawning (river_id, species, season, notes) VALUES ('jordan', 'Brook Trout', 'September–November', 'Critical spawning habitat — avoid wading on redds');
INSERT INTO public.river_spawning (river_id, species, season, notes) VALUES ('jordan', 'Brown Trout', 'October–November', NULL);
INSERT INTO public.river_hatches (river_id, name, timing, notes, sort_order) VALUES ('jordan', 'Blue-Winged Olive (BWO)', 'April–May, September–October', NULL, 0);
INSERT INTO public.river_hatches (river_id, name, timing, notes, sort_order) VALUES ('jordan', 'Hendrickson', 'Late April – Mid May', NULL, 1);
INSERT INTO public.river_hatches (river_id, name, timing, notes, sort_order) VALUES ('jordan', 'Caddis', 'May–June', NULL, 2);
INSERT INTO public.river_hatches (river_id, name, timing, notes, sort_order) VALUES ('jordan', 'Sulfur', 'Late May – June', NULL, 3);
INSERT INTO public.river_hatches (river_id, name, timing, notes, sort_order) VALUES ('jordan', 'Hex (Hexagenia limbata)', 'Late June – Early July', NULL, 4);
INSERT INTO public.river_hatches (river_id, name, timing, notes, sort_order) VALUES ('jordan', 'Terrestrials', 'July–September', NULL, 5);
INSERT INTO public.river_guides (river_id, name) VALUES ('jordan', 'Jordan River Outfitters');
INSERT INTO public.river_guides (river_id, name) VALUES ('jordan', 'The Northern Angler');
INSERT INTO public.river_species (river_id, name, species_type, is_primary, notes) VALUES ('betsie', 'Steelhead', 'anadromous', true, 'Strong runs from Lake Michigan');
INSERT INTO public.river_species (river_id, name, species_type, is_primary, notes) VALUES ('betsie', 'Chinook Salmon', 'anadromous', true, 'Fall run from Lake Michigan');
INSERT INTO public.river_species (river_id, name, species_type, is_primary, notes) VALUES ('betsie', 'Coho Salmon', 'anadromous', false, NULL);
INSERT INTO public.river_species (river_id, name, species_type, is_primary, notes) VALUES ('betsie', 'Brown Trout', 'resident', false, NULL);
INSERT INTO public.river_designations_fish (river_id, designation) VALUES ('betsie', 'Michigan Natural River');
INSERT INTO public.river_spawning (river_id, species, season, notes) VALUES ('betsie', 'Steelhead', 'March–April', NULL);
INSERT INTO public.river_spawning (river_id, species, season, notes) VALUES ('betsie', 'Chinook Salmon', 'September–October', NULL);
INSERT INTO public.river_hatches (river_id, name, timing, notes, sort_order) VALUES ('betsie', 'Caddis', 'May–June', NULL, 0);
INSERT INTO public.river_hatches (river_id, name, timing, notes, sort_order) VALUES ('betsie', 'Hex (Hexagenia limbata)', 'Late June – Early July', NULL, 1);
INSERT INTO public.river_runs (river_id, species, timing, peak, notes) VALUES ('betsie', 'Chinook Salmon', 'September – October', 'Late September', NULL);
INSERT INTO public.river_runs (river_id, species, timing, peak, notes) VALUES ('betsie', 'Coho Salmon', 'September – November', 'October', NULL);
INSERT INTO public.river_runs (river_id, species, timing, peak, notes) VALUES ('betsie', 'Steelhead', 'October – April', 'November and March', NULL);
INSERT INTO public.river_guides (river_id, name) VALUES ('betsie', 'Betsie River Outfitters');
INSERT INTO public.river_species (river_id, name, species_type, is_primary, notes) VALUES ('platte_mi', 'Coho Salmon', 'anadromous', true, 'Site of the first successful Great Lakes coho planting (1966)');
INSERT INTO public.river_species (river_id, name, species_type, is_primary, notes) VALUES ('platte_mi', 'Chinook Salmon', 'anadromous', true, NULL);
INSERT INTO public.river_species (river_id, name, species_type, is_primary, notes) VALUES ('platte_mi', 'Steelhead', 'anadromous', false, NULL);
INSERT INTO public.river_species (river_id, name, species_type, is_primary, notes) VALUES ('platte_mi', 'Brown Trout', 'resident', false, NULL);
INSERT INTO public.river_designations_fish (river_id, designation) VALUES ('platte_mi', 'Michigan Natural River');
INSERT INTO public.river_designations_fish (river_id, designation) VALUES ('platte_mi', 'Historic Great Lakes salmon restoration site');
INSERT INTO public.river_spawning (river_id, species, season, notes) VALUES ('platte_mi', 'Coho Salmon', 'October–November', NULL);
INSERT INTO public.river_spawning (river_id, species, season, notes) VALUES ('platte_mi', 'Chinook Salmon', 'September–October', NULL);
INSERT INTO public.river_runs (river_id, species, timing, peak, notes) VALUES ('platte_mi', 'Coho Salmon', 'September – November', 'October', 'Famous coho run — the river that started Great Lakes salmon fishing');
INSERT INTO public.river_runs (river_id, species, timing, peak, notes) VALUES ('platte_mi', 'Chinook Salmon', 'September – October', 'Late September', NULL);
INSERT INTO public.river_runs (river_id, species, timing, peak, notes) VALUES ('platte_mi', 'Steelhead', 'October – April', 'March', NULL);
INSERT INTO public.river_guides (river_id, name) VALUES ('platte_mi', 'Riverside Canoes (Honor)');
INSERT INTO public.river_species (river_id, name, species_type, is_primary, notes) VALUES ('rifle', 'Smallmouth Bass', 'warmwater', true, 'Excellent smallmouth fishery in lower river');
INSERT INTO public.river_species (river_id, name, species_type, is_primary, notes) VALUES ('rifle', 'Brown Trout', 'resident', false, 'Upper sections near headwaters');
INSERT INTO public.river_species (river_id, name, species_type, is_primary, notes) VALUES ('rifle', 'Brook Trout', 'resident', false, 'Upper reaches');
INSERT INTO public.river_species (river_id, name, species_type, is_primary, notes) VALUES ('rifle', 'Northern Pike', 'warmwater', false, NULL);
INSERT INTO public.river_species (river_id, name, species_type, is_primary, notes) VALUES ('rifle', 'Walleye', 'warmwater', false, 'Lower river near Saginaw Bay');
INSERT INTO public.river_designations_fish (river_id, designation) VALUES ('rifle', 'Michigan Natural River');
INSERT INTO public.river_spawning (river_id, species, season, notes) VALUES ('rifle', 'Smallmouth Bass', 'May–June', NULL);
INSERT INTO public.river_spawning (river_id, species, season, notes) VALUES ('rifle', 'Brown Trout', 'October–November', NULL);
INSERT INTO public.river_guides (river_id, name) VALUES ('rifle', 'Rifle River Canoe Rental');
INSERT INTO public.river_species (river_id, name, species_type, is_primary, notes) VALUES ('huron_mi', 'Smallmouth Bass', 'warmwater', true, NULL);
INSERT INTO public.river_species (river_id, name, species_type, is_primary, notes) VALUES ('huron_mi', 'Northern Pike', 'warmwater', true, NULL);
INSERT INTO public.river_species (river_id, name, species_type, is_primary, notes) VALUES ('huron_mi', 'Largemouth Bass', 'warmwater', false, NULL);
INSERT INTO public.river_species (river_id, name, species_type, is_primary, notes) VALUES ('huron_mi', 'Panfish (bluegill, rock bass)', 'warmwater', false, NULL);
INSERT INTO public.river_species (river_id, name, species_type, is_primary, notes) VALUES ('huron_mi', 'Channel Catfish', 'warmwater', false, NULL);
INSERT INTO public.river_designations_fish (river_id, designation) VALUES ('huron_mi', 'Michigan Natural River (portions)');
INSERT INTO public.river_designations_fish (river_id, designation) VALUES ('huron_mi', 'Huron River Water Trail');
INSERT INTO public.river_spawning (river_id, species, season, notes) VALUES ('huron_mi', 'Smallmouth Bass', 'May–June', NULL);
INSERT INTO public.river_spawning (river_id, species, season, notes) VALUES ('huron_mi', 'Northern Pike', 'March–April', NULL);
INSERT INTO public.river_guides (river_id, name) VALUES ('huron_mi', 'Huron River Fly Shop');
INSERT INTO public.river_species (river_id, name, species_type, is_primary, notes) VALUES ('flat_river', 'Smallmouth Bass', 'warmwater', true, NULL);
INSERT INTO public.river_species (river_id, name, species_type, is_primary, notes) VALUES ('flat_river', 'Steelhead', 'anadromous', false, 'Some steelhead access from Grand River system');
INSERT INTO public.river_species (river_id, name, species_type, is_primary, notes) VALUES ('flat_river', 'Northern Pike', 'warmwater', false, NULL);
INSERT INTO public.river_species (river_id, name, species_type, is_primary, notes) VALUES ('flat_river', 'Rock Bass', 'warmwater', false, NULL);
INSERT INTO public.river_designations_fish (river_id, designation) VALUES ('flat_river', 'Michigan Natural River');
INSERT INTO public.river_spawning (river_id, species, season, notes) VALUES ('flat_river', 'Smallmouth Bass', 'May–June', NULL);
INSERT INTO public.river_guides (river_id, name) VALUES ('flat_river', 'Grand River Fly Shop');
INSERT INTO public.river_species (river_id, name, species_type, is_primary, notes) VALUES ('thornapple', 'Smallmouth Bass', 'warmwater', true, NULL);
INSERT INTO public.river_species (river_id, name, species_type, is_primary, notes) VALUES ('thornapple', 'Northern Pike', 'warmwater', true, NULL);
INSERT INTO public.river_species (river_id, name, species_type, is_primary, notes) VALUES ('thornapple', 'Largemouth Bass', 'warmwater', false, NULL);
INSERT INTO public.river_species (river_id, name, species_type, is_primary, notes) VALUES ('thornapple', 'Panfish (bluegill, rock bass)', 'warmwater', false, NULL);
INSERT INTO public.river_species (river_id, name, species_type, is_primary, notes) VALUES ('thornapple', 'Channel Catfish', 'warmwater', false, NULL);
INSERT INTO public.river_spawning (river_id, species, season, notes) VALUES ('thornapple', 'Smallmouth Bass', 'May–June', NULL);
INSERT INTO public.river_spawning (river_id, species, season, notes) VALUES ('thornapple', 'Northern Pike', 'March–April', NULL);
INSERT INTO public.river_species (river_id, name, species_type, is_primary, notes) VALUES ('twohearted', 'Brook Trout', 'resident', true, 'Wild brook trout — remote Upper Peninsula wilderness stream');
INSERT INTO public.river_species (river_id, name, species_type, is_primary, notes) VALUES ('twohearted', 'Brown Trout', 'resident', false, NULL);
INSERT INTO public.river_species (river_id, name, species_type, is_primary, notes) VALUES ('twohearted', 'Steelhead', 'anadromous', false, 'Runs from Lake Superior');
INSERT INTO public.river_designations_fish (river_id, designation) VALUES ('twohearted', 'Michigan Natural River');
INSERT INTO public.river_designations_fish (river_id, designation) VALUES ('twohearted', 'Michigan Blue-Ribbon Trout Stream');
INSERT INTO public.river_spawning (river_id, species, season, notes) VALUES ('twohearted', 'Brook Trout', 'September–November', NULL);
INSERT INTO public.river_spawning (river_id, species, season, notes) VALUES ('twohearted', 'Brown Trout', 'October–November', NULL);
INSERT INTO public.river_hatches (river_id, name, timing, notes, sort_order) VALUES ('twohearted', 'Blue-Winged Olive (BWO)', 'May–June, September', NULL, 0);
INSERT INTO public.river_hatches (river_id, name, timing, notes, sort_order) VALUES ('twohearted', 'Caddis', 'May–June', NULL, 1);
INSERT INTO public.river_hatches (river_id, name, timing, notes, sort_order) VALUES ('twohearted', 'Hex (Hexagenia limbata)', 'Late June – Early July', NULL, 2);
INSERT INTO public.river_hatches (river_id, name, timing, notes, sort_order) VALUES ('twohearted', 'Terrestrials', 'July–September', NULL, 3);
INSERT INTO public.river_runs (river_id, species, timing, peak, notes) VALUES ('twohearted', 'Steelhead', 'April – May', 'Late April', 'Spring run from Lake Superior');
INSERT INTO public.river_guides (river_id, name) VALUES ('twohearted', 'Two Hearted Outfitters');
INSERT INTO public.river_species (river_id, name, species_type, is_primary, notes) VALUES ('salmon', 'Chinook Salmon', 'anadromous', true, 'Spring/summer runs — longest freshwater salmon migration in lower 48 (900 mi from ocean)');
INSERT INTO public.river_species (river_id, name, species_type, is_primary, notes) VALUES ('salmon', 'Steelhead', 'anadromous', true, 'Wild B-run steelhead, often 10+ lbs');
INSERT INTO public.river_species (river_id, name, species_type, is_primary, notes) VALUES ('salmon', 'Westslope Cutthroat Trout', 'resident', true, 'Native population');
INSERT INTO public.river_species (river_id, name, species_type, is_primary, notes) VALUES ('salmon', 'Bull Trout', 'resident', false, 'Threatened species — catch and release only');
INSERT INTO public.river_designations_fish (river_id, designation) VALUES ('salmon', 'National Wild & Scenic River');
INSERT INTO public.river_designations_fish (river_id, designation) VALUES ('salmon', 'Frank Church–River of No Return Wilderness');
INSERT INTO public.river_designations_fish (river_id, designation) VALUES ('salmon', 'Critical Habitat for ESA-listed salmon and steelhead');
INSERT INTO public.river_spawning (river_id, species, season, notes) VALUES ('salmon', 'Chinook Salmon', 'August–September', 'Run timing critical — spawning closures enforced');
INSERT INTO public.river_spawning (river_id, species, season, notes) VALUES ('salmon', 'Steelhead', 'March–May', NULL);
INSERT INTO public.river_spawning (river_id, species, season, notes) VALUES ('salmon', 'Westslope Cutthroat', 'May–July', NULL);
INSERT INTO public.river_spawning (river_id, species, season, notes) VALUES ('salmon', 'Bull Trout', 'September–October', 'Must release all bull trout immediately');
INSERT INTO public.river_hatches (river_id, name, timing, notes, sort_order) VALUES ('salmon', 'Skwala Stonefly', 'March–April', NULL, 0);
INSERT INTO public.river_hatches (river_id, name, timing, notes, sort_order) VALUES ('salmon', 'Salmonfly', 'June–July', 'Major hatch — draws big cutthroat to the surface', 1);
INSERT INTO public.river_hatches (river_id, name, timing, notes, sort_order) VALUES ('salmon', 'Golden Stonefly', 'June–July', NULL, 2);
INSERT INTO public.river_hatches (river_id, name, timing, notes, sort_order) VALUES ('salmon', 'Pale Morning Dun', 'June–August', NULL, 3);
INSERT INTO public.river_hatches (river_id, name, timing, notes, sort_order) VALUES ('salmon', 'Caddis', 'June–September', NULL, 4);
INSERT INTO public.river_hatches (river_id, name, timing, notes, sort_order) VALUES ('salmon', 'Hopper/Dropper', 'July–September', NULL, 5);
INSERT INTO public.river_runs (river_id, species, timing, peak, notes) VALUES ('salmon', 'Chinook Salmon', 'June – August', 'July', 'Spring/summer Chinook — run timing varies yearly; check IDFG counts');
INSERT INTO public.river_runs (river_id, species, timing, peak, notes) VALUES ('salmon', 'Steelhead', 'September – April', 'October–November', 'Wild B-run fish — catch and release regulations apply');
INSERT INTO public.river_guides (river_id, name) VALUES ('salmon', 'Middle Fork Outfitters');
INSERT INTO public.river_guides (river_id, name) VALUES ('salmon', 'Salmon River Experience');
INSERT INTO public.river_species (river_id, name, species_type, is_primary, notes) VALUES ('lochsa', 'Westslope Cutthroat Trout', 'resident', true, 'Wild, genetically pure population');
INSERT INTO public.river_species (river_id, name, species_type, is_primary, notes) VALUES ('lochsa', 'Steelhead', 'anadromous', true, 'Wild run — catch and release only');
INSERT INTO public.river_species (river_id, name, species_type, is_primary, notes) VALUES ('lochsa', 'Bull Trout', 'resident', false, 'Threatened — catch and release only');
INSERT INTO public.river_designations_fish (river_id, designation) VALUES ('lochsa', 'National Wild & Scenic River');
INSERT INTO public.river_designations_fish (river_id, designation) VALUES ('lochsa', 'Selway-Bitterroot Wilderness (upper tributaries)');
INSERT INTO public.river_designations_fish (river_id, designation) VALUES ('lochsa', 'Lewis & Clark National Historic Trail corridor');
INSERT INTO public.river_spawning (river_id, species, season, notes) VALUES ('lochsa', 'Westslope Cutthroat', 'May–July', NULL);
INSERT INTO public.river_spawning (river_id, species, season, notes) VALUES ('lochsa', 'Steelhead', 'March–May', NULL);
INSERT INTO public.river_spawning (river_id, species, season, notes) VALUES ('lochsa', 'Bull Trout', 'September–October', NULL);
INSERT INTO public.river_hatches (river_id, name, timing, notes, sort_order) VALUES ('lochsa', 'Skwala Stonefly', 'March–April', NULL, 0);
INSERT INTO public.river_hatches (river_id, name, timing, notes, sort_order) VALUES ('lochsa', 'Salmonfly', 'June', 'Brief but intense emergence', 1);
INSERT INTO public.river_hatches (river_id, name, timing, notes, sort_order) VALUES ('lochsa', 'Golden Stonefly', 'June–July', NULL, 2);
INSERT INTO public.river_hatches (river_id, name, timing, notes, sort_order) VALUES ('lochsa', 'Caddis', 'May–July', NULL, 3);
INSERT INTO public.river_hatches (river_id, name, timing, notes, sort_order) VALUES ('lochsa', 'Pale Morning Dun', 'June–August', NULL, 4);
INSERT INTO public.river_hatches (river_id, name, timing, notes, sort_order) VALUES ('lochsa', 'Hopper/Dropper', 'July–September', NULL, 5);
INSERT INTO public.river_runs (river_id, species, timing, peak, notes) VALUES ('lochsa', 'Steelhead', 'March – June', 'April–May', 'Spring run — wild fish only, check IDFG regulations');
INSERT INTO public.river_guides (river_id, name) VALUES ('lochsa', 'Three Rivers Ranch');
INSERT INTO public.river_guides (river_id, name) VALUES ('lochsa', 'Clearwater River Company');
INSERT INTO public.river_species (river_id, name, species_type, is_primary, notes) VALUES ('mf_salmon', 'Chinook Salmon', 'anadromous', true, 'Wild spring/summer run — only accessible by float or trail');
INSERT INTO public.river_species (river_id, name, species_type, is_primary, notes) VALUES ('mf_salmon', 'Steelhead', 'anadromous', true, 'Wild B-run steelhead');
INSERT INTO public.river_species (river_id, name, species_type, is_primary, notes) VALUES ('mf_salmon', 'Westslope Cutthroat Trout', 'resident', true, 'Excellent dry fly fishing');
INSERT INTO public.river_species (river_id, name, species_type, is_primary, notes) VALUES ('mf_salmon', 'Bull Trout', 'resident', false, 'Threatened — catch and release only');
INSERT INTO public.river_designations_fish (river_id, designation) VALUES ('mf_salmon', 'National Wild & Scenic River');
INSERT INTO public.river_designations_fish (river_id, designation) VALUES ('mf_salmon', 'Frank Church–River of No Return Wilderness');
INSERT INTO public.river_designations_fish (river_id, designation) VALUES ('mf_salmon', 'Permit-only (limited launch dates)');
INSERT INTO public.river_spawning (river_id, species, season, notes) VALUES ('mf_salmon', 'Chinook Salmon', 'August–September', NULL);
INSERT INTO public.river_spawning (river_id, species, season, notes) VALUES ('mf_salmon', 'Steelhead', 'March–May', NULL);
INSERT INTO public.river_spawning (river_id, species, season, notes) VALUES ('mf_salmon', 'Westslope Cutthroat', 'May–July', NULL);
INSERT INTO public.river_spawning (river_id, species, season, notes) VALUES ('mf_salmon', 'Bull Trout', 'September–October', NULL);
INSERT INTO public.river_hatches (river_id, name, timing, notes, sort_order) VALUES ('mf_salmon', 'Salmonfly', 'June–July', 'Legendary hatch on the Middle Fork — fish go berserk', 0);
INSERT INTO public.river_hatches (river_id, name, timing, notes, sort_order) VALUES ('mf_salmon', 'Golden Stonefly', 'June–July', NULL, 1);
INSERT INTO public.river_hatches (river_id, name, timing, notes, sort_order) VALUES ('mf_salmon', 'Caddis', 'June–August', NULL, 2);
INSERT INTO public.river_hatches (river_id, name, timing, notes, sort_order) VALUES ('mf_salmon', 'Green Drake', 'Late June – July', NULL, 3);
INSERT INTO public.river_hatches (river_id, name, timing, notes, sort_order) VALUES ('mf_salmon', 'Pale Morning Dun', 'June–August', NULL, 4);
INSERT INTO public.river_hatches (river_id, name, timing, notes, sort_order) VALUES ('mf_salmon', 'Hopper/Dropper', 'July–September', NULL, 5);
INSERT INTO public.river_runs (river_id, species, timing, peak, notes) VALUES ('mf_salmon', 'Chinook Salmon', 'June – August', 'July', 'Wild spring/summer Chinook — wilderness setting');
INSERT INTO public.river_runs (river_id, species, timing, peak, notes) VALUES ('mf_salmon', 'Steelhead', 'September – March', 'October–November', NULL);
INSERT INTO public.river_guides (river_id, name) VALUES ('mf_salmon', 'Middle Fork River Expeditions');
INSERT INTO public.river_guides (river_id, name) VALUES ('mf_salmon', 'ARTA River Trips');
INSERT INTO public.river_species (river_id, name, species_type, is_primary, notes) VALUES ('flathead', 'Westslope Cutthroat Trout', 'resident', true, 'Native — genetically pure populations in upper forks');
INSERT INTO public.river_species (river_id, name, species_type, is_primary, notes) VALUES ('flathead', 'Bull Trout', 'resident', true, 'Threatened species — catch and release only, critical habitat');
INSERT INTO public.river_species (river_id, name, species_type, is_primary, notes) VALUES ('flathead', 'Mountain Whitefish', 'resident', false, NULL);
INSERT INTO public.river_designations_fish (river_id, designation) VALUES ('flathead', 'National Wild & Scenic River (North Fork, Middle Fork, South Fork)');
INSERT INTO public.river_designations_fish (river_id, designation) VALUES ('flathead', 'Great Bear Wilderness');
INSERT INTO public.river_designations_fish (river_id, designation) VALUES ('flathead', 'Glacier National Park headwaters');
INSERT INTO public.river_designations_fish (river_id, designation) VALUES ('flathead', 'Bull Trout Critical Habitat (USFWS)');
INSERT INTO public.river_spawning (river_id, species, season, notes) VALUES ('flathead', 'Westslope Cutthroat', 'May–July', NULL);
INSERT INTO public.river_spawning (river_id, species, season, notes) VALUES ('flathead', 'Bull Trout', 'September–October', 'Must release all bull trout immediately — spawning closures on tributaries');
INSERT INTO public.river_hatches (river_id, name, timing, notes, sort_order) VALUES ('flathead', 'Skwala Stonefly', 'March–April', NULL, 0);
INSERT INTO public.river_hatches (river_id, name, timing, notes, sort_order) VALUES ('flathead', 'Caddis', 'May–June', NULL, 1);
INSERT INTO public.river_hatches (river_id, name, timing, notes, sort_order) VALUES ('flathead', 'Salmonfly', 'June–July', NULL, 2);
INSERT INTO public.river_hatches (river_id, name, timing, notes, sort_order) VALUES ('flathead', 'Golden Stonefly', 'June–July', NULL, 3);
INSERT INTO public.river_hatches (river_id, name, timing, notes, sort_order) VALUES ('flathead', 'Green Drake', 'Late June – July', NULL, 4);
INSERT INTO public.river_hatches (river_id, name, timing, notes, sort_order) VALUES ('flathead', 'Pale Morning Dun', 'June–August', NULL, 5);
INSERT INTO public.river_hatches (river_id, name, timing, notes, sort_order) VALUES ('flathead', 'Hopper/Dropper', 'July–September', NULL, 6);
INSERT INTO public.river_guides (river_id, name) VALUES ('flathead', 'Glacier Anglers');
INSERT INTO public.river_guides (river_id, name) VALUES ('flathead', 'Glacier Raft Company');
INSERT INTO public.river_species (river_id, name, species_type, is_primary, notes) VALUES ('stillwater', 'Rainbow Trout', 'resident', true, NULL);
INSERT INTO public.river_species (river_id, name, species_type, is_primary, notes) VALUES ('stillwater', 'Brown Trout', 'resident', true, NULL);
INSERT INTO public.river_species (river_id, name, species_type, is_primary, notes) VALUES ('stillwater', 'Yellowstone Cutthroat Trout', 'resident', false, 'Upper river and tributaries');
INSERT INTO public.river_species (river_id, name, species_type, is_primary, notes) VALUES ('stillwater', 'Mountain Whitefish', 'resident', false, NULL);
INSERT INTO public.river_designations_fish (river_id, designation) VALUES ('stillwater', 'Absaroka-Beartooth Wilderness (headwaters)');
INSERT INTO public.river_designations_fish (river_id, designation) VALUES ('stillwater', 'Montana Blue-Ribbon Trout Stream');
INSERT INTO public.river_spawning (river_id, species, season, notes) VALUES ('stillwater', 'Rainbow Trout', 'April–June', NULL);
INSERT INTO public.river_spawning (river_id, species, season, notes) VALUES ('stillwater', 'Brown Trout', 'October–November', NULL);
INSERT INTO public.river_spawning (river_id, species, season, notes) VALUES ('stillwater', 'Yellowstone Cutthroat', 'May–July', NULL);
INSERT INTO public.river_hatches (river_id, name, timing, notes, sort_order) VALUES ('stillwater', 'Blue-Winged Olive', 'April–May, September–October', NULL, 0);
INSERT INTO public.river_hatches (river_id, name, timing, notes, sort_order) VALUES ('stillwater', 'Caddis', 'May–June', NULL, 1);
INSERT INTO public.river_hatches (river_id, name, timing, notes, sort_order) VALUES ('stillwater', 'Salmonfly', 'June–July', NULL, 2);
INSERT INTO public.river_hatches (river_id, name, timing, notes, sort_order) VALUES ('stillwater', 'Golden Stonefly', 'June–July', NULL, 3);
INSERT INTO public.river_hatches (river_id, name, timing, notes, sort_order) VALUES ('stillwater', 'Pale Morning Dun', 'June–August', NULL, 4);
INSERT INTO public.river_hatches (river_id, name, timing, notes, sort_order) VALUES ('stillwater', 'Hopper/Dropper', 'July–September', NULL, 5);
INSERT INTO public.river_hatches (river_id, name, timing, notes, sort_order) VALUES ('stillwater', 'October Caddis', 'September–October', NULL, 6);
INSERT INTO public.river_guides (river_id, name) VALUES ('stillwater', 'Stillwater Anglers');
INSERT INTO public.river_guides (river_id, name) VALUES ('stillwater', 'Sweetcast Angler');
INSERT INTO public.river_species (river_id, name, species_type, is_primary, notes) VALUES ('snake_wy', 'Snake River Fine-Spotted Cutthroat Trout', 'resident', true, 'Endemic subspecies — found only in the Snake River drainage');
INSERT INTO public.river_species (river_id, name, species_type, is_primary, notes) VALUES ('snake_wy', 'Brown Trout', 'resident', true, 'Large fish in lower sections');
INSERT INTO public.river_species (river_id, name, species_type, is_primary, notes) VALUES ('snake_wy', 'Rainbow Trout', 'resident', false, NULL);
INSERT INTO public.river_species (river_id, name, species_type, is_primary, notes) VALUES ('snake_wy', 'Mountain Whitefish', 'resident', false, NULL);
INSERT INTO public.river_designations_fish (river_id, designation) VALUES ('snake_wy', 'Grand Teton National Park');
INSERT INTO public.river_designations_fish (river_id, designation) VALUES ('snake_wy', 'Wyoming Blue-Ribbon Trout Stream');
INSERT INTO public.river_designations_fish (river_id, designation) VALUES ('snake_wy', 'Bridger-Teton National Forest');
INSERT INTO public.river_spawning (river_id, species, season, notes) VALUES ('snake_wy', 'Snake River Cutthroat', 'May–July', NULL);
INSERT INTO public.river_spawning (river_id, species, season, notes) VALUES ('snake_wy', 'Brown Trout', 'October–November', NULL);
INSERT INTO public.river_spawning (river_id, species, season, notes) VALUES ('snake_wy', 'Rainbow Trout', 'April–June', NULL);
INSERT INTO public.river_hatches (river_id, name, timing, notes, sort_order) VALUES ('snake_wy', 'Blue-Winged Olive', 'April–May, September–October', NULL, 0);
INSERT INTO public.river_hatches (river_id, name, timing, notes, sort_order) VALUES ('snake_wy', 'Caddis', 'May–June', NULL, 1);
INSERT INTO public.river_hatches (river_id, name, timing, notes, sort_order) VALUES ('snake_wy', 'Salmonfly / Golden Stonefly', 'Late June – July', 'The premier hatch — cutthroat slash aggressively at big dries', 2);
INSERT INTO public.river_hatches (river_id, name, timing, notes, sort_order) VALUES ('snake_wy', 'Green Drake', 'Late June – July', NULL, 3);
INSERT INTO public.river_hatches (river_id, name, timing, notes, sort_order) VALUES ('snake_wy', 'Pale Morning Dun', 'June–August', NULL, 4);
INSERT INTO public.river_hatches (river_id, name, timing, notes, sort_order) VALUES ('snake_wy', 'Hopper/Dropper', 'July–September', 'Best dry fly fishing of summer', 5);
INSERT INTO public.river_hatches (river_id, name, timing, notes, sort_order) VALUES ('snake_wy', 'October Caddis', 'September–October', NULL, 6);
INSERT INTO public.river_guides (river_id, name) VALUES ('snake_wy', 'Snake River Angler');
INSERT INTO public.river_guides (river_id, name) VALUES ('snake_wy', 'Worldcast Anglers');
INSERT INTO public.river_species (river_id, name, species_type, is_primary, notes) VALUES ('green_wy', 'Rainbow Trout', 'resident', true, 'Tailwater rainbows average 16–20 inches');
INSERT INTO public.river_species (river_id, name, species_type, is_primary, notes) VALUES ('green_wy', 'Brown Trout', 'resident', true, 'Trophy fish below Fontenelle and Flaming Gorge dams');
INSERT INTO public.river_species (river_id, name, species_type, is_primary, notes) VALUES ('green_wy', 'Kokanee Salmon', 'resident', false, 'Landlocked sockeye — in Flaming Gorge Reservoir');
INSERT INTO public.river_species (river_id, name, species_type, is_primary, notes) VALUES ('green_wy', 'Mountain Whitefish', 'resident', false, NULL);
INSERT INTO public.river_designations_fish (river_id, designation) VALUES ('green_wy', 'Blue-Ribbon Trout Stream (below Flaming Gorge Dam)');
INSERT INTO public.river_designations_fish (river_id, designation) VALUES ('green_wy', 'Flaming Gorge National Recreation Area');
INSERT INTO public.river_spawning (river_id, species, season, notes) VALUES ('green_wy', 'Rainbow Trout', 'March–May', NULL);
INSERT INTO public.river_spawning (river_id, species, season, notes) VALUES ('green_wy', 'Brown Trout', 'October–November', NULL);
INSERT INTO public.river_hatches (river_id, name, timing, notes, sort_order) VALUES ('green_wy', 'Midge', 'Year-round, especially November–March', NULL, 0);
INSERT INTO public.river_hatches (river_id, name, timing, notes, sort_order) VALUES ('green_wy', 'Blue-Winged Olive', 'April–May, September–October', NULL, 1);
INSERT INTO public.river_hatches (river_id, name, timing, notes, sort_order) VALUES ('green_wy', 'Caddis', 'May–June', NULL, 2);
INSERT INTO public.river_hatches (river_id, name, timing, notes, sort_order) VALUES ('green_wy', 'Pale Morning Dun', 'June–August', NULL, 3);
INSERT INTO public.river_hatches (river_id, name, timing, notes, sort_order) VALUES ('green_wy', 'Cicada', 'July–August', 'Periodic — explosive dry fly fishing in cycle years', 4);
INSERT INTO public.river_hatches (river_id, name, timing, notes, sort_order) VALUES ('green_wy', 'Hopper/Dropper', 'July–September', NULL, 5);
INSERT INTO public.river_guides (river_id, name) VALUES ('green_wy', 'Trout Creek Flies');
INSERT INTO public.river_guides (river_id, name) VALUES ('green_wy', 'Green River Drifters');
INSERT INTO public.river_species (river_id, name, species_type, is_primary, notes) VALUES ('north_platte', 'Rainbow Trout', 'resident', true, 'Miracle Mile rainbows average 17–20 inches');
INSERT INTO public.river_species (river_id, name, species_type, is_primary, notes) VALUES ('north_platte', 'Brown Trout', 'resident', true, 'Trophy browns — fish over 10 lbs taken annually');
INSERT INTO public.river_species (river_id, name, species_type, is_primary, notes) VALUES ('north_platte', 'Walleye', 'warmwater', false, 'Reservoir-associated');
INSERT INTO public.river_designations_fish (river_id, designation) VALUES ('north_platte', 'Wyoming Blue-Ribbon Trout Stream');
INSERT INTO public.river_designations_fish (river_id, designation) VALUES ('north_platte', 'Miracle Mile (WGFD Special Regulation Area)');
INSERT INTO public.river_designations_fish (river_id, designation) VALUES ('north_platte', 'Grey Reef Blue-Ribbon Section');
INSERT INTO public.river_spawning (river_id, species, season, notes) VALUES ('north_platte', 'Rainbow Trout', 'March–May', NULL);
INSERT INTO public.river_spawning (river_id, species, season, notes) VALUES ('north_platte', 'Brown Trout', 'October–November', NULL);
INSERT INTO public.river_hatches (river_id, name, timing, notes, sort_order) VALUES ('north_platte', 'Midge', 'Year-round, dominant November–March', 'The bread-and-butter pattern on the Miracle Mile', 0);
INSERT INTO public.river_hatches (river_id, name, timing, notes, sort_order) VALUES ('north_platte', 'Blue-Winged Olive', 'April–May, September–October', NULL, 1);
INSERT INTO public.river_hatches (river_id, name, timing, notes, sort_order) VALUES ('north_platte', 'Caddis', 'May–June', NULL, 2);
INSERT INTO public.river_hatches (river_id, name, timing, notes, sort_order) VALUES ('north_platte', 'Pale Morning Dun', 'June–August', NULL, 3);
INSERT INTO public.river_hatches (river_id, name, timing, notes, sort_order) VALUES ('north_platte', 'Trico', 'July–September', 'Heavy spinner falls at Grey Reef', 4);
INSERT INTO public.river_hatches (river_id, name, timing, notes, sort_order) VALUES ('north_platte', 'Hopper/Dropper', 'July–September', NULL, 5);
INSERT INTO public.river_guides (river_id, name) VALUES ('north_platte', 'Ugly Bug Fly Shop');
INSERT INTO public.river_guides (river_id, name) VALUES ('north_platte', 'North Platte Lodge');
INSERT INTO public.river_species (river_id, name, species_type, is_primary, notes) VALUES ('poudre', 'Rainbow Trout', 'resident', true, NULL);
INSERT INTO public.river_species (river_id, name, species_type, is_primary, notes) VALUES ('poudre', 'Brown Trout', 'resident', true, 'Wild fish dominant in canyon sections');
INSERT INTO public.river_species (river_id, name, species_type, is_primary, notes) VALUES ('poudre', 'Brook Trout', 'resident', false, 'Upper headwaters and tributaries');
INSERT INTO public.river_species (river_id, name, species_type, is_primary, notes) VALUES ('poudre', 'Greenback Cutthroat Trout', 'resident', false, 'Colorado''s state fish — recovery efforts in tributaries');
INSERT INTO public.river_designations_fish (river_id, designation) VALUES ('poudre', 'National Wild & Scenic River');
INSERT INTO public.river_designations_fish (river_id, designation) VALUES ('poudre', 'Colorado Gold Medal candidate waters');
INSERT INTO public.river_designations_fish (river_id, designation) VALUES ('poudre', 'Roosevelt National Forest');
INSERT INTO public.river_spawning (river_id, species, season, notes) VALUES ('poudre', 'Brown Trout', 'October–November', NULL);
INSERT INTO public.river_spawning (river_id, species, season, notes) VALUES ('poudre', 'Rainbow Trout', 'March–May', NULL);
INSERT INTO public.river_hatches (river_id, name, timing, notes, sort_order) VALUES ('poudre', 'Blue-Winged Olive', 'April–May, September–October', NULL, 0);
INSERT INTO public.river_hatches (river_id, name, timing, notes, sort_order) VALUES ('poudre', 'Caddis', 'May–July', 'Mother''s Day Caddis kicks off the season', 1);
INSERT INTO public.river_hatches (river_id, name, timing, notes, sort_order) VALUES ('poudre', 'Stonefly (Golden Stone)', 'June–July', NULL, 2);
INSERT INTO public.river_hatches (river_id, name, timing, notes, sort_order) VALUES ('poudre', 'Pale Morning Dun', 'June–August', NULL, 3);
INSERT INTO public.river_hatches (river_id, name, timing, notes, sort_order) VALUES ('poudre', 'Red Quill', 'July–August', NULL, 4);
INSERT INTO public.river_hatches (river_id, name, timing, notes, sort_order) VALUES ('poudre', 'Hopper/Dropper', 'July–September', NULL, 5);
INSERT INTO public.river_hatches (river_id, name, timing, notes, sort_order) VALUES ('poudre', 'Terrestrials', 'July–September', NULL, 6);
INSERT INTO public.river_guides (river_id, name) VALUES ('poudre', 'St. Peter''s Fly Shop');
INSERT INTO public.river_guides (river_id, name) VALUES ('poudre', 'Rocky Mountain Adventures');
INSERT INTO public.river_species (river_id, name, species_type, is_primary, notes) VALUES ('yampa', 'Northern Pike', 'warmwater', true, 'Invasive — threatening native fish; removal encouraged');
INSERT INTO public.river_species (river_id, name, species_type, is_primary, notes) VALUES ('yampa', 'Smallmouth Bass', 'warmwater', true, NULL);
INSERT INTO public.river_species (river_id, name, species_type, is_primary, notes) VALUES ('yampa', 'Channel Catfish', 'warmwater', false, NULL);
INSERT INTO public.river_species (river_id, name, species_type, is_primary, notes) VALUES ('yampa', 'Colorado Pikeminnow', 'warmwater', false, 'Endangered native — catch and release, report sightings to CPW');
INSERT INTO public.river_designations_fish (river_id, designation) VALUES ('yampa', 'Yampa River Core Habitat for endangered fish (USFWS)');
INSERT INTO public.river_designations_fish (river_id, designation) VALUES ('yampa', 'Dinosaur National Monument (lower canyon)');
INSERT INTO public.river_spawning (river_id, species, season, notes) VALUES ('yampa', 'Northern Pike', 'March–May', 'Pike removal programs active — keep all pike caught');
INSERT INTO public.river_spawning (river_id, species, season, notes) VALUES ('yampa', 'Smallmouth Bass', 'May–July', NULL);
INSERT INTO public.river_guides (river_id, name) VALUES ('yampa', 'Steamboat Flyfisher');
INSERT INTO public.river_guides (river_id, name) VALUES ('yampa', 'Bucking Rainbow Outfitters');
INSERT INTO public.river_species (river_id, name, species_type, is_primary, notes) VALUES ('rogue', 'Steelhead (summer)', 'anadromous', true, 'Half-pounder steelhead unique to the Rogue');
INSERT INTO public.river_species (river_id, name, species_type, is_primary, notes) VALUES ('rogue', 'Steelhead (winter)', 'anadromous', true, NULL);
INSERT INTO public.river_species (river_id, name, species_type, is_primary, notes) VALUES ('rogue', 'Chinook Salmon (spring)', 'anadromous', true, NULL);
INSERT INTO public.river_species (river_id, name, species_type, is_primary, notes) VALUES ('rogue', 'Chinook Salmon (fall)', 'anadromous', false, NULL);
INSERT INTO public.river_species (river_id, name, species_type, is_primary, notes) VALUES ('rogue', 'Coho Salmon', 'anadromous', false, NULL);
INSERT INTO public.river_species (river_id, name, species_type, is_primary, notes) VALUES ('rogue', 'Resident Rainbow Trout', 'resident', false, NULL);
INSERT INTO public.river_designations_fish (river_id, designation) VALUES ('rogue', 'National Wild & Scenic River');
INSERT INTO public.river_designations_fish (river_id, designation) VALUES ('rogue', 'Wild Rogue Wilderness');
INSERT INTO public.river_designations_fish (river_id, designation) VALUES ('rogue', 'ODFW Wild Fish Management Area');
INSERT INTO public.river_spawning (river_id, species, season, notes) VALUES ('rogue', 'Chinook Salmon (spring)', 'September–October', NULL);
INSERT INTO public.river_spawning (river_id, species, season, notes) VALUES ('rogue', 'Chinook Salmon (fall)', 'October–November', NULL);
INSERT INTO public.river_spawning (river_id, species, season, notes) VALUES ('rogue', 'Coho Salmon', 'November–January', NULL);
INSERT INTO public.river_spawning (river_id, species, season, notes) VALUES ('rogue', 'Steelhead (winter)', 'February–April', NULL);
INSERT INTO public.river_hatches (river_id, name, timing, notes, sort_order) VALUES ('rogue', 'Caddis', 'April–June', NULL, 0);
INSERT INTO public.river_hatches (river_id, name, timing, notes, sort_order) VALUES ('rogue', 'Salmonfly', 'May–June', NULL, 1);
INSERT INTO public.river_hatches (river_id, name, timing, notes, sort_order) VALUES ('rogue', 'Golden Stonefly', 'June–July', NULL, 2);
INSERT INTO public.river_hatches (river_id, name, timing, notes, sort_order) VALUES ('rogue', 'October Caddis', 'September–November', NULL, 3);
INSERT INTO public.river_runs (river_id, species, timing, peak, notes) VALUES ('rogue', 'Spring Chinook', 'April – July', 'May–June', 'Prized for table quality — hatchery fish may be kept');
INSERT INTO public.river_runs (river_id, species, timing, peak, notes) VALUES ('rogue', 'Summer Steelhead', 'June – October', 'August–September', 'Half-pounders return as immature 2–4 lb fish — unique to the Rogue and Klamath');
INSERT INTO public.river_runs (river_id, species, timing, peak, notes) VALUES ('rogue', 'Fall Chinook', 'September – November', 'October', NULL);
INSERT INTO public.river_runs (river_id, species, timing, peak, notes) VALUES ('rogue', 'Winter Steelhead', 'December – April', 'January–February', NULL);
INSERT INTO public.river_runs (river_id, species, timing, peak, notes) VALUES ('rogue', 'Coho Salmon', 'September – November', 'October', NULL);
INSERT INTO public.river_guides (river_id, name) VALUES ('rogue', 'Rogue River Outfitters');
INSERT INTO public.river_guides (river_id, name) VALUES ('rogue', 'Morrisons Rogue Wilderness Adventures');
INSERT INTO public.river_species (river_id, name, species_type, is_primary, notes) VALUES ('deschutes', 'Resident Rainbow Trout (Redsides)', 'resident', true, 'Wild redside rainbows — hard-fighting, beautifully colored native strain');
INSERT INTO public.river_species (river_id, name, species_type, is_primary, notes) VALUES ('deschutes', 'Steelhead', 'anadromous', true, 'Wild and hatchery summer steelhead');
INSERT INTO public.river_species (river_id, name, species_type, is_primary, notes) VALUES ('deschutes', 'Chinook Salmon', 'anadromous', false, 'Spring Chinook — limited fishing opportunity');
INSERT INTO public.river_species (river_id, name, species_type, is_primary, notes) VALUES ('deschutes', 'Brown Trout', 'resident', false, 'Below Pelton Dam');
INSERT INTO public.river_designations_fish (river_id, designation) VALUES ('deschutes', 'National Wild & Scenic River');
INSERT INTO public.river_designations_fish (river_id, designation) VALUES ('deschutes', 'Oregon Blue-Ribbon equivalent (ODFW Quality Waters)');
INSERT INTO public.river_designations_fish (river_id, designation) VALUES ('deschutes', 'BLM Wild & Scenic Corridor');
INSERT INTO public.river_spawning (river_id, species, season, notes) VALUES ('deschutes', 'Rainbow Trout (Redsides)', 'March–May', NULL);
INSERT INTO public.river_spawning (river_id, species, season, notes) VALUES ('deschutes', 'Brown Trout', 'October–November', NULL);
INSERT INTO public.river_hatches (river_id, name, timing, notes, sort_order) VALUES ('deschutes', 'Blue-Winged Olive', 'March–May', NULL, 0);
INSERT INTO public.river_hatches (river_id, name, timing, notes, sort_order) VALUES ('deschutes', 'Caddis (Mother''s Day Caddis)', 'May–June', 'Enormous emergence — the signature Deschutes hatch', 1);
INSERT INTO public.river_hatches (river_id, name, timing, notes, sort_order) VALUES ('deschutes', 'Salmonfly', 'Late May – June', 'Iconic hatch — fish eat big dries aggressively', 2);
INSERT INTO public.river_hatches (river_id, name, timing, notes, sort_order) VALUES ('deschutes', 'Golden Stonefly', 'June–July', NULL, 3);
INSERT INTO public.river_hatches (river_id, name, timing, notes, sort_order) VALUES ('deschutes', 'Pale Morning Dun', 'June–August', NULL, 4);
INSERT INTO public.river_hatches (river_id, name, timing, notes, sort_order) VALUES ('deschutes', 'October Caddis', 'September–November', 'Size 8 — best late season dry fly action', 5);
INSERT INTO public.river_runs (river_id, species, timing, peak, notes) VALUES ('deschutes', 'Summer Steelhead', 'July – November', 'September–October', 'Legendary steelhead fishery — traditional spey and swing techniques');
INSERT INTO public.river_runs (river_id, species, timing, peak, notes) VALUES ('deschutes', 'Spring Chinook', 'April – June', 'May', 'Limited opportunity — check ODFW regulations');
INSERT INTO public.river_guides (river_id, name) VALUES ('deschutes', 'Deschutes Angler');
INSERT INTO public.river_guides (river_id, name) VALUES ('deschutes', 'The Fly Fisher''s Place');
INSERT INTO public.river_species (river_id, name, species_type, is_primary, notes) VALUES ('mckenzie', 'Rainbow Trout', 'resident', true, 'Wild McKenzie strain — emerald-clear spring-fed water');
INSERT INTO public.river_species (river_id, name, species_type, is_primary, notes) VALUES ('mckenzie', 'Spring Chinook Salmon', 'anadromous', true, 'Highly prized spring run');
INSERT INTO public.river_species (river_id, name, species_type, is_primary, notes) VALUES ('mckenzie', 'Bull Trout', 'resident', false, 'Threatened — catch and release only');
INSERT INTO public.river_designations_fish (river_id, designation) VALUES ('mckenzie', 'National Wild & Scenic River');
INSERT INTO public.river_designations_fish (river_id, designation) VALUES ('mckenzie', 'Willamette National Forest');
INSERT INTO public.river_designations_fish (river_id, designation) VALUES ('mckenzie', 'Home of the McKenzie River drift boat');
INSERT INTO public.river_spawning (river_id, species, season, notes) VALUES ('mckenzie', 'Rainbow Trout', 'March–May', NULL);
INSERT INTO public.river_spawning (river_id, species, season, notes) VALUES ('mckenzie', 'Spring Chinook', 'August–September', NULL);
INSERT INTO public.river_spawning (river_id, species, season, notes) VALUES ('mckenzie', 'Bull Trout', 'September–October', NULL);
INSERT INTO public.river_hatches (river_id, name, timing, notes, sort_order) VALUES ('mckenzie', 'Blue-Winged Olive', 'March–May', NULL, 0);
INSERT INTO public.river_hatches (river_id, name, timing, notes, sort_order) VALUES ('mckenzie', 'March Brown', 'March–April', NULL, 1);
INSERT INTO public.river_hatches (river_id, name, timing, notes, sort_order) VALUES ('mckenzie', 'Caddis', 'April–June', NULL, 2);
INSERT INTO public.river_hatches (river_id, name, timing, notes, sort_order) VALUES ('mckenzie', 'Green Drake', 'Late May – June', NULL, 3);
INSERT INTO public.river_hatches (river_id, name, timing, notes, sort_order) VALUES ('mckenzie', 'Golden Stonefly', 'June–July', NULL, 4);
INSERT INTO public.river_hatches (river_id, name, timing, notes, sort_order) VALUES ('mckenzie', 'October Caddis', 'September–October', NULL, 5);
INSERT INTO public.river_runs (river_id, species, timing, peak, notes) VALUES ('mckenzie', 'Spring Chinook', 'April – July', 'May–June', 'Check ODFW regulations for retention rules');
INSERT INTO public.river_guides (river_id, name) VALUES ('mckenzie', 'The Caddis Fly Angling Shop');
INSERT INTO public.river_guides (river_id, name) VALUES ('mckenzie', 'Oregon Fly Fishing Blog Guides');
INSERT INTO public.river_species (river_id, name, species_type, is_primary, notes) VALUES ('north_umpqua', 'Summer Steelhead', 'anadromous', true, 'World-famous summer steelhead — Zane Grey called it his favorite river');
INSERT INTO public.river_species (river_id, name, species_type, is_primary, notes) VALUES ('north_umpqua', 'Resident Rainbow Trout', 'resident', false, NULL);
INSERT INTO public.river_species (river_id, name, species_type, is_primary, notes) VALUES ('north_umpqua', 'Spring Chinook Salmon', 'anadromous', false, NULL);
INSERT INTO public.river_designations_fish (river_id, designation) VALUES ('north_umpqua', 'National Wild & Scenic River');
INSERT INTO public.river_designations_fish (river_id, designation) VALUES ('north_umpqua', 'Fly-Fishing-Only Water (31-mile Camp Water stretch)');
INSERT INTO public.river_designations_fish (river_id, designation) VALUES ('north_umpqua', 'Umpqua National Forest');
INSERT INTO public.river_designations_fish (river_id, designation) VALUES ('north_umpqua', 'Zane Grey''s legendary steelhead river');
INSERT INTO public.river_spawning (river_id, species, season, notes) VALUES ('north_umpqua', 'Summer Steelhead', 'January–March', NULL);
INSERT INTO public.river_spawning (river_id, species, season, notes) VALUES ('north_umpqua', 'Spring Chinook', 'August–September', NULL);
INSERT INTO public.river_hatches (river_id, name, timing, notes, sort_order) VALUES ('north_umpqua', 'Caddis', 'April–June', NULL, 0);
INSERT INTO public.river_hatches (river_id, name, timing, notes, sort_order) VALUES ('north_umpqua', 'Golden Stonefly', 'June–July', NULL, 1);
INSERT INTO public.river_hatches (river_id, name, timing, notes, sort_order) VALUES ('north_umpqua', 'October Caddis', 'September–November', NULL, 2);
INSERT INTO public.river_runs (river_id, species, timing, peak, notes) VALUES ('north_umpqua', 'Summer Steelhead', 'June – November', 'September–October', 'Fly-fishing-only on Camp Water — traditional wet fly swing is the method');
INSERT INTO public.river_runs (river_id, species, timing, peak, notes) VALUES ('north_umpqua', 'Spring Chinook', 'April – July', 'May–June', NULL);
INSERT INTO public.river_guides (river_id, name) VALUES ('north_umpqua', 'North Umpqua Outfitters');
INSERT INTO public.river_guides (river_id, name) VALUES ('north_umpqua', 'Blue Heron Fly Shop');
INSERT INTO public.river_species (river_id, name, species_type, is_primary, notes) VALUES ('wenatchee', 'Steelhead', 'anadromous', true, 'Wild steelhead — catch and release only');
INSERT INTO public.river_species (river_id, name, species_type, is_primary, notes) VALUES ('wenatchee', 'Chinook Salmon', 'anadromous', true, 'Spring and summer/fall runs');
INSERT INTO public.river_species (river_id, name, species_type, is_primary, notes) VALUES ('wenatchee', 'Sockeye Salmon', 'anadromous', false, 'Run to Lake Wenatchee — tribal and sport harvest in select years');
INSERT INTO public.river_species (river_id, name, species_type, is_primary, notes) VALUES ('wenatchee', 'Resident Rainbow Trout', 'resident', false, NULL);
INSERT INTO public.river_designations_fish (river_id, designation) VALUES ('wenatchee', 'Okanogan-Wenatchee National Forest');
INSERT INTO public.river_designations_fish (river_id, designation) VALUES ('wenatchee', 'WDFW Wild Steelhead Release rules');
INSERT INTO public.river_designations_fish (river_id, designation) VALUES ('wenatchee', 'Critical habitat for ESA-listed salmon');
INSERT INTO public.river_spawning (river_id, species, season, notes) VALUES ('wenatchee', 'Chinook Salmon', 'September–October', NULL);
INSERT INTO public.river_spawning (river_id, species, season, notes) VALUES ('wenatchee', 'Steelhead', 'March–May', NULL);
INSERT INTO public.river_spawning (river_id, species, season, notes) VALUES ('wenatchee', 'Sockeye Salmon', 'August–September', NULL);
INSERT INTO public.river_hatches (river_id, name, timing, notes, sort_order) VALUES ('wenatchee', 'Skwala Stonefly', 'March–April', NULL, 0);
INSERT INTO public.river_hatches (river_id, name, timing, notes, sort_order) VALUES ('wenatchee', 'Caddis', 'May–June', NULL, 1);
INSERT INTO public.river_hatches (river_id, name, timing, notes, sort_order) VALUES ('wenatchee', 'Salmonfly', 'June–July', NULL, 2);
INSERT INTO public.river_hatches (river_id, name, timing, notes, sort_order) VALUES ('wenatchee', 'Pale Morning Dun', 'June–August', NULL, 3);
INSERT INTO public.river_hatches (river_id, name, timing, notes, sort_order) VALUES ('wenatchee', 'Hopper/Dropper', 'July–September', NULL, 4);
INSERT INTO public.river_runs (river_id, species, timing, peak, notes) VALUES ('wenatchee', 'Spring Chinook', 'May – July', 'June', 'Check WDFW emergency rules — openings vary yearly');
INSERT INTO public.river_runs (river_id, species, timing, peak, notes) VALUES ('wenatchee', 'Sockeye Salmon', 'June – August', 'July', 'Limited sport seasons in strong run years only');
INSERT INTO public.river_runs (river_id, species, timing, peak, notes) VALUES ('wenatchee', 'Summer/Fall Chinook', 'July – October', 'September', NULL);
INSERT INTO public.river_runs (river_id, species, timing, peak, notes) VALUES ('wenatchee', 'Steelhead', 'October – April', 'November–December', 'Wild steelhead release required');
INSERT INTO public.river_guides (river_id, name) VALUES ('wenatchee', 'Wenatchee River Anglers');
INSERT INTO public.river_guides (river_id, name) VALUES ('wenatchee', 'Evening Hatch Guide Service');
INSERT INTO public.river_species (river_id, name, species_type, is_primary, notes) VALUES ('skagit', 'Chinook Salmon', 'anadromous', true, NULL);
INSERT INTO public.river_species (river_id, name, species_type, is_primary, notes) VALUES ('skagit', 'Coho Salmon', 'anadromous', true, NULL);
INSERT INTO public.river_species (river_id, name, species_type, is_primary, notes) VALUES ('skagit', 'Pink Salmon', 'anadromous', false, 'Odd-year runs');
INSERT INTO public.river_species (river_id, name, species_type, is_primary, notes) VALUES ('skagit', 'Chum Salmon', 'anadromous', false, NULL);
INSERT INTO public.river_species (river_id, name, species_type, is_primary, notes) VALUES ('skagit', 'Sockeye Salmon', 'anadromous', false, 'Baker Lake sockeye');
INSERT INTO public.river_species (river_id, name, species_type, is_primary, notes) VALUES ('skagit', 'Steelhead', 'anadromous', true, 'Wild winter and summer runs — all wild steelhead catch and release');
INSERT INTO public.river_species (river_id, name, species_type, is_primary, notes) VALUES ('skagit', 'Bull Trout', 'resident', false, 'Threatened — catch and release only');
INSERT INTO public.river_designations_fish (river_id, designation) VALUES ('skagit', 'National Wild & Scenic River');
INSERT INTO public.river_designations_fish (river_id, designation) VALUES ('skagit', 'Skagit River Bald Eagle Natural Area');
INSERT INTO public.river_designations_fish (river_id, designation) VALUES ('skagit', 'All 5 Pacific salmon species present');
INSERT INTO public.river_designations_fish (river_id, designation) VALUES ('skagit', 'WDFW Wild Steelhead Release rules');
INSERT INTO public.river_spawning (river_id, species, season, notes) VALUES ('skagit', 'Chinook Salmon', 'September–October', NULL);
INSERT INTO public.river_spawning (river_id, species, season, notes) VALUES ('skagit', 'Chum Salmon', 'November–December', NULL);
INSERT INTO public.river_spawning (river_id, species, season, notes) VALUES ('skagit', 'Coho Salmon', 'October–December', NULL);
INSERT INTO public.river_spawning (river_id, species, season, notes) VALUES ('skagit', 'Steelhead (winter)', 'March–May', NULL);
INSERT INTO public.river_spawning (river_id, species, season, notes) VALUES ('skagit', 'Bull Trout', 'September–October', NULL);
INSERT INTO public.river_hatches (river_id, name, timing, notes, sort_order) VALUES ('skagit', 'Skwala Stonefly', 'February–April', NULL, 0);
INSERT INTO public.river_hatches (river_id, name, timing, notes, sort_order) VALUES ('skagit', 'Caddis', 'April–June', NULL, 1);
INSERT INTO public.river_hatches (river_id, name, timing, notes, sort_order) VALUES ('skagit', 'Pink Albert (Pink Cahill)', 'June–July', NULL, 2);
INSERT INTO public.river_runs (river_id, species, timing, peak, notes) VALUES ('skagit', 'Summer Steelhead', 'May – October', 'July–August', NULL);
INSERT INTO public.river_runs (river_id, species, timing, peak, notes) VALUES ('skagit', 'Chinook Salmon', 'July – October', 'August–September', NULL);
INSERT INTO public.river_runs (river_id, species, timing, peak, notes) VALUES ('skagit', 'Pink Salmon', 'August – October', 'September', 'Odd years only — massive runs when they come');
INSERT INTO public.river_runs (river_id, species, timing, peak, notes) VALUES ('skagit', 'Coho Salmon', 'September – November', 'October', NULL);
INSERT INTO public.river_runs (river_id, species, timing, peak, notes) VALUES ('skagit', 'Chum Salmon', 'October – December', 'November', 'Draws hundreds of bald eagles in winter');
INSERT INTO public.river_runs (river_id, species, timing, peak, notes) VALUES ('skagit', 'Winter Steelhead', 'December – April', 'February–March', 'World-class spey fishery — birthplace of the Skagit casting style');
INSERT INTO public.river_guides (river_id, name) VALUES ('skagit', 'Emerald Water Anglers');
INSERT INTO public.river_guides (river_id, name) VALUES ('skagit', 'Pacific Fly Fishers');
INSERT INTO public.river_species (river_id, name, species_type, is_primary, notes) VALUES ('tuolumne', 'Rainbow Trout', 'resident', true, 'Wild fish in upper canyon sections');
INSERT INTO public.river_species (river_id, name, species_type, is_primary, notes) VALUES ('tuolumne', 'Brown Trout', 'resident', true, 'Below reservoirs');
INSERT INTO public.river_designations_fish (river_id, designation) VALUES ('tuolumne', 'National Wild & Scenic River (upper sections)');
INSERT INTO public.river_designations_fish (river_id, designation) VALUES ('tuolumne', 'Stanislaus National Forest');
INSERT INTO public.river_designations_fish (river_id, designation) VALUES ('tuolumne', 'Sierra granite whitewater and trout');
INSERT INTO public.river_spawning (river_id, species, season, notes) VALUES ('tuolumne', 'Rainbow Trout', 'March–May', NULL);
INSERT INTO public.river_spawning (river_id, species, season, notes) VALUES ('tuolumne', 'Brown Trout', 'October–November', NULL);
INSERT INTO public.river_hatches (river_id, name, timing, notes, sort_order) VALUES ('tuolumne', 'Blue-Winged Olive', 'March–May, October–November', NULL, 0);
INSERT INTO public.river_hatches (river_id, name, timing, notes, sort_order) VALUES ('tuolumne', 'Caddis', 'May–July', NULL, 1);
INSERT INTO public.river_hatches (river_id, name, timing, notes, sort_order) VALUES ('tuolumne', 'Golden Stonefly', 'June–July', NULL, 2);
INSERT INTO public.river_hatches (river_id, name, timing, notes, sort_order) VALUES ('tuolumne', 'Pale Morning Dun', 'June–August', NULL, 3);
INSERT INTO public.river_hatches (river_id, name, timing, notes, sort_order) VALUES ('tuolumne', 'Hopper/Dropper', 'July–September', NULL, 4);
INSERT INTO public.river_guides (river_id, name) VALUES ('tuolumne', 'Sierra Fly Fisher');
INSERT INTO public.river_guides (river_id, name) VALUES ('tuolumne', 'ARTA River Trips');
INSERT INTO public.river_species (river_id, name, species_type, is_primary, notes) VALUES ('kern', 'Rainbow Trout', 'resident', true, NULL);
INSERT INTO public.river_species (river_id, name, species_type, is_primary, notes) VALUES ('kern', 'Golden Trout', 'resident', true, 'California''s state fish — native to upper Kern River drainage, South Fork Kern. One of the most beautiful trout in the world');
INSERT INTO public.river_species (river_id, name, species_type, is_primary, notes) VALUES ('kern', 'Brown Trout', 'resident', false, 'Lower sections');
INSERT INTO public.river_designations_fish (river_id, designation) VALUES ('kern', 'National Wild & Scenic River');
INSERT INTO public.river_designations_fish (river_id, designation) VALUES ('kern', 'Sequoia National Forest');
INSERT INTO public.river_designations_fish (river_id, designation) VALUES ('kern', 'Golden Trout Wilderness (upper Kern)');
INSERT INTO public.river_designations_fish (river_id, designation) VALUES ('kern', 'Kern River is the birthplace of California''s golden trout');
INSERT INTO public.river_spawning (river_id, species, season, notes) VALUES ('kern', 'Golden Trout', 'June–August', 'High-elevation spawning — extremely sensitive habitat');
INSERT INTO public.river_spawning (river_id, species, season, notes) VALUES ('kern', 'Rainbow Trout', 'March–May', NULL);
INSERT INTO public.river_spawning (river_id, species, season, notes) VALUES ('kern', 'Brown Trout', 'October–November', NULL);
INSERT INTO public.river_hatches (river_id, name, timing, notes, sort_order) VALUES ('kern', 'Caddis', 'April–June', NULL, 0);
INSERT INTO public.river_hatches (river_id, name, timing, notes, sort_order) VALUES ('kern', 'Golden Stonefly', 'June–July', NULL, 1);
INSERT INTO public.river_hatches (river_id, name, timing, notes, sort_order) VALUES ('kern', 'Pale Morning Dun', 'June–August', NULL, 2);
INSERT INTO public.river_hatches (river_id, name, timing, notes, sort_order) VALUES ('kern', 'Hopper/Dropper', 'July–September', NULL, 3);
INSERT INTO public.river_guides (river_id, name) VALUES ('kern', 'Kern River Fly Shop');
INSERT INTO public.river_guides (river_id, name) VALUES ('kern', 'Sierra South Mountain Sports');
INSERT INTO public.river_species (river_id, name, species_type, is_primary, notes) VALUES ('trinity', 'Steelhead', 'anadromous', true, 'Both wild and hatchery runs');
INSERT INTO public.river_species (river_id, name, species_type, is_primary, notes) VALUES ('trinity', 'Chinook Salmon (spring)', 'anadromous', true, NULL);
INSERT INTO public.river_species (river_id, name, species_type, is_primary, notes) VALUES ('trinity', 'Chinook Salmon (fall)', 'anadromous', true, NULL);
INSERT INTO public.river_species (river_id, name, species_type, is_primary, notes) VALUES ('trinity', 'Coho Salmon', 'anadromous', false, NULL);
INSERT INTO public.river_designations_fish (river_id, designation) VALUES ('trinity', 'National Wild & Scenic River (portions)');
INSERT INTO public.river_designations_fish (river_id, designation) VALUES ('trinity', 'Hoopa Valley Tribe treaty fishing rights');
INSERT INTO public.river_designations_fish (river_id, designation) VALUES ('trinity', 'Trinity Alps Wilderness headwaters');
INSERT INTO public.river_designations_fish (river_id, designation) VALUES ('trinity', 'CDFW-managed hatchery program at Trinity River Hatchery');
INSERT INTO public.river_spawning (river_id, species, season, notes) VALUES ('trinity', 'Spring Chinook', 'August–September', NULL);
INSERT INTO public.river_spawning (river_id, species, season, notes) VALUES ('trinity', 'Fall Chinook', 'October–November', NULL);
INSERT INTO public.river_spawning (river_id, species, season, notes) VALUES ('trinity', 'Coho Salmon', 'November–January', NULL);
INSERT INTO public.river_spawning (river_id, species, season, notes) VALUES ('trinity', 'Steelhead', 'February–April', NULL);
INSERT INTO public.river_hatches (river_id, name, timing, notes, sort_order) VALUES ('trinity', 'Caddis', 'April–June', NULL, 0);
INSERT INTO public.river_hatches (river_id, name, timing, notes, sort_order) VALUES ('trinity', 'Stonefly', 'May–July', NULL, 1);
INSERT INTO public.river_hatches (river_id, name, timing, notes, sort_order) VALUES ('trinity', 'October Caddis', 'September–November', NULL, 2);
INSERT INTO public.river_runs (river_id, species, timing, peak, notes) VALUES ('trinity', 'Spring Chinook', 'April – July', 'May–June', 'Prized run — check CDFW and Hoopa Tribe regulations');
INSERT INTO public.river_runs (river_id, species, timing, peak, notes) VALUES ('trinity', 'Fall Chinook', 'September – November', 'October', NULL);
INSERT INTO public.river_runs (river_id, species, timing, peak, notes) VALUES ('trinity', 'Coho Salmon', 'October – December', 'November', NULL);
INSERT INTO public.river_runs (river_id, species, timing, peak, notes) VALUES ('trinity', 'Steelhead', 'November – April', 'January–February', 'Both wild and hatchery fish — fin clip determines retention');
INSERT INTO public.river_guides (river_id, name) VALUES ('trinity', 'Trinity River Outfitters');
INSERT INTO public.river_guides (river_id, name) VALUES ('trinity', 'The Trinity Fly Shop');
INSERT INTO public.river_species (river_id, name, species_type, is_primary, notes) VALUES ('merced', 'Rainbow Trout', 'resident', true, 'Wild populations in Yosemite Valley reaches');
INSERT INTO public.river_species (river_id, name, species_type, is_primary, notes) VALUES ('merced', 'Brown Trout', 'resident', true, 'El Portal and downstream sections');
INSERT INTO public.river_designations_fish (river_id, designation) VALUES ('merced', 'National Wild & Scenic River');
INSERT INTO public.river_designations_fish (river_id, designation) VALUES ('merced', 'Yosemite National Park');
INSERT INTO public.river_designations_fish (river_id, designation) VALUES ('merced', 'Sierra National Forest');
INSERT INTO public.river_spawning (river_id, species, season, notes) VALUES ('merced', 'Rainbow Trout', 'March–May', NULL);
INSERT INTO public.river_spawning (river_id, species, season, notes) VALUES ('merced', 'Brown Trout', 'October–November', NULL);
INSERT INTO public.river_hatches (river_id, name, timing, notes, sort_order) VALUES ('merced', 'Blue-Winged Olive', 'March–May, October–November', NULL, 0);
INSERT INTO public.river_hatches (river_id, name, timing, notes, sort_order) VALUES ('merced', 'Caddis', 'April–June', NULL, 1);
INSERT INTO public.river_hatches (river_id, name, timing, notes, sort_order) VALUES ('merced', 'Golden Stonefly', 'June–July', NULL, 2);
INSERT INTO public.river_hatches (river_id, name, timing, notes, sort_order) VALUES ('merced', 'Pale Morning Dun', 'June–August', NULL, 3);
INSERT INTO public.river_hatches (river_id, name, timing, notes, sort_order) VALUES ('merced', 'Hopper/Dropper', 'July–September', NULL, 4);
INSERT INTO public.river_guides (river_id, name) VALUES ('merced', 'Yosemite Fly Fishing Guide Service');
INSERT INTO public.river_guides (river_id, name) VALUES ('merced', 'Sierra Fly Fisher');
INSERT INTO public.river_species (river_id, name, species_type, is_primary, notes) VALUES ('grandcanyon', 'Humpback Chub', 'warmwater', true, 'Federally endangered native — found only in Colorado River basin. The Little Colorado River confluence is the primary population stronghold. Release immediately if caught.');
INSERT INTO public.river_species (river_id, name, species_type, is_primary, notes) VALUES ('grandcanyon', 'Rainbow Trout', 'resident', true, 'Lees Ferry tailwater below Glen Canyon Dam — cold, clear releases create a world-class 15-mile trout fishery');
INSERT INTO public.river_designations_fish (river_id, designation) VALUES ('grandcanyon', 'Grand Canyon National Park');
INSERT INTO public.river_designations_fish (river_id, designation) VALUES ('grandcanyon', 'Lees Ferry Special Trout Regulations (AZGFD)');
INSERT INTO public.river_designations_fish (river_id, designation) VALUES ('grandcanyon', 'Humpback Chub Critical Habitat (USFWS)');
INSERT INTO public.river_designations_fish (river_id, designation) VALUES ('grandcanyon', 'Glen Canyon National Recreation Area (Lees Ferry reach)');
INSERT INTO public.river_spawning (river_id, species, season, notes) VALUES ('grandcanyon', 'Rainbow Trout', 'November–March', 'Lees Ferry section — dam-controlled water temperatures shift natural timing');
INSERT INTO public.river_hatches (river_id, name, timing, notes, sort_order) VALUES ('grandcanyon', 'Midge', 'Year-round', 'Dominant food source at Lees Ferry — size 18–24', 0);
INSERT INTO public.river_hatches (river_id, name, timing, notes, sort_order) VALUES ('grandcanyon', 'Scud/Amphipod', 'Year-round', 'Not a hatch but a critical subsurface food source below the dam', 1);
INSERT INTO public.river_hatches (river_id, name, timing, notes, sort_order) VALUES ('grandcanyon', 'Caddis', 'April–June', NULL, 2);
INSERT INTO public.river_guides (river_id, name) VALUES ('grandcanyon', 'Lees Ferry Anglers');
INSERT INTO public.river_guides (river_id, name) VALUES ('grandcanyon', 'Marble Canyon Outfitters');
INSERT INTO public.river_species (river_id, name, species_type, is_primary, notes) VALUES ('truckee', 'Lahontan Cutthroat Trout', 'resident', true, 'Threatened native subspecies — Pyramid Lake strain can exceed 20 lbs. Recovery program ongoing.');
INSERT INTO public.river_species (river_id, name, species_type, is_primary, notes) VALUES ('truckee', 'Brown Trout', 'resident', true, NULL);
INSERT INTO public.river_species (river_id, name, species_type, is_primary, notes) VALUES ('truckee', 'Rainbow Trout', 'resident', false, NULL);
INSERT INTO public.river_species (river_id, name, species_type, is_primary, notes) VALUES ('truckee', 'Mountain Whitefish', 'resident', false, NULL);
INSERT INTO public.river_designations_fish (river_id, designation) VALUES ('truckee', 'Lahontan Cutthroat Trout Recovery Area (USFWS)');
INSERT INTO public.river_designations_fish (river_id, designation) VALUES ('truckee', 'Pyramid Lake Paiute Tribe Reservation (lower river/lake)');
INSERT INTO public.river_designations_fish (river_id, designation) VALUES ('truckee', 'NDOW Special Regulations');
INSERT INTO public.river_designations_fish (river_id, designation) VALUES ('truckee', 'Toiyabe National Forest (upper sections)');
INSERT INTO public.river_spawning (river_id, species, season, notes) VALUES ('truckee', 'Lahontan Cutthroat', 'March–June', 'Spawning run from Pyramid Lake up the Truckee — historically one of the great fish migrations in North America');
INSERT INTO public.river_spawning (river_id, species, season, notes) VALUES ('truckee', 'Brown Trout', 'October–November', NULL);
INSERT INTO public.river_hatches (river_id, name, timing, notes, sort_order) VALUES ('truckee', 'Blue-Winged Olive', 'March–May, October–November', NULL, 0);
INSERT INTO public.river_hatches (river_id, name, timing, notes, sort_order) VALUES ('truckee', 'Caddis', 'May–June', NULL, 1);
INSERT INTO public.river_hatches (river_id, name, timing, notes, sort_order) VALUES ('truckee', 'Pale Morning Dun', 'June–August', NULL, 2);
INSERT INTO public.river_hatches (river_id, name, timing, notes, sort_order) VALUES ('truckee', 'Golden Stonefly', 'June–July', NULL, 3);
INSERT INTO public.river_hatches (river_id, name, timing, notes, sort_order) VALUES ('truckee', 'Hopper/Dropper', 'July–September', NULL, 4);
INSERT INTO public.river_hatches (river_id, name, timing, notes, sort_order) VALUES ('truckee', 'October Caddis', 'September–October', NULL, 5);
INSERT INTO public.river_runs (river_id, species, timing, peak, notes) VALUES ('truckee', 'Lahontan Cutthroat Trout', 'March – June', 'April–May', 'Pyramid Lake fish run upstream to spawn — tribal permit required for Pyramid Lake fishing');
INSERT INTO public.river_guides (river_id, name) VALUES ('truckee', 'Truckee River Outfitters');
INSERT INTO public.river_guides (river_id, name) VALUES ('truckee', 'Reno Fly Shop');
INSERT INTO public.river_species (river_id, name, species_type, is_primary, notes) VALUES ('desolation', 'Channel Catfish', 'warmwater', true, 'Excellent catfishing — big fish common');
INSERT INTO public.river_species (river_id, name, species_type, is_primary, notes) VALUES ('desolation', 'Smallmouth Bass', 'warmwater', true, NULL);
INSERT INTO public.river_species (river_id, name, species_type, is_primary, notes) VALUES ('desolation', 'Colorado Pikeminnow', 'warmwater', false, 'Endangered native — release immediately if caught');
INSERT INTO public.river_species (river_id, name, species_type, is_primary, notes) VALUES ('desolation', 'Razorback Sucker', 'warmwater', false, 'Endangered native — release immediately');
INSERT INTO public.river_designations_fish (river_id, designation) VALUES ('desolation', 'BLM Wilderness Study Area');
INSERT INTO public.river_designations_fish (river_id, designation) VALUES ('desolation', 'Desolation Canyon (one of the deepest canyons in North America)');
INSERT INTO public.river_designations_fish (river_id, designation) VALUES ('desolation', 'Critical habitat for endangered Colorado River fish');
INSERT INTO public.river_spawning (river_id, species, season, notes) VALUES ('desolation', 'Channel Catfish', 'June–August', NULL);
INSERT INTO public.river_spawning (river_id, species, season, notes) VALUES ('desolation', 'Smallmouth Bass', 'May–July', NULL);
INSERT INTO public.river_guides (river_id, name) VALUES ('desolation', 'Holiday River Expeditions');
INSERT INTO public.river_guides (river_id, name) VALUES ('desolation', 'OARS');
INSERT INTO public.river_species (river_id, name, species_type, is_primary, notes) VALUES ('san_juan', 'Rainbow Trout', 'resident', true, 'Tailwater fish average 16–20 inches — 15,000+ trout per mile in Quality Waters');
INSERT INTO public.river_species (river_id, name, species_type, is_primary, notes) VALUES ('san_juan', 'Brown Trout', 'resident', true, 'Trophy browns present');
INSERT INTO public.river_designations_fish (river_id, designation) VALUES ('san_juan', 'Quality Waters (NMDGF) — first 3.75 miles below Navajo Dam');
INSERT INTO public.river_designations_fish (river_id, designation) VALUES ('san_juan', 'World-class tailwater fishery');
INSERT INTO public.river_designations_fish (river_id, designation) VALUES ('san_juan', 'San Juan River Special Trout Water regulations');
INSERT INTO public.river_spawning (river_id, species, season, notes) VALUES ('san_juan', 'Rainbow Trout', 'November–February', 'Dam-controlled flows keep water temps stable — shifted spawn timing');
INSERT INTO public.river_spawning (river_id, species, season, notes) VALUES ('san_juan', 'Brown Trout', 'October–November', NULL);
INSERT INTO public.river_hatches (river_id, name, timing, notes, sort_order) VALUES ('san_juan', 'Midge', 'Year-round', 'The San Juan is a midge factory — size 22–28. This is THE pattern to master here', 0);
INSERT INTO public.river_hatches (river_id, name, timing, notes, sort_order) VALUES ('san_juan', 'Blue-Winged Olive', 'March–May, October–November', 'Reliable hatches — fish key on emergers', 1);
INSERT INTO public.river_hatches (river_id, name, timing, notes, sort_order) VALUES ('san_juan', 'Pale Morning Dun', 'June–August', NULL, 2);
INSERT INTO public.river_guides (river_id, name) VALUES ('san_juan', 'Abe''s Motel & Fly Shop');
INSERT INTO public.river_guides (river_id, name) VALUES ('san_juan', 'Duranglers (San Juan guide trips)');
INSERT INTO public.river_species (river_id, name, species_type, is_primary, notes) VALUES ('taos_box', 'Brown Trout', 'resident', true, 'Wild fish — big browns in the deep pools of the gorge');
INSERT INTO public.river_species (river_id, name, species_type, is_primary, notes) VALUES ('taos_box', 'Rainbow Trout', 'resident', true, NULL);
INSERT INTO public.river_species (river_id, name, species_type, is_primary, notes) VALUES ('taos_box', 'Rio Grande Cutthroat Trout', 'resident', false, 'Native subspecies — rare, state fish of New Mexico. Found in tributaries above the gorge.');
INSERT INTO public.river_designations_fish (river_id, designation) VALUES ('taos_box', 'Rio Grande del Norte National Monument');
INSERT INTO public.river_designations_fish (river_id, designation) VALUES ('taos_box', 'Rio Grande Wild & Scenic River');
INSERT INTO public.river_designations_fish (river_id, designation) VALUES ('taos_box', 'NMDGF Special Trout Waters');
INSERT INTO public.river_spawning (river_id, species, season, notes) VALUES ('taos_box', 'Brown Trout', 'October–November', NULL);
INSERT INTO public.river_spawning (river_id, species, season, notes) VALUES ('taos_box', 'Rainbow Trout', 'March–May', NULL);
INSERT INTO public.river_spawning (river_id, species, season, notes) VALUES ('taos_box', 'Rio Grande Cutthroat', 'May–July', 'Extremely sensitive — avoid tributaries during spawning');
INSERT INTO public.river_hatches (river_id, name, timing, notes, sort_order) VALUES ('taos_box', 'Blue-Winged Olive', 'March–May, September–October', NULL, 0);
INSERT INTO public.river_hatches (river_id, name, timing, notes, sort_order) VALUES ('taos_box', 'Caddis', 'May–July', NULL, 1);
INSERT INTO public.river_hatches (river_id, name, timing, notes, sort_order) VALUES ('taos_box', 'Stonefly', 'June–July', NULL, 2);
INSERT INTO public.river_hatches (river_id, name, timing, notes, sort_order) VALUES ('taos_box', 'Pale Morning Dun', 'June–August', NULL, 3);
INSERT INTO public.river_hatches (river_id, name, timing, notes, sort_order) VALUES ('taos_box', 'Hopper/Dropper', 'July–September', NULL, 4);
INSERT INTO public.river_guides (river_id, name) VALUES ('taos_box', 'The Taos Fly Shop');
INSERT INTO public.river_guides (river_id, name) VALUES ('taos_box', 'FishTales Guide Service');
INSERT INTO public.river_species (river_id, name, species_type, is_primary, notes) VALUES ('rio_chama', 'Brown Trout', 'resident', true, 'Wild browns in the wilderness canyon sections');
INSERT INTO public.river_species (river_id, name, species_type, is_primary, notes) VALUES ('rio_chama', 'Rainbow Trout', 'resident', true, NULL);
INSERT INTO public.river_designations_fish (river_id, designation) VALUES ('rio_chama', 'National Wild & Scenic River');
INSERT INTO public.river_designations_fish (river_id, designation) VALUES ('rio_chama', 'Chama River Canyon Wilderness');
INSERT INTO public.river_designations_fish (river_id, designation) VALUES ('rio_chama', 'NMDGF Special Trout Waters (below El Vado Dam)');
INSERT INTO public.river_spawning (river_id, species, season, notes) VALUES ('rio_chama', 'Brown Trout', 'October–November', NULL);
INSERT INTO public.river_spawning (river_id, species, season, notes) VALUES ('rio_chama', 'Rainbow Trout', 'March–May', NULL);
INSERT INTO public.river_hatches (river_id, name, timing, notes, sort_order) VALUES ('rio_chama', 'Blue-Winged Olive', 'March–May, September–October', NULL, 0);
INSERT INTO public.river_hatches (river_id, name, timing, notes, sort_order) VALUES ('rio_chama', 'Caddis', 'May–June', NULL, 1);
INSERT INTO public.river_hatches (river_id, name, timing, notes, sort_order) VALUES ('rio_chama', 'Pale Morning Dun', 'June–August', NULL, 2);
INSERT INTO public.river_hatches (river_id, name, timing, notes, sort_order) VALUES ('rio_chama', 'Hopper/Dropper', 'July–September', NULL, 3);
INSERT INTO public.river_guides (river_id, name) VALUES ('rio_chama', 'Rio Chama Outfitters');
INSERT INTO public.river_guides (river_id, name) VALUES ('rio_chama', 'High Desert Angler');
INSERT INTO public.river_species (river_id, name, species_type, is_primary, notes) VALUES ('gila_nm', 'Gila Trout', 'resident', true, 'Federally endangered — one of the rarest trout in North America. Native only to the Gila River headwaters. Active recovery program by USFWS and NMDGF.');
INSERT INTO public.river_species (river_id, name, species_type, is_primary, notes) VALUES ('gila_nm', 'Rainbow Trout', 'resident', false, 'Stocked in lower sections — being removed from recovery streams to protect Gila trout genetics');
INSERT INTO public.river_designations_fish (river_id, designation) VALUES ('gila_nm', 'Gila Wilderness (first designated wilderness in the US, 1924)');
INSERT INTO public.river_designations_fish (river_id, designation) VALUES ('gila_nm', 'Gila National Forest');
INSERT INTO public.river_designations_fish (river_id, designation) VALUES ('gila_nm', 'Gila Trout Recovery Area (USFWS)');
INSERT INTO public.river_designations_fish (river_id, designation) VALUES ('gila_nm', 'NMDGF Special Regulations — check current rules before fishing');
INSERT INTO public.river_spawning (river_id, species, season, notes) VALUES ('gila_nm', 'Gila Trout', 'April–June', 'Recovery streams may be closed to all fishing — check NMDGF before going');
INSERT INTO public.river_hatches (river_id, name, timing, notes, sort_order) VALUES ('gila_nm', 'Caddis', 'April–June', NULL, 0);
INSERT INTO public.river_hatches (river_id, name, timing, notes, sort_order) VALUES ('gila_nm', 'Stonefly', 'May–June', NULL, 1);
INSERT INTO public.river_hatches (river_id, name, timing, notes, sort_order) VALUES ('gila_nm', 'Pale Morning Dun', 'June–August', NULL, 2);
INSERT INTO public.river_hatches (river_id, name, timing, notes, sort_order) VALUES ('gila_nm', 'Hopper/Dropper', 'July–September', NULL, 3);
INSERT INTO public.river_guides (river_id, name) VALUES ('gila_nm', 'Gila Trout Fly Fishing (guided by NMDGF permit holders)');
INSERT INTO public.river_guides (river_id, name) VALUES ('gila_nm', 'Silver City Outfitters');
INSERT INTO public.river_species (river_id, name, species_type, is_primary, notes) VALUES ('yough', 'Brown Trout', 'resident', true, 'Wild fish in Lower Yough below Ohiopyle');
INSERT INTO public.river_species (river_id, name, species_type, is_primary, notes) VALUES ('yough', 'Rainbow Trout', 'resident', true, NULL);
INSERT INTO public.river_species (river_id, name, species_type, is_primary, notes) VALUES ('yough', 'Smallmouth Bass', 'warmwater', true, 'Excellent population in lower sections');
INSERT INTO public.river_designations_fish (river_id, designation) VALUES ('yough', 'Pennsylvania Scenic River');
INSERT INTO public.river_designations_fish (river_id, designation) VALUES ('yough', 'PA Fish & Boat Commission Stocked Trout Waters');
INSERT INTO public.river_spawning (river_id, species, season, notes) VALUES ('yough', 'Brown Trout', 'October–November', NULL);
INSERT INTO public.river_spawning (river_id, species, season, notes) VALUES ('yough', 'Rainbow Trout', 'March–April', NULL);
INSERT INTO public.river_hatches (river_id, name, timing, notes, sort_order) VALUES ('yough', 'Blue-Winged Olive', 'March–April, October–November', NULL, 0);
INSERT INTO public.river_hatches (river_id, name, timing, notes, sort_order) VALUES ('yough', 'Hendrickson', 'Late April – May', NULL, 1);
INSERT INTO public.river_hatches (river_id, name, timing, notes, sort_order) VALUES ('yough', 'Caddis', 'May–June', NULL, 2);
INSERT INTO public.river_hatches (river_id, name, timing, notes, sort_order) VALUES ('yough', 'Sulfur', 'Late May – June', NULL, 3);
INSERT INTO public.river_hatches (river_id, name, timing, notes, sort_order) VALUES ('yough', 'Light Cahill', 'June–July', NULL, 4);
INSERT INTO public.river_hatches (river_id, name, timing, notes, sort_order) VALUES ('yough', 'Terrestrials', 'July–September', NULL, 5);
INSERT INTO public.river_guides (river_id, name) VALUES ('yough', 'Youghiogheny Outfitters');
INSERT INTO public.river_guides (river_id, name) VALUES ('yough', 'Ohiopyle Trading Post');
INSERT INTO public.river_species (river_id, name, species_type, is_primary, notes) VALUES ('pinecreek', 'Brown Trout', 'resident', true, NULL);
INSERT INTO public.river_species (river_id, name, species_type, is_primary, notes) VALUES ('pinecreek', 'Brook Trout', 'resident', true, 'Wild fish in tributaries and upper reaches');
INSERT INTO public.river_species (river_id, name, species_type, is_primary, notes) VALUES ('pinecreek', 'Smallmouth Bass', 'warmwater', true, 'Strong population in the canyon');
INSERT INTO public.river_designations_fish (river_id, designation) VALUES ('pinecreek', 'Pennsylvania Grand Canyon');
INSERT INTO public.river_designations_fish (river_id, designation) VALUES ('pinecreek', 'PA Scenic River');
INSERT INTO public.river_designations_fish (river_id, designation) VALUES ('pinecreek', 'PA Fish & Boat Commission Special Regulation Trout Waters');
INSERT INTO public.river_spawning (river_id, species, season, notes) VALUES ('pinecreek', 'Brook Trout', 'September–November', NULL);
INSERT INTO public.river_spawning (river_id, species, season, notes) VALUES ('pinecreek', 'Brown Trout', 'October–November', NULL);
INSERT INTO public.river_hatches (river_id, name, timing, notes, sort_order) VALUES ('pinecreek', 'Blue-Winged Olive', 'April–May, September–October', NULL, 0);
INSERT INTO public.river_hatches (river_id, name, timing, notes, sort_order) VALUES ('pinecreek', 'Hendrickson', 'Late April – May', NULL, 1);
INSERT INTO public.river_hatches (river_id, name, timing, notes, sort_order) VALUES ('pinecreek', 'March Brown', 'May–June', NULL, 2);
INSERT INTO public.river_hatches (river_id, name, timing, notes, sort_order) VALUES ('pinecreek', 'Green Drake', 'Late May – Early June', NULL, 3);
INSERT INTO public.river_hatches (river_id, name, timing, notes, sort_order) VALUES ('pinecreek', 'Sulfur', 'May–June', NULL, 4);
INSERT INTO public.river_hatches (river_id, name, timing, notes, sort_order) VALUES ('pinecreek', 'Slate Drake', 'June–September', NULL, 5);
INSERT INTO public.river_hatches (river_id, name, timing, notes, sort_order) VALUES ('pinecreek', 'Terrestrials', 'July–September', NULL, 6);
INSERT INTO public.river_guides (river_id, name) VALUES ('pinecreek', 'Pine Creek Outfitters');
INSERT INTO public.river_guides (river_id, name) VALUES ('pinecreek', 'Wolfe''s Sporting Goods');
INSERT INTO public.river_species (river_id, name, species_type, is_primary, notes) VALUES ('lehigh', 'Brown Trout', 'resident', true, 'Wild and stocked fish below Francis E. Walter Dam');
INSERT INTO public.river_species (river_id, name, species_type, is_primary, notes) VALUES ('lehigh', 'Rainbow Trout', 'resident', true, NULL);
INSERT INTO public.river_designations_fish (river_id, designation) VALUES ('lehigh', 'Dam-Release Tailwater');
INSERT INTO public.river_designations_fish (river_id, designation) VALUES ('lehigh', 'PA Fish & Boat Commission Stocked Trout Waters');
INSERT INTO public.river_designations_fish (river_id, designation) VALUES ('lehigh', 'Lehigh Gorge State Park');
INSERT INTO public.river_spawning (river_id, species, season, notes) VALUES ('lehigh', 'Brown Trout', 'October–November', NULL);
INSERT INTO public.river_spawning (river_id, species, season, notes) VALUES ('lehigh', 'Rainbow Trout', 'March–April', NULL);
INSERT INTO public.river_hatches (river_id, name, timing, notes, sort_order) VALUES ('lehigh', 'Blue-Winged Olive', 'March–April, October–November', NULL, 0);
INSERT INTO public.river_hatches (river_id, name, timing, notes, sort_order) VALUES ('lehigh', 'Hendrickson', 'Late April – May', NULL, 1);
INSERT INTO public.river_hatches (river_id, name, timing, notes, sort_order) VALUES ('lehigh', 'Caddis', 'May–June', NULL, 2);
INSERT INTO public.river_hatches (river_id, name, timing, notes, sort_order) VALUES ('lehigh', 'Sulfur', 'Late May – June', NULL, 3);
INSERT INTO public.river_hatches (river_id, name, timing, notes, sort_order) VALUES ('lehigh', 'Isonychia', 'June–September', NULL, 4);
INSERT INTO public.river_hatches (river_id, name, timing, notes, sort_order) VALUES ('lehigh', 'Terrestrials', 'July–September', NULL, 5);
INSERT INTO public.river_guides (river_id, name) VALUES ('lehigh', 'Lehigh River Stocking Association');
INSERT INTO public.river_guides (river_id, name) VALUES ('lehigh', 'Pocono Fly Shop');
INSERT INTO public.river_species (river_id, name, species_type, is_primary, notes) VALUES ('gauley', 'Smallmouth Bass', 'warmwater', true, 'Good numbers throughout the river');
INSERT INTO public.river_species (river_id, name, species_type, is_primary, notes) VALUES ('gauley', 'Rock Bass', 'warmwater', false, NULL);
INSERT INTO public.river_designations_fish (river_id, designation) VALUES ('gauley', 'Gauley River National Recreation Area');
INSERT INTO public.river_designations_fish (river_id, designation) VALUES ('gauley', 'National Wild & Scenic River');
INSERT INTO public.river_guides (river_id, name) VALUES ('gauley', 'Rivers Resort');
INSERT INTO public.river_guides (river_id, name) VALUES ('gauley', 'Adventures on the Gorge');
INSERT INTO public.river_species (river_id, name, species_type, is_primary, notes) VALUES ('newriver', 'Smallmouth Bass', 'warmwater', true, 'World-class smallmouth fishery — one of the oldest rivers on Earth');
INSERT INTO public.river_species (river_id, name, species_type, is_primary, notes) VALUES ('newriver', 'Rock Bass', 'warmwater', false, NULL);
INSERT INTO public.river_species (river_id, name, species_type, is_primary, notes) VALUES ('newriver', 'Musky', 'warmwater', false, 'Trophy musky present throughout');
INSERT INTO public.river_designations_fish (river_id, designation) VALUES ('newriver', 'New River Gorge National Park');
INSERT INTO public.river_designations_fish (river_id, designation) VALUES ('newriver', 'National Wild & Scenic River');
INSERT INTO public.river_spawning (river_id, species, season, notes) VALUES ('newriver', 'Smallmouth Bass', 'May–June', NULL);
INSERT INTO public.river_guides (river_id, name) VALUES ('newriver', 'New River Smallmouth Adventures');
INSERT INTO public.river_guides (river_id, name) VALUES ('newriver', 'Rivers Resort');
INSERT INTO public.river_species (river_id, name, species_type, is_primary, notes) VALUES ('cheat', 'Smallmouth Bass', 'warmwater', true, NULL);
INSERT INTO public.river_species (river_id, name, species_type, is_primary, notes) VALUES ('cheat', 'Brook Trout', 'resident', false, 'Wild populations in cold tributaries');
INSERT INTO public.river_designations_fish (river_id, designation) VALUES ('cheat', 'West Virginia Scenic River');
INSERT INTO public.river_spawning (river_id, species, season, notes) VALUES ('cheat', 'Brook Trout', 'September–November', 'In tributaries only');
INSERT INTO public.river_guides (river_id, name) VALUES ('cheat', 'Cheat River Outfitters');
INSERT INTO public.river_species (river_id, name, species_type, is_primary, notes) VALUES ('james', 'Smallmouth Bass', 'warmwater', true, 'World-class urban fishery through Richmond — fish the fall line rapids');
INSERT INTO public.river_species (river_id, name, species_type, is_primary, notes) VALUES ('james', 'Channel Catfish', 'warmwater', true, NULL);
INSERT INTO public.river_designations_fish (river_id, designation) VALUES ('james', 'Virginia Scenic River (multiple segments)');
INSERT INTO public.river_designations_fish (river_id, designation) VALUES ('james', 'James River Park System (Richmond)');
INSERT INTO public.river_spawning (river_id, species, season, notes) VALUES ('james', 'Smallmouth Bass', 'May–June', NULL);
INSERT INTO public.river_guides (river_id, name) VALUES ('james', 'James River Fishing School');
INSERT INTO public.river_guides (river_id, name) VALUES ('james', 'Riverside Outfitters');
INSERT INTO public.river_species (river_id, name, species_type, is_primary, notes) VALUES ('shenandoah', 'Smallmouth Bass', 'warmwater', true, NULL);
INSERT INTO public.river_species (river_id, name, species_type, is_primary, notes) VALUES ('shenandoah', 'Musky', 'warmwater', true, 'South Fork is premier musky water');
INSERT INTO public.river_species (river_id, name, species_type, is_primary, notes) VALUES ('shenandoah', 'Redbreast Sunfish', 'warmwater', false, NULL);
INSERT INTO public.river_designations_fish (river_id, designation) VALUES ('shenandoah', 'Shenandoah National Park (headwaters)');
INSERT INTO public.river_designations_fish (river_id, designation) VALUES ('shenandoah', 'Virginia Scenic River');
INSERT INTO public.river_spawning (river_id, species, season, notes) VALUES ('shenandoah', 'Smallmouth Bass', 'May–June', NULL);
INSERT INTO public.river_guides (river_id, name) VALUES ('shenandoah', 'Shenandoah River Outfitters');
INSERT INTO public.river_guides (river_id, name) VALUES ('shenandoah', 'Murray''s Fly Shop');
INSERT INTO public.river_species (river_id, name, species_type, is_primary, notes) VALUES ('cumberland', 'Smallmouth Bass', 'warmwater', true, 'Excellent fishing in Big South Fork gorge');
INSERT INTO public.river_species (river_id, name, species_type, is_primary, notes) VALUES ('cumberland', 'Musky', 'warmwater', true, NULL);
INSERT INTO public.river_species (river_id, name, species_type, is_primary, notes) VALUES ('cumberland', 'Rock Bass', 'warmwater', false, NULL);
INSERT INTO public.river_designations_fish (river_id, designation) VALUES ('cumberland', 'Big South Fork National River & Recreation Area');
INSERT INTO public.river_designations_fish (river_id, designation) VALUES ('cumberland', 'Kentucky Wild River');
INSERT INTO public.river_spawning (river_id, species, season, notes) VALUES ('cumberland', 'Smallmouth Bass', 'May–June', NULL);
INSERT INTO public.river_guides (river_id, name) VALUES ('cumberland', 'Sheltowee Trace Outfitters');
INSERT INTO public.river_guides (river_id, name) VALUES ('cumberland', 'Big South Fork Guide Service');
INSERT INTO public.river_species (river_id, name, species_type, is_primary, notes) VALUES ('green_river', 'Smallmouth Bass', 'warmwater', true, NULL);
INSERT INTO public.river_species (river_id, name, species_type, is_primary, notes) VALUES ('green_river', 'Spotted Bass', 'warmwater', true, NULL);
INSERT INTO public.river_species (river_id, name, species_type, is_primary, notes) VALUES ('green_river', 'Musky', 'warmwater', false, NULL);
INSERT INTO public.river_designations_fish (river_id, designation) VALUES ('green_river', 'Mammoth Cave National Park');
INSERT INTO public.river_designations_fish (river_id, designation) VALUES ('green_river', 'Kentucky Scenic River');
INSERT INTO public.river_spawning (river_id, species, season, notes) VALUES ('green_river', 'Smallmouth Bass', 'May–June', NULL);
INSERT INTO public.river_guides (river_id, name) VALUES ('green_river', 'Green River Canoeing');
INSERT INTO public.river_guides (river_id, name) VALUES ('green_river', 'Mammoth Cave Kayak Tours');
INSERT INTO public.river_species (river_id, name, species_type, is_primary, notes) VALUES ('nolichucky', 'Smallmouth Bass', 'warmwater', true, NULL);
INSERT INTO public.river_species (river_id, name, species_type, is_primary, notes) VALUES ('nolichucky', 'Rainbow Trout', 'resident', true, 'Stocked in the gorge section — cold water from mountain tributaries');
INSERT INTO public.river_designations_fish (river_id, designation) VALUES ('nolichucky', 'Cherokee National Forest');
INSERT INTO public.river_designations_fish (river_id, designation) VALUES ('nolichucky', 'Tennessee Scenic River');
INSERT INTO public.river_hatches (river_id, name, timing, notes, sort_order) VALUES ('nolichucky', 'Caddis', 'April–June', NULL, 0);
INSERT INTO public.river_hatches (river_id, name, timing, notes, sort_order) VALUES ('nolichucky', 'Sulfur', 'May–June', NULL, 1);
INSERT INTO public.river_hatches (river_id, name, timing, notes, sort_order) VALUES ('nolichucky', 'Terrestrials', 'July–September', NULL, 2);
INSERT INTO public.river_guides (river_id, name) VALUES ('nolichucky', 'Nolichucky Gorge Campground');
INSERT INTO public.river_guides (river_id, name) VALUES ('nolichucky', 'Wahoo''s Adventures');
INSERT INTO public.river_species (river_id, name, species_type, is_primary, notes) VALUES ('ocoee', 'Rainbow Trout', 'resident', true, 'Stocked tailwater below Ocoee No. 3 Dam');
INSERT INTO public.river_designations_fish (river_id, designation) VALUES ('ocoee', 'Cherokee National Forest');
INSERT INTO public.river_designations_fish (river_id, designation) VALUES ('ocoee', '1996 Olympic Whitewater Venue');
INSERT INTO public.river_designations_fish (river_id, designation) VALUES ('ocoee', 'TVA Dam-Release Tailwater');
INSERT INTO public.river_guides (river_id, name) VALUES ('ocoee', 'Ocoee Outdoors');
INSERT INTO public.river_species (river_id, name, species_type, is_primary, notes) VALUES ('hiwassee', 'Brown Trout', 'resident', true, 'Trophy browns in cold tailwater below Appalachia Dam');
INSERT INTO public.river_species (river_id, name, species_type, is_primary, notes) VALUES ('hiwassee', 'Rainbow Trout', 'resident', true, NULL);
INSERT INTO public.river_designations_fish (river_id, designation) VALUES ('hiwassee', 'Cherokee National Forest');
INSERT INTO public.river_designations_fish (river_id, designation) VALUES ('hiwassee', 'Tennessee Blue-Ribbon Equivalent Trout Stream');
INSERT INTO public.river_designations_fish (river_id, designation) VALUES ('hiwassee', 'TVA Dam-Release Tailwater');
INSERT INTO public.river_spawning (river_id, species, season, notes) VALUES ('hiwassee', 'Brown Trout', 'October–December', NULL);
INSERT INTO public.river_spawning (river_id, species, season, notes) VALUES ('hiwassee', 'Rainbow Trout', 'February–April', NULL);
INSERT INTO public.river_hatches (river_id, name, timing, notes, sort_order) VALUES ('hiwassee', 'Blue-Winged Olive', 'March–April, October–November', NULL, 0);
INSERT INTO public.river_hatches (river_id, name, timing, notes, sort_order) VALUES ('hiwassee', 'Sulfur', 'May–June', NULL, 1);
INSERT INTO public.river_hatches (river_id, name, timing, notes, sort_order) VALUES ('hiwassee', 'Caddis', 'April–June', NULL, 2);
INSERT INTO public.river_hatches (river_id, name, timing, notes, sort_order) VALUES ('hiwassee', 'Light Cahill', 'June–July', NULL, 3);
INSERT INTO public.river_hatches (river_id, name, timing, notes, sort_order) VALUES ('hiwassee', 'Terrestrials', 'July–September', NULL, 4);
INSERT INTO public.river_guides (river_id, name) VALUES ('hiwassee', 'Hiwassee Outfitters');
INSERT INTO public.river_guides (river_id, name) VALUES ('hiwassee', 'Southeastern Anglers');
INSERT INTO public.river_species (river_id, name, species_type, is_primary, notes) VALUES ('chattooga', 'Brown Trout', 'resident', true, NULL);
INSERT INTO public.river_species (river_id, name, species_type, is_primary, notes) VALUES ('chattooga', 'Rainbow Trout', 'resident', true, NULL);
INSERT INTO public.river_species (river_id, name, species_type, is_primary, notes) VALUES ('chattooga', 'Brook Trout', 'resident', false, 'Wild populations in headwater tributaries above 3,000 ft');
INSERT INTO public.river_designations_fish (river_id, designation) VALUES ('chattooga', 'National Wild & Scenic River');
INSERT INTO public.river_designations_fish (river_id, designation) VALUES ('chattooga', 'Sumter / Nantahala / Chattahoochee National Forests');
INSERT INTO public.river_designations_fish (river_id, designation) VALUES ('chattooga', 'Ellicott Rock Wilderness');
INSERT INTO public.river_spawning (river_id, species, season, notes) VALUES ('chattooga', 'Brook Trout', 'September–November', NULL);
INSERT INTO public.river_spawning (river_id, species, season, notes) VALUES ('chattooga', 'Brown Trout', 'October–December', NULL);
INSERT INTO public.river_spawning (river_id, species, season, notes) VALUES ('chattooga', 'Rainbow Trout', 'February–April', NULL);
INSERT INTO public.river_hatches (river_id, name, timing, notes, sort_order) VALUES ('chattooga', 'Quill Gordon', 'March–April', NULL, 0);
INSERT INTO public.river_hatches (river_id, name, timing, notes, sort_order) VALUES ('chattooga', 'Blue-Winged Olive', 'March–May, October–November', NULL, 1);
INSERT INTO public.river_hatches (river_id, name, timing, notes, sort_order) VALUES ('chattooga', 'Caddis', 'April–June', NULL, 2);
INSERT INTO public.river_hatches (river_id, name, timing, notes, sort_order) VALUES ('chattooga', 'Light Cahill', 'May–June', NULL, 3);
INSERT INTO public.river_hatches (river_id, name, timing, notes, sort_order) VALUES ('chattooga', 'Terrestrials', 'July–September', NULL, 4);
INSERT INTO public.river_guides (river_id, name) VALUES ('chattooga', 'Chattooga River Fly Shop');
INSERT INTO public.river_guides (river_id, name) VALUES ('chattooga', 'Chattooga Sounds Guides');
INSERT INTO public.river_species (river_id, name, species_type, is_primary, notes) VALUES ('french_broad', 'Smallmouth Bass', 'warmwater', true, 'Strong fishery through Asheville');
INSERT INTO public.river_species (river_id, name, species_type, is_primary, notes) VALUES ('french_broad', 'Musky', 'warmwater', true, 'Growing musky population — trophy potential');
INSERT INTO public.river_designations_fish (river_id, designation) VALUES ('french_broad', 'French Broad River State Trail');
INSERT INTO public.river_designations_fish (river_id, designation) VALUES ('french_broad', 'NC Scenic River (portions)');
INSERT INTO public.river_spawning (river_id, species, season, notes) VALUES ('french_broad', 'Smallmouth Bass', 'May–June', NULL);
INSERT INTO public.river_guides (river_id, name) VALUES ('french_broad', 'French Broad Outfitters');
INSERT INTO public.river_guides (river_id, name) VALUES ('french_broad', 'Asheville Anglers');
INSERT INTO public.river_species (river_id, name, species_type, is_primary, notes) VALUES ('chattooga_ga', 'Brown Trout', 'resident', true, NULL);
INSERT INTO public.river_species (river_id, name, species_type, is_primary, notes) VALUES ('chattooga_ga', 'Rainbow Trout', 'resident', true, NULL);
INSERT INTO public.river_species (river_id, name, species_type, is_primary, notes) VALUES ('chattooga_ga', 'Brook Trout', 'resident', false, 'Headwater tributaries');
INSERT INTO public.river_designations_fish (river_id, designation) VALUES ('chattooga_ga', 'National Wild & Scenic River');
INSERT INTO public.river_designations_fish (river_id, designation) VALUES ('chattooga_ga', 'Chattahoochee National Forest (GA side)');
INSERT INTO public.river_designations_fish (river_id, designation) VALUES ('chattooga_ga', 'See chattooga entry for full details');
INSERT INTO public.river_guides (river_id, name) VALUES ('chattooga_ga', 'See chattooga entry');
INSERT INTO public.river_species (river_id, name, species_type, is_primary, notes) VALUES ('chattahoochee', 'Rainbow Trout', 'resident', true, 'Cold Buford Dam tailwater sustains trout through Atlanta — unique urban trout fishery');
INSERT INTO public.river_species (river_id, name, species_type, is_primary, notes) VALUES ('chattahoochee', 'Brown Trout', 'resident', true, 'Trophy browns below Buford Dam');
INSERT INTO public.river_designations_fish (river_id, designation) VALUES ('chattahoochee', 'Chattahoochee River National Recreation Area');
INSERT INTO public.river_designations_fish (river_id, designation) VALUES ('chattahoochee', 'Georgia DNR Delayed Harvest Trout Stream');
INSERT INTO public.river_designations_fish (river_id, designation) VALUES ('chattahoochee', 'Urban Trout Fishery');
INSERT INTO public.river_spawning (river_id, species, season, notes) VALUES ('chattahoochee', 'Brown Trout', 'October–December', NULL);
INSERT INTO public.river_spawning (river_id, species, season, notes) VALUES ('chattahoochee', 'Rainbow Trout', 'February–April', NULL);
INSERT INTO public.river_hatches (river_id, name, timing, notes, sort_order) VALUES ('chattahoochee', 'Blue-Winged Olive', 'February–April, October–November', NULL, 0);
INSERT INTO public.river_hatches (river_id, name, timing, notes, sort_order) VALUES ('chattahoochee', 'Caddis', 'March–May', NULL, 1);
INSERT INTO public.river_hatches (river_id, name, timing, notes, sort_order) VALUES ('chattahoochee', 'Sulfur', 'May–June', NULL, 2);
INSERT INTO public.river_hatches (river_id, name, timing, notes, sort_order) VALUES ('chattahoochee', 'Midge', 'Year-round', 'Primary food source in tailwater', 3);
INSERT INTO public.river_hatches (river_id, name, timing, notes, sort_order) VALUES ('chattahoochee', 'Terrestrials', 'June–September', NULL, 4);
INSERT INTO public.river_guides (river_id, name) VALUES ('chattahoochee', 'River Through Atlanta Fly Fishing');
INSERT INTO public.river_guides (river_id, name) VALUES ('chattahoochee', 'Fish Hawk');
INSERT INTO public.river_species (river_id, name, species_type, is_primary, notes) VALUES ('toccoa', 'Brown Trout', 'resident', true, 'Trophy browns — Georgia"s best trout stream');
INSERT INTO public.river_species (river_id, name, species_type, is_primary, notes) VALUES ('toccoa', 'Rainbow Trout', 'resident', true, NULL);
INSERT INTO public.river_designations_fish (river_id, designation) VALUES ('toccoa', 'Blue Ridge Dam Tailwater');
INSERT INTO public.river_designations_fish (river_id, designation) VALUES ('toccoa', 'Georgia DNR Trophy Trout Waters');
INSERT INTO public.river_designations_fish (river_id, designation) VALUES ('toccoa', 'Chattahoochee National Forest');
INSERT INTO public.river_spawning (river_id, species, season, notes) VALUES ('toccoa', 'Brown Trout', 'October–December', NULL);
INSERT INTO public.river_spawning (river_id, species, season, notes) VALUES ('toccoa', 'Rainbow Trout', 'February–April', NULL);
INSERT INTO public.river_hatches (river_id, name, timing, notes, sort_order) VALUES ('toccoa', 'Blue-Winged Olive', 'March–April, October–November', NULL, 0);
INSERT INTO public.river_hatches (river_id, name, timing, notes, sort_order) VALUES ('toccoa', 'Caddis', 'April–June', NULL, 1);
INSERT INTO public.river_hatches (river_id, name, timing, notes, sort_order) VALUES ('toccoa', 'Sulfur', 'May–June', NULL, 2);
INSERT INTO public.river_hatches (river_id, name, timing, notes, sort_order) VALUES ('toccoa', 'Midge', 'Year-round', NULL, 3);
INSERT INTO public.river_hatches (river_id, name, timing, notes, sort_order) VALUES ('toccoa', 'Terrestrials', 'July–September', NULL, 4);
INSERT INTO public.river_guides (river_id, name) VALUES ('toccoa', 'Toccoa River Outfitters');
INSERT INTO public.river_guides (river_id, name) VALUES ('toccoa', 'Reel Job Fishing');
INSERT INTO public.river_species (river_id, name, species_type, is_primary, notes) VALUES ('penobscot', 'Landlocked Salmon', 'resident', true, 'Premier landlocked salmon river in Maine');
INSERT INTO public.river_species (river_id, name, species_type, is_primary, notes) VALUES ('penobscot', 'Brook Trout', 'resident', true, 'Wild populations throughout');
INSERT INTO public.river_species (river_id, name, species_type, is_primary, notes) VALUES ('penobscot', 'Smallmouth Bass', 'warmwater', true, NULL);
INSERT INTO public.river_species (river_id, name, species_type, is_primary, notes) VALUES ('penobscot', 'Atlantic Salmon', 'anadromous', false, 'Active restoration program — catch and release only');
INSERT INTO public.river_designations_fish (river_id, designation) VALUES ('penobscot', 'Penobscot River Restoration Project');
INSERT INTO public.river_designations_fish (river_id, designation) VALUES ('penobscot', 'NOAA Atlantic Salmon Critical Habitat');
INSERT INTO public.river_spawning (river_id, species, season, notes) VALUES ('penobscot', 'Brook Trout', 'September–November', NULL);
INSERT INTO public.river_spawning (river_id, species, season, notes) VALUES ('penobscot', 'Atlantic Salmon', 'October–November', 'Endangered — do not disturb redds');
INSERT INTO public.river_hatches (river_id, name, timing, notes, sort_order) VALUES ('penobscot', 'Hendrickson', 'Late May – June', NULL, 0);
INSERT INTO public.river_hatches (river_id, name, timing, notes, sort_order) VALUES ('penobscot', 'Caddis', 'May–June', NULL, 1);
INSERT INTO public.river_hatches (river_id, name, timing, notes, sort_order) VALUES ('penobscot', 'Green Drake', 'June', NULL, 2);
INSERT INTO public.river_hatches (river_id, name, timing, notes, sort_order) VALUES ('penobscot', 'Hex', 'Late June – July', NULL, 3);
INSERT INTO public.river_hatches (river_id, name, timing, notes, sort_order) VALUES ('penobscot', 'Terrestrials', 'July–September', NULL, 4);
INSERT INTO public.river_runs (river_id, species, timing, peak, notes) VALUES ('penobscot', 'Atlantic Salmon', 'May–October', 'June–July', 'Restoration run — all fish must be released');
INSERT INTO public.river_runs (river_id, species, timing, peak, notes) VALUES ('penobscot', 'Landlocked Salmon', 'September–November', 'October', NULL);
INSERT INTO public.river_guides (river_id, name) VALUES ('penobscot', 'Penobscot River Guides');
INSERT INTO public.river_guides (river_id, name) VALUES ('penobscot', 'Maine Guide Fly Shop');
INSERT INTO public.river_species (river_id, name, species_type, is_primary, notes) VALUES ('kennebec', 'Landlocked Salmon', 'resident', true, NULL);
INSERT INTO public.river_species (river_id, name, species_type, is_primary, notes) VALUES ('kennebec', 'Smallmouth Bass', 'warmwater', true, NULL);
INSERT INTO public.river_species (river_id, name, species_type, is_primary, notes) VALUES ('kennebec', 'Brook Trout', 'resident', true, 'Wild fish in upper tributaries');
INSERT INTO public.river_designations_fish (river_id, designation) VALUES ('kennebec', 'Maine Scenic River (portions)');
INSERT INTO public.river_designations_fish (river_id, designation) VALUES ('kennebec', 'Dam-Release Controlled Flows (below Harris Station)');
INSERT INTO public.river_spawning (river_id, species, season, notes) VALUES ('kennebec', 'Brook Trout', 'September–November', NULL);
INSERT INTO public.river_spawning (river_id, species, season, notes) VALUES ('kennebec', 'Landlocked Salmon', 'October–November', NULL);
INSERT INTO public.river_hatches (river_id, name, timing, notes, sort_order) VALUES ('kennebec', 'Hendrickson', 'Late May – June', NULL, 0);
INSERT INTO public.river_hatches (river_id, name, timing, notes, sort_order) VALUES ('kennebec', 'Caddis', 'May–June', NULL, 1);
INSERT INTO public.river_hatches (river_id, name, timing, notes, sort_order) VALUES ('kennebec', 'Green Drake', 'June', NULL, 2);
INSERT INTO public.river_hatches (river_id, name, timing, notes, sort_order) VALUES ('kennebec', 'Hex', 'Late June – Early July', NULL, 3);
INSERT INTO public.river_guides (river_id, name) VALUES ('kennebec', 'Kennebec River Angler');
INSERT INTO public.river_guides (river_id, name) VALUES ('kennebec', 'Maine Whitewater');
INSERT INTO public.river_species (river_id, name, species_type, is_primary, notes) VALUES ('hudson_gorge', 'Brook Trout', 'resident', true, 'Wild Adirondack brook trout');
INSERT INTO public.river_species (river_id, name, species_type, is_primary, notes) VALUES ('hudson_gorge', 'Brown Trout', 'resident', true, NULL);
INSERT INTO public.river_species (river_id, name, species_type, is_primary, notes) VALUES ('hudson_gorge', 'Smallmouth Bass', 'warmwater', false, NULL);
INSERT INTO public.river_designations_fish (river_id, designation) VALUES ('hudson_gorge', 'Adirondack Park');
INSERT INTO public.river_designations_fish (river_id, designation) VALUES ('hudson_gorge', 'Hudson River Gorge Primitive Area');
INSERT INTO public.river_spawning (river_id, species, season, notes) VALUES ('hudson_gorge', 'Brook Trout', 'September–November', NULL);
INSERT INTO public.river_spawning (river_id, species, season, notes) VALUES ('hudson_gorge', 'Brown Trout', 'October–November', NULL);
INSERT INTO public.river_hatches (river_id, name, timing, notes, sort_order) VALUES ('hudson_gorge', 'Hendrickson', 'Late May – June', NULL, 0);
INSERT INTO public.river_hatches (river_id, name, timing, notes, sort_order) VALUES ('hudson_gorge', 'Caddis', 'May–June', NULL, 1);
INSERT INTO public.river_hatches (river_id, name, timing, notes, sort_order) VALUES ('hudson_gorge', 'Green Drake', 'June', NULL, 2);
INSERT INTO public.river_hatches (river_id, name, timing, notes, sort_order) VALUES ('hudson_gorge', 'Terrestrials', 'July–September', NULL, 3);
INSERT INTO public.river_guides (river_id, name) VALUES ('hudson_gorge', 'Hudson River Rafting Company');
INSERT INTO public.river_guides (river_id, name) VALUES ('hudson_gorge', 'Adirondack River Outfitters');
INSERT INTO public.river_species (river_id, name, species_type, is_primary, notes) VALUES ('west_river', 'Brown Trout', 'resident', true, NULL);
INSERT INTO public.river_species (river_id, name, species_type, is_primary, notes) VALUES ('west_river', 'Rainbow Trout', 'resident', true, NULL);
INSERT INTO public.river_designations_fish (river_id, designation) VALUES ('west_river', 'Vermont Dam-Release Fishery (Ball Mountain Dam)');
INSERT INTO public.river_designations_fish (river_id, designation) VALUES ('west_river', 'Green Mountain National Forest');
INSERT INTO public.river_spawning (river_id, species, season, notes) VALUES ('west_river', 'Brown Trout', 'October–November', NULL);
INSERT INTO public.river_hatches (river_id, name, timing, notes, sort_order) VALUES ('west_river', 'Blue-Winged Olive', 'April–May, September–October', NULL, 0);
INSERT INTO public.river_hatches (river_id, name, timing, notes, sort_order) VALUES ('west_river', 'Hendrickson', 'Late April – May', NULL, 1);
INSERT INTO public.river_hatches (river_id, name, timing, notes, sort_order) VALUES ('west_river', 'Caddis', 'May–June', NULL, 2);
INSERT INTO public.river_hatches (river_id, name, timing, notes, sort_order) VALUES ('west_river', 'Sulfur', 'May–June', NULL, 3);
INSERT INTO public.river_hatches (river_id, name, timing, notes, sort_order) VALUES ('west_river', 'Terrestrials', 'July–September', NULL, 4);
INSERT INTO public.river_guides (river_id, name) VALUES ('west_river', 'Vermont Fly Guys');
INSERT INTO public.river_guides (river_id, name) VALUES ('west_river', 'Orvis Manchester');
INSERT INTO public.river_species (river_id, name, species_type, is_primary, notes) VALUES ('housatonic', 'Brown Trout', 'resident', true, 'Trophy potential at Bull"s Bridge — fishery recovering from PCB cleanup');
INSERT INTO public.river_species (river_id, name, species_type, is_primary, notes) VALUES ('housatonic', 'Rainbow Trout', 'resident', true, NULL);
INSERT INTO public.river_designations_fish (river_id, designation) VALUES ('housatonic', 'Connecticut Trout Management Area');
INSERT INTO public.river_designations_fish (river_id, designation) VALUES ('housatonic', 'Catch & Release — flies/lures only (TMA sections)');
INSERT INTO public.river_designations_fish (river_id, designation) VALUES ('housatonic', 'EPA PCB Cleanup Recovery');
INSERT INTO public.river_spawning (river_id, species, season, notes) VALUES ('housatonic', 'Brown Trout', 'October–November', NULL);
INSERT INTO public.river_spawning (river_id, species, season, notes) VALUES ('housatonic', 'Rainbow Trout', 'March–April', NULL);
INSERT INTO public.river_hatches (river_id, name, timing, notes, sort_order) VALUES ('housatonic', 'Blue-Winged Olive', 'March–April, October–November', NULL, 0);
INSERT INTO public.river_hatches (river_id, name, timing, notes, sort_order) VALUES ('housatonic', 'Hendrickson', 'Late April – May', NULL, 1);
INSERT INTO public.river_hatches (river_id, name, timing, notes, sort_order) VALUES ('housatonic', 'Caddis', 'May–June', NULL, 2);
INSERT INTO public.river_hatches (river_id, name, timing, notes, sort_order) VALUES ('housatonic', 'March Brown', 'May–June', NULL, 3);
INSERT INTO public.river_hatches (river_id, name, timing, notes, sort_order) VALUES ('housatonic', 'Sulfur', 'May–June', NULL, 4);
INSERT INTO public.river_hatches (river_id, name, timing, notes, sort_order) VALUES ('housatonic', 'Isonychia', 'June–September', NULL, 5);
INSERT INTO public.river_hatches (river_id, name, timing, notes, sort_order) VALUES ('housatonic', 'Trico', 'July–September', NULL, 6);
INSERT INTO public.river_hatches (river_id, name, timing, notes, sort_order) VALUES ('housatonic', 'Terrestrials', 'July–September', NULL, 7);
INSERT INTO public.river_guides (river_id, name) VALUES ('housatonic', 'Housatonic Anglers');
INSERT INTO public.river_guides (river_id, name) VALUES ('housatonic', 'Housatonic Fly Fishing');
INSERT INTO public.river_species (river_id, name, species_type, is_primary, notes) VALUES ('farmington', 'Brown Trout', 'resident', true, 'Wild fish to 20+ inches — Connecticut"s best trout stream');
INSERT INTO public.river_species (river_id, name, species_type, is_primary, notes) VALUES ('farmington', 'Rainbow Trout', 'resident', true, NULL);
INSERT INTO public.river_designations_fish (river_id, designation) VALUES ('farmington', 'National Wild & Scenic River');
INSERT INTO public.river_designations_fish (river_id, designation) VALUES ('farmington', 'Connecticut Trout Management Area');
INSERT INTO public.river_designations_fish (river_id, designation) VALUES ('farmington', 'Catch & Release — flies/lures only (TMA sections)');
INSERT INTO public.river_spawning (river_id, species, season, notes) VALUES ('farmington', 'Brown Trout', 'October–November', NULL);
INSERT INTO public.river_spawning (river_id, species, season, notes) VALUES ('farmington', 'Rainbow Trout', 'March–April', NULL);
INSERT INTO public.river_hatches (river_id, name, timing, notes, sort_order) VALUES ('farmington', 'Blue-Winged Olive', 'March–April, October–November', NULL, 0);
INSERT INTO public.river_hatches (river_id, name, timing, notes, sort_order) VALUES ('farmington', 'Hendrickson', 'Late April – May', NULL, 1);
INSERT INTO public.river_hatches (river_id, name, timing, notes, sort_order) VALUES ('farmington', 'Caddis', 'May–June', NULL, 2);
INSERT INTO public.river_hatches (river_id, name, timing, notes, sort_order) VALUES ('farmington', 'March Brown', 'May–June', NULL, 3);
INSERT INTO public.river_hatches (river_id, name, timing, notes, sort_order) VALUES ('farmington', 'Sulfur', 'Late May – June', NULL, 4);
INSERT INTO public.river_hatches (river_id, name, timing, notes, sort_order) VALUES ('farmington', 'Green Drake', 'Late May – Early June', NULL, 5);
INSERT INTO public.river_hatches (river_id, name, timing, notes, sort_order) VALUES ('farmington', 'Isonychia', 'June–September', NULL, 6);
INSERT INTO public.river_hatches (river_id, name, timing, notes, sort_order) VALUES ('farmington', 'Trico', 'July–September', NULL, 7);
INSERT INTO public.river_hatches (river_id, name, timing, notes, sort_order) VALUES ('farmington', 'Terrestrials', 'July–September', NULL, 8);
INSERT INTO public.river_guides (river_id, name) VALUES ('farmington', 'UpCountry Sportfishing');
INSERT INTO public.river_guides (river_id, name) VALUES ('farmington', 'Farmington River Anglers');
INSERT INTO public.river_species (river_id, name, species_type, is_primary, notes) VALUES ('delaware_gap', 'Smallmouth Bass', 'warmwater', true, NULL);
INSERT INTO public.river_species (river_id, name, species_type, is_primary, notes) VALUES ('delaware_gap', 'American Shad', 'anadromous', true, 'Iconic spring shad run — largest on the East Coast');
INSERT INTO public.river_species (river_id, name, species_type, is_primary, notes) VALUES ('delaware_gap', 'Trout', 'resident', false, 'Brown and rainbow trout in upper cold-water sections');
INSERT INTO public.river_designations_fish (river_id, designation) VALUES ('delaware_gap', 'Delaware Water Gap National Recreation Area');
INSERT INTO public.river_designations_fish (river_id, designation) VALUES ('delaware_gap', 'National Wild & Scenic River');
INSERT INTO public.river_spawning (river_id, species, season, notes) VALUES ('delaware_gap', 'Smallmouth Bass', 'May–June', NULL);
INSERT INTO public.river_hatches (river_id, name, timing, notes, sort_order) VALUES ('delaware_gap', 'Hendrickson', 'Late April – May', NULL, 0);
INSERT INTO public.river_hatches (river_id, name, timing, notes, sort_order) VALUES ('delaware_gap', 'Caddis', 'May–June', NULL, 1);
INSERT INTO public.river_hatches (river_id, name, timing, notes, sort_order) VALUES ('delaware_gap', 'Green Drake', 'Late May – Early June', NULL, 2);
INSERT INTO public.river_hatches (river_id, name, timing, notes, sort_order) VALUES ('delaware_gap', 'Sulfur', 'May–June', NULL, 3);
INSERT INTO public.river_runs (river_id, species, timing, peak, notes) VALUES ('delaware_gap', 'American Shad', 'April–June', 'May', 'Millions of shad migrate up the Delaware each spring');
INSERT INTO public.river_guides (river_id, name) VALUES ('delaware_gap', 'Delaware River Shad Fishermen"s Association');
INSERT INTO public.river_guides (river_id, name) VALUES ('delaware_gap', 'Kittatinny Canoes');
INSERT INTO public.river_species (river_id, name, species_type, is_primary, notes) VALUES ('buffalo', 'Smallmouth Bass', 'warmwater', true, 'Classic Ozark smallmouth water');
INSERT INTO public.river_designations_fish (river_id, designation) VALUES ('buffalo', 'Buffalo National River (America"s first national river)');
INSERT INTO public.river_designations_fish (river_id, designation) VALUES ('buffalo', 'National Wild & Scenic River');
INSERT INTO public.river_spawning (river_id, species, season, notes) VALUES ('buffalo', 'Smallmouth Bass', 'April–June', NULL);
INSERT INTO public.river_guides (river_id, name) VALUES ('buffalo', 'Buffalo River Outfitters');
INSERT INTO public.river_guides (river_id, name) VALUES ('buffalo', 'Wild Bill"s Outfitters');
INSERT INTO public.river_species (river_id, name, species_type, is_primary, notes) VALUES ('current', 'Rainbow Trout', 'resident', true, 'Cold spring-fed water sustains trout year-round');
INSERT INTO public.river_species (river_id, name, species_type, is_primary, notes) VALUES ('current', 'Brown Trout', 'resident', true, NULL);
INSERT INTO public.river_species (river_id, name, species_type, is_primary, notes) VALUES ('current', 'Smallmouth Bass', 'warmwater', true, NULL);
INSERT INTO public.river_designations_fish (river_id, designation) VALUES ('current', 'Ozark National Scenic Riverways');
INSERT INTO public.river_designations_fish (river_id, designation) VALUES ('current', 'Missouri Blue-Ribbon Trout Water (Montauk Springs to Cedar Grove)');
INSERT INTO public.river_spawning (river_id, species, season, notes) VALUES ('current', 'Brown Trout', 'October–November', NULL);
INSERT INTO public.river_spawning (river_id, species, season, notes) VALUES ('current', 'Rainbow Trout', 'February–April', NULL);
INSERT INTO public.river_hatches (river_id, name, timing, notes, sort_order) VALUES ('current', 'Blue-Winged Olive', 'March–April, October–November', NULL, 0);
INSERT INTO public.river_hatches (river_id, name, timing, notes, sort_order) VALUES ('current', 'Caddis', 'April–June', NULL, 1);
INSERT INTO public.river_hatches (river_id, name, timing, notes, sort_order) VALUES ('current', 'Sulfur', 'May–June', NULL, 2);
INSERT INTO public.river_hatches (river_id, name, timing, notes, sort_order) VALUES ('current', 'Terrestrials', 'July–September', NULL, 3);
INSERT INTO public.river_guides (river_id, name) VALUES ('current', 'Ozark Anglers');
INSERT INTO public.river_guides (river_id, name) VALUES ('current', 'Current River Fly Shop');
INSERT INTO public.river_species (river_id, name, species_type, is_primary, notes) VALUES ('illinois_ok', 'Smallmouth Bass', 'warmwater', true, 'Oklahoma"s premier paddling and smallmouth fishery');
INSERT INTO public.river_species (river_id, name, species_type, is_primary, notes) VALUES ('illinois_ok', 'Spotted Bass', 'warmwater', true, NULL);
INSERT INTO public.river_designations_fish (river_id, designation) VALUES ('illinois_ok', 'Oklahoma Scenic Rivers Act');
INSERT INTO public.river_designations_fish (river_id, designation) VALUES ('illinois_ok', 'Illinois River Management Plan');
INSERT INTO public.river_spawning (river_id, species, season, notes) VALUES ('illinois_ok', 'Smallmouth Bass', 'April–June', NULL);
INSERT INTO public.river_guides (river_id, name) VALUES ('illinois_ok', 'Sparrowhawk Camp');
INSERT INTO public.river_guides (river_id, name) VALUES ('illinois_ok', 'Eagle Bluff Resort');
INSERT INTO public.river_species (river_id, name, species_type, is_primary, notes) VALUES ('suwannee', 'Largemouth Bass', 'warmwater', true, NULL);
INSERT INTO public.river_species (river_id, name, species_type, is_primary, notes) VALUES ('suwannee', 'Channel Catfish', 'warmwater', true, NULL);
INSERT INTO public.river_species (river_id, name, species_type, is_primary, notes) VALUES ('suwannee', 'Suwannee Bass', 'warmwater', true, 'Endemic species found only in the Suwannee and Ochlockonee drainages');
INSERT INTO public.river_designations_fish (river_id, designation) VALUES ('suwannee', 'Suwannee River Wilderness Trail');
INSERT INTO public.river_designations_fish (river_id, designation) VALUES ('suwannee', 'Florida Outstanding Water');
INSERT INTO public.river_designations_fish (river_id, designation) VALUES ('suwannee', 'Springs Coast');
INSERT INTO public.river_spawning (river_id, species, season, notes) VALUES ('suwannee', 'Suwannee Bass', 'March–May', NULL);
INSERT INTO public.river_spawning (river_id, species, season, notes) VALUES ('suwannee', 'Largemouth Bass', 'February–April', NULL);
INSERT INTO public.river_guides (river_id, name) VALUES ('suwannee', 'Suwannee River Fishing Guide');
INSERT INTO public.river_guides (river_id, name) VALUES ('suwannee', 'Anderson"s Outdoor Adventures');

-- ══ RAPIDS ══
INSERT INTO public.river_rapids (river_id, name, class, lat, lng, description, mile, sort_order) VALUES ('gauley', 'Insignificant', 'V', 38.226, -80.879, 'First major rapid on the Upper Gauley. A complex, technical Class V with multiple channels, huge holes, and an intimidating horizon line. Do not be fooled by the name.', NULL, 0);
INSERT INTO public.river_rapids (river_id, name, class, lat, lng, description, mile, sort_order) VALUES ('gauley', 'Pillow Rock', 'V', 38.218, -80.886, 'Massive undercut pillow rock on river left creates a violent hydraulic. The line is right of the pillow — miss it and the consequences are severe.', NULL, 1);
INSERT INTO public.river_rapids (river_id, name, class, lat, lng, description, mile, sort_order) VALUES ('gauley', 'Lost Paddle', 'V', 38.212, -80.891, 'The longest rapid on the Upper Gauley — a quarter-mile of continuous Class V chaos. Multiple drops, no eddies, relentless.', NULL, 2);
INSERT INTO public.river_rapids (river_id, name, class, lat, lng, description, mile, sort_order) VALUES ('gauley', 'Sweet''s Falls', 'V', 38.195, -80.908, 'Last major rapid on the Upper Gauley. A clean 12-foot waterfall drop — the most photogenic rapid on the river.', NULL, 3);
INSERT INTO public.river_rapids (river_id, name, class, lat, lng, description, mile, sort_order) VALUES ('gauley', 'Upper and Lower Mash', 'IV', 38.178, -80.919, 'Opening rapids of the Lower Gauley. Big wave trains and strong hydraulics. Good warm-up for what follows.', NULL, 4);
INSERT INTO public.river_rapids (river_id, name, class, lat, lng, description, mile, sort_order) VALUES ('gauley', 'Pure Screaming Hell', 'V', 38.17, -80.93, 'The marquee rapid of the Lower Gauley. A long, violent, technical Class V with huge holes, powerful hydraulics, and no easy line.', NULL, 5);
INSERT INTO public.river_rapids (river_id, name, class, lat, lng, description, mile, sort_order) VALUES ('yough', 'Entrance Rapid', 'III', 39.869, -79.495, 'First rapid below Ohiopyle Falls launch. Sets the tone for the Lower Yough — continuous, fast, rocky.', NULL, 0);
INSERT INTO public.river_rapids (river_id, name, class, lat, lng, description, mile, sort_order) VALUES ('yough', 'Cucumber', 'III+', 39.862, -79.498, 'Long Class III+ with a tricky entrance move. Big waves and a pourover at the bottom.', NULL, 1);
INSERT INTO public.river_rapids (river_id, name, class, lat, lng, description, mile, sort_order) VALUES ('yough', 'Railroad', 'IV', 39.855, -79.5, 'One of the most famous rapids in the East. A long, complex Class IV with multiple channels and a powerful hydraulic at the bottom.', NULL, 2);
INSERT INTO public.river_rapids (river_id, name, class, lat, lng, description, mile, sort_order) VALUES ('yough', 'Dimple Rock', 'IV', 39.848, -79.503, 'Technical Class IV. A large boulder mid-river creates a powerful eddy line. Named for the dimple in the rock face.', NULL, 3);
INSERT INTO public.river_rapids (river_id, name, class, lat, lng, description, mile, sort_order) VALUES ('yough', 'Rivers End', 'III', 39.84, -79.508, 'Final rapid before Bruner Run take-out. Fun wave train, good finish.', NULL, 4);
INSERT INTO public.river_rapids (river_id, name, class, lat, lng, description, mile, sort_order) VALUES ('nantahala', 'Pattons Run', 'II+', 35.345, -83.572, 'Early rapid with fun waves. Good warm-up, introduces the Nantahala current.', NULL, 0);
INSERT INTO public.river_rapids (river_id, name, class, lat, lng, description, mile, sort_order) VALUES ('nantahala', 'Whirlpool', 'II', 35.33, -83.565, 'Strong eddy line creates a whirlpool effect on river right. Fun but not dangerous.', NULL, 1);
INSERT INTO public.river_rapids (river_id, name, class, lat, lng, description, mile, sort_order) VALUES ('nantahala', 'Nantahala Falls', 'III', 35.315, -83.558, 'The grand finale — a powerful Class III ledge drop right at the NOC take-out. Crowds gather on the rocks to watch. The defining rapid of the Nantahala.', NULL, 2);
INSERT INTO public.river_rapids (river_id, name, class, lat, lng, description, mile, sort_order) VALUES ('ocoee', 'Grumpy', 'III+', 35.075, -84.508, 'First named rapid on the Middle Ocoee. Big waves, strong current.', NULL, 0);
INSERT INTO public.river_rapids (river_id, name, class, lat, lng, description, mile, sort_order) VALUES ('ocoee', 'Double Suck', 'IV', 35.072, -84.498, 'Two powerful holes in succession. Flip potential for rafts — brace hard through both.', NULL, 1);
INSERT INTO public.river_rapids (river_id, name, class, lat, lng, description, mile, sort_order) VALUES ('ocoee', 'Table Saw', 'IV', 35.068, -84.488, 'Sharp ledge creates a river-wide hydraulic. One of the most powerful features on the Ocoee.', NULL, 2);
INSERT INTO public.river_rapids (river_id, name, class, lat, lng, description, mile, sort_order) VALUES ('ocoee', 'Diamond Splitter', 'III+', 35.062, -84.478, 'A large boulder splits the current into two channels. Pick your line.', NULL, 3);
INSERT INTO public.river_rapids (river_id, name, class, lat, lng, description, mile, sort_order) VALUES ('ocoee', 'Broken Nose', 'III+', 35.058, -84.468, 'Named for what happens if you miss the line. A powerful pour-over at the bottom.', NULL, 4);
INSERT INTO public.river_rapids (river_id, name, class, lat, lng, description, mile, sort_order) VALUES ('chattooga', 'Bull Sluice', 'IV', 34.92, -83.28, 'The most famous rapid on the Chattooga. A powerful Class IV drop visible from the road — scout from river left. Mandatory scout for first-timers.', NULL, 0);
INSERT INTO public.river_rapids (river_id, name, class, lat, lng, description, mile, sort_order) VALUES ('chattooga', 'Corkscrew', 'IV', 34.88, -83.305, 'First of the Five Falls sequence. A twisting drop through a narrow slot. Momentum is key.', NULL, 1);
INSERT INTO public.river_rapids (river_id, name, class, lat, lng, description, mile, sort_order) VALUES ('chattooga', 'Crack-in-the-Rock', 'IV', 34.875, -83.308, 'A narrow slot between boulders. Commit to the line — no room for error.', NULL, 2);
INSERT INTO public.river_rapids (river_id, name, class, lat, lng, description, mile, sort_order) VALUES ('chattooga', 'Jawbone', 'IV+', 34.87, -83.31, 'The crux of the Five Falls. A powerful, complex rapid with undercut rocks and a violent hydraulic. Scout carefully.', NULL, 3);
INSERT INTO public.river_rapids (river_id, name, class, lat, lng, description, mile, sort_order) VALUES ('chattooga', 'Sock-em-Dog', 'IV', 38.865, -83.312, 'Last of the Five Falls. A big, fast, powerful rapid. After surviving Jawbone, this feels like a victory lap.', NULL, 4);
INSERT INTO public.river_rapids (river_id, name, class, lat, lng, description, mile, sort_order) VALUES ('arkansas', 'The Numbers', 'IV-V', 38.85, -106.22, 'A series of named drops — Number 1 through Number 7 — each a distinct Class IV-V rapid. Expert only section above Browns Canyon.', NULL, 0);
INSERT INTO public.river_rapids (river_id, name, class, lat, lng, description, mile, sort_order) VALUES ('arkansas', 'Zoom Flume', 'III', 38.73, -105.98, 'The biggest rapid in Browns Canyon. A fun, fast Class III with big waves.', NULL, 1);
INSERT INTO public.river_rapids (river_id, name, class, lat, lng, description, mile, sort_order) VALUES ('arkansas', 'Seidels Suckhole', 'III+', 38.7, -105.95, 'A powerful hole in the center of the river. Run right to avoid.', NULL, 2);
INSERT INTO public.river_rapids (river_id, name, class, lat, lng, description, mile, sort_order) VALUES ('arkansas', 'Sunshine Falls', 'IV+', 38.58, -105.88, 'Royal Gorge highlight. A massive Class IV+ drop between 1,000-foot canyon walls.', NULL, 3);
INSERT INTO public.river_rapids (river_id, name, class, lat, lng, description, mile, sort_order) VALUES ('snake_wy', 'Kahuna', 'III+', 43.3, -110.88, 'Big wave train — the biggest feature in the canyon at most flows. Huge standing waves, great surfing.', NULL, 0);
INSERT INTO public.river_rapids (river_id, name, class, lat, lng, description, mile, sort_order) VALUES ('snake_wy', 'Lunch Counter', 'III', 43.28, -110.86, 'The most famous wave on the Snake. A massive standing wave that kayakers surf and rafters punch. Iconic.', NULL, 1);
INSERT INTO public.river_rapids (river_id, name, class, lat, lng, description, mile, sort_order) VALUES ('snake_wy', 'Rope', 'III', 43.32, -110.9, 'First significant rapid in the canyon. Fun wave train, sets the pace.', NULL, 2);
INSERT INTO public.river_rapids (river_id, name, class, lat, lng, description, mile, sort_order) VALUES ('snake_wy', 'Champagne', 'III', 43.27, -110.85, 'Bubbly, aerated whitewater — hence the name. Fun, fast Class III.', NULL, 3);
INSERT INTO public.river_rapids (river_id, name, class, lat, lng, description, mile, sort_order) VALUES ('american', 'Meatgrinder', 'III+', 38.78, -120.92, 'Early rapid on the Chili Bar section. A rocky entrance leads to a powerful wave train.', NULL, 0);
INSERT INTO public.river_rapids (river_id, name, class, lat, lng, description, mile, sort_order) VALUES ('american', 'Troublemaker', 'III', 38.77, -120.9, 'A large boulder creates two channels. Most rafters go right, kayakers play left.', NULL, 1);
INSERT INTO public.river_rapids (river_id, name, class, lat, lng, description, mile, sort_order) VALUES ('american', 'Satans Cesspool', 'III+', 38.75, -120.85, 'A recirculating hole below a ledge drop. The name is earned at higher flows.', NULL, 2);
INSERT INTO public.river_rapids (river_id, name, class, lat, lng, description, mile, sort_order) VALUES ('american', 'Tunnel Chute', 'IV', 38.73, -120.82, 'The marquee rapid of the Gorge section. The river funnels through a narrow slot in the bedrock — a fire hose of whitewater.', NULL, 3);
INSERT INTO public.river_rapids (river_id, name, class, lat, lng, description, mile, sort_order) VALUES ('grandcanyon', 'Badger Creek Rapid', 'III', 36.82, -111.65, 'First real rapid below Lees Ferry. Mile 8. Welcome to the Grand Canyon.', NULL, 0);
INSERT INTO public.river_rapids (river_id, name, class, lat, lng, description, mile, sort_order) VALUES ('grandcanyon', 'Hance Rapid', 'IV', 36.12, -111.97, 'Mile 77. The gateway to the Inner Gorge. A rocky, technical rapid that has flipped many a raft.', NULL, 1);
INSERT INTO public.river_rapids (river_id, name, class, lat, lng, description, mile, sort_order) VALUES ('grandcanyon', 'Horn Creek Rapid', 'IV', 36.09, -112.02, 'Mile 90. Two massive holes guard the center. A classic Grand Canyon big-water drop.', NULL, 2);
INSERT INTO public.river_rapids (river_id, name, class, lat, lng, description, mile, sort_order) VALUES ('grandcanyon', 'Hermit Rapid', 'IV', 36.08, -112.08, 'Mile 95. Five enormous standing waves in a row — the best wave train in the Grand Canyon.', NULL, 3);
INSERT INTO public.river_rapids (river_id, name, class, lat, lng, description, mile, sort_order) VALUES ('grandcanyon', 'Crystal Rapid', 'V', 36.05, -112.13, 'Mile 98. Created by a 1966 flash flood. A violent hole on the left, a rock garden on the right. Scout from the right.', NULL, 4);
INSERT INTO public.river_rapids (river_id, name, class, lat, lng, description, mile, sort_order) VALUES ('grandcanyon', 'Lava Falls', 'V', 36.2, -112.95, 'Mile 179. The most famous single rapid in North America. A 37-foot drop in 300 yards. The scout takes longer than the run. Commit to a line and hold on.', NULL, 5);
INSERT INTO public.river_rapids (river_id, name, class, lat, lng, description, mile, sort_order) VALUES ('salmon', 'Killum', 'IV', 45.25, -114.2, 'Early big rapid on the Main Salmon. A rocky, powerful Class IV that demands respect at any flow.', NULL, 0);
INSERT INTO public.river_rapids (river_id, name, class, lat, lng, description, mile, sort_order) VALUES ('salmon', 'Salmon Falls', 'IV', 45.3, -114.5, 'A significant ledge drop — one of the defining rapids of the Main Salmon.', NULL, 1);
INSERT INTO public.river_rapids (river_id, name, class, lat, lng, description, mile, sort_order) VALUES ('salmon', 'Chittam', 'III+', 45.35, -114.7, 'Fun, big wave train through a scenic stretch of the River of No Return.', NULL, 2);
INSERT INTO public.river_rapids (river_id, name, class, lat, lng, description, mile, sort_order) VALUES ('kennebec', 'Magic Falls', 'IV', 45.25, -69.88, 'The centerpiece of Maine''s Kennebec. A thundering Class IV drop on dam-release water — the biggest commercially rafted rapid in New England.', NULL, 0);
INSERT INTO public.river_rapids (river_id, name, class, lat, lng, description, mile, sort_order) VALUES ('kennebec', 'Whitewasher', 'III+', 45.23, -69.87, 'Powerful hydraulic below Magic Falls. The river compresses through a narrow channel.', NULL, 1);
INSERT INTO public.river_rapids (river_id, name, class, lat, lng, description, mile, sort_order) VALUES ('kennebec', 'Three Sisters', 'III', 45.2, -69.86, 'Three consecutive wave trains. Fun, fast, and a good finisher.', NULL, 2);
INSERT INTO public.river_rapids (river_id, name, class, lat, lng, description, mile, sort_order) VALUES ('hudson_gorge', 'Harris Rift', 'III+', 43.78, -74.12, 'First major rapid in the gorge. A long Class III+ that sets the tone for 17 miles of roadless wilderness.', NULL, 0);
INSERT INTO public.river_rapids (river_id, name, class, lat, lng, description, mile, sort_order) VALUES ('hudson_gorge', 'Blue Ledge', 'IV', 43.72, -74.05, 'The crux of the Hudson Gorge. A powerful, complex Class IV in the deepest part of the Adirondack gorge. No road access for miles in either direction.', NULL, 1);
INSERT INTO public.river_rapids (river_id, name, class, lat, lng, description, mile, sort_order) VALUES ('hudson_gorge', 'Ord Falls', 'IV', 43.7, -74.02, 'A steep, technical drop near the end of the gorge run. Scout from the right.', NULL, 2);
INSERT INTO public.river_rapids (river_id, name, class, lat, lng, description, mile, sort_order) VALUES ('russell_fork', 'El Horendo', 'V', 37.28, -82.28, 'The opening move of the Breaks Canyon. A violent Class V that puts you into the wall. The name says it all.', NULL, 0);
INSERT INTO public.river_rapids (river_id, name, class, lat, lng, description, mile, sort_order) VALUES ('russell_fork', 'Triple Drop', 'V', 37.27, -82.27, 'Three consecutive ledge drops with no recovery between them. The most committing sequence in the East.', NULL, 1);
INSERT INTO public.river_rapids (river_id, name, class, lat, lng, description, mile, sort_order) VALUES ('russell_fork', 'Tower Falls', 'V', 37.26, -82.26, 'A 12-foot waterfall drop with the canyon walls towering above. Spectacular and terrifying.', NULL, 2);
INSERT INTO public.river_rapids (river_id, name, class, lat, lng, description, mile, sort_order) VALUES ('russell_fork', 'Climax', 'IV+', 37.25, -82.25, 'The final major rapid in the Breaks. After Triple Drop and Tower Falls, this feels like a relief — but do not let your guard down.', NULL, 3);
INSERT INTO public.river_rapids (river_id, name, class, lat, lng, description, mile, sort_order) VALUES ('newriver', 'Upper Railroad', 'III+', 38.08, -81.1, 'First big rapid on the Lower New. Strong current, big waves.', NULL, 0);
INSERT INTO public.river_rapids (river_id, name, class, lat, lng, description, mile, sort_order) VALUES ('newriver', 'Upper Keeney', 'IV', 38.05, -81.08, 'The first of three Keeney brothers rapids. Technical, powerful, respected.', NULL, 1);
INSERT INTO public.river_rapids (river_id, name, class, lat, lng, description, mile, sort_order) VALUES ('newriver', 'Middle Keeney', 'IV', 38.04, -81.07, 'The hardest Keeney. A complex, powerful Class IV with multiple hazards.', NULL, 2);
INSERT INTO public.river_rapids (river_id, name, class, lat, lng, description, mile, sort_order) VALUES ('newriver', 'Lower Keeney', 'III+', 38.03, -81.06, 'The mellowst Keeney but still demanding. Big wave train finish.', NULL, 3);
INSERT INTO public.river_rapids (river_id, name, class, lat, lng, description, mile, sort_order) VALUES ('newriver', 'Fayette Station', 'III', 38.02, -81.05, 'Final rapid below the iconic New River Gorge Bridge. Look up.', NULL, 4);
INSERT INTO public.river_rapids (river_id, name, class, lat, lng, description, mile, sort_order) VALUES ('green_nc', 'Sunshine', 'V', 35.22, -82.33, 'Technical Class V with multiple moves required. One of the benchmark rapids in southeastern creek boating.', NULL, 0);
INSERT INTO public.river_rapids (river_id, name, class, lat, lng, description, mile, sort_order) VALUES ('green_nc', 'Chief', 'IV+', 35.21, -82.32, 'A powerful drop with a nasty hole on the left. Run right of center.', NULL, 1);
INSERT INTO public.river_rapids (river_id, name, class, lat, lng, description, mile, sort_order) VALUES ('green_nc', 'Gorilla', 'V+', 35.2, -82.31, 'The most famous single rapid in the eastern United States. A massive, violent, complex Class V+ drop. The annual Green Race finishes here. Portage is no shame.', NULL, 2);
INSERT INTO public.river_rapids (river_id, name, class, lat, lng, description, mile, sort_order) VALUES ('lochsa', 'Lochsa Falls', 'IV+', 46.38, -115.48, 'The biggest single drop on the Lochsa. A powerful ledge drop that pushes Class V at high water.', NULL, 0);
INSERT INTO public.river_rapids (river_id, name, class, lat, lng, description, mile, sort_order) VALUES ('lochsa', 'Grim Reaper', 'IV', 46.4, -115.52, 'Named for the large hole that recirculates at certain flows. Run center-left.', NULL, 1);
INSERT INTO public.river_rapids (river_id, name, class, lat, lng, description, mile, sort_order) VALUES ('lochsa', 'Bloody Mary', 'IV', 46.42, -115.55, 'A rocky, technical rapid in the heart of the continuous whitewater section.', NULL, 2);
INSERT INTO public.river_rapids (river_id, name, class, lat, lng, description, mile, sort_order) VALUES ('nolichucky', 'Quarter Mile', 'IV', 36.1, -82.52, 'The signature rapid of the Nolichucky Gorge — a quarter mile of continuous Class IV through the deepest gorge in the East.', NULL, 0);
INSERT INTO public.river_rapids (river_id, name, class, lat, lng, description, mile, sort_order) VALUES ('nolichucky', 'Roostertail', 'III+', 36.08, -82.5, 'A boulder creates a rooster-tail spray visible from upstream. Fun, fast run.', NULL, 1);
INSERT INTO public.river_rapids (river_id, name, class, lat, lng, description, mile, sort_order) VALUES ('nolichucky', 'On the Rocks', 'III', 36.06, -82.48, 'Rocky Class III in the heart of the gorge. Technical at lower flows.', NULL, 2);

-- ══ DONE ══
-- 374 rivers seeded